frame_number,capture_stage,inference_stage,tracking_stage,writing_stage
0,0.042571,0.017614,0.007032,0.045386
1,0.00887,0.015871,0.009271,0.013921
2,0.005376,0.013453,0.007874,0.012626
3,0.005649,0.014965,0.011558,0.009577
4,0.005326,0.013532,0.007442,0.02146
5,0.005414,0.012864,0.008286,0.017288
6,0.005349,0.013092,0.009657,0.010575
7,0.005608,0.012749,0.007491,0.015171
8,0.00536,0.012486,0.007803,0.015397
9,0.005854,0.012763,0.007995,0.017129
10,0.00538,0.012835,0.007867,0.018096
11,0.005451,0.012854,0.00832,0.014263
12,0.005405,0.012254,0.009687,0.011036
13,0.005382,0.01228,0.008245,0.015593
14,0.005375,0.012208,0.0088,0.010683
15,0.006607,0.01274,0.008992,0.015592
16,0.005421,0.013664,0.007286,0.017358
17,0.005941,0.013916,0.008236,0.011032
18,0.008439,0.013507,0.008369,0.014588
19,0.005646,0.014106,0.007482,0.013514
20,0.005473,0.012802,0.007944,0.01081
21,0.007078,0.013044,0.007396,0.010182
22,0.007394,0.012822,0.00765,0.012351
23,0.005433,0.013096,0.007607,0.011764
24,0.005366,0.012721,0.008389,0.012008
25,0.005336,0.01305,0.007925,0.013372
26,0.008613,0.012825,0.009882,0.011834
27,0.005595,0.01523,0.008129,0.009832
28,0.005915,0.013728,0.007997,0.011727
29,0.005483,0.014241,0.007558,0.011542
30,0.00566,0.01246,0.007621,0.010573
31,0.005396,0.013292,0.008702,0.010151
32,0.00545,0.013092,0.008005,0.009822
33,0.005389,0.012769,0.008858,0.009202
34,0.00552,0.012576,0.007992,0.0095
35,0.005548,0.013073,0.008152,0.009213
36,0.006005,0.012492,0.010928,0.014454
37,0.008769,0.012844,0.009133,0.012252
38,0.005782,0.013268,0.007754,0.012592
39,0.005518,0.012599,0.009374,0.010874
40,0.005528,0.012681,0.0077,0.010296
41,0.005485,0.014038,0.007706,0.011659
42,0.005308,0.013085,0.008008,0.012156
43,0.005484,0.013478,0.007988,0.009426
44,0.005455,0.012814,0.010761,0.012055
45,0.005376,0.012785,0.007447,0.013132
46,0.005376,0.013145,0.007607,0.011378
47,0.005696,0.014618,0.008948,0.009919
48,0.007398,0.014557,0.007641,0.013525
49,0.005416,0.013808,0.007178,0.010023
50,0.006405,0.013037,0.008813,0.011328
51,0.006224,0.013426,0.00731,0.008844
52,0.005738,0.013118,0.007746,0.013357
53,0.00539,0.013355,0.011137,0.009999
54,0.006027,0.013437,0.007795,0.013053
55,0.007793,0.013046,0.007733,0.010319
56,0.005395,0.013136,0.009798,0.011582
57,0.005471,0.013008,0.008375,0.010346
58,0.005565,0.013286,0.007452,0.01432
59,0.009729,0.014367,0.007237,0.013586
60,0.005882,0.013137,0.009035,0.013951
61,0.005287,0.01328,0.008738,0.009746
62,0.005387,0.01303,0.009625,0.008708
63,0.005499,0.013512,0.008025,0.008364
64,0.005497,0.013257,0.007475,0.008336
65,0.005609,0.012932,0.007225,0.010286
66,0.005455,0.012812,0.007662,0.008636
67,0.00549,0.013245,0.007577,0.008341
68,0.005363,0.012841,0.009752,0.008924
69,0.005346,0.013676,0.009854,0.00914
70,0.005433,0.012375,0.00849,0.010604
71,0.005586,0.012971,0.008425,0.009003
72,0.005416,0.012824,0.009071,0.013041
73,0.005549,0.012497,0.007836,0.008679
74,0.005752,0.013612,0.008716,0.008858
75,0.005744,0.012733,0.009271,0.008533
76,0.005431,0.015144,0.008722,0.010118
77,0.005503,0.014312,0.008937,0.009127
78,0.005725,0.017406,0.007602,0.00853
79,0.005396,0.015252,0.008602,0.008546
80,0.006044,0.014109,0.008672,0.008307
81,0.005566,0.013414,0.009377,0.009147
82,0.005549,0.013009,0.008957,0.011076
83,0.005336,0.013269,0.007883,0.008632
84,0.005411,0.016166,0.007113,0.012134
85,0.005392,0.013437,0.006934,0.011336
86,0.005482,0.014767,0.008948,0.009008
87,0.005468,0.012723,0.008008,0.008735
88,0.00552,0.01328,0.006838,0.009628
89,0.005408,0.013643,0.010057,0.009326
90,0.005853,0.014147,0.008474,0.00831
91,0.005409,0.013052,0.006928,0.009233
92,0.005493,0.012941,0.006849,0.009167
93,0.005423,0.013157,0.008211,0.009404
94,0.005401,0.01372,0.0099,0.008998
95,0.005436,0.013773,0.008369,0.008666
96,0.005336,0.013305,0.008838,0.010906
97,0.007117,0.01308,0.008603,0.009511
98,0.005427,0.012929,0.006913,0.008764
99,0.005375,0.013244,0.006783,0.009491
100,0.005364,0.013264,0.007221,0.008344
101,0.005432,0.012992,0.008114,0.009465
102,0.005415,0.012674,0.008724,0.009261
103,0.005438,0.013149,0.009418,0.011957
104,0.005433,0.012902,0.007339,0.009139
105,0.005379,0.013156,0.009123,0.010279
106,0.005363,0.012264,0.007683,0.009007
107,0.005406,0.012862,0.007048,0.009547
108,0.00539,0.012488,0.007287,0.010957
109,0.005363,0.012997,0.007444,0.00971
110,0.005378,0.013292,0.009189,0.009105
111,0.005403,0.017224,0.00749,0.009538
112,0.005395,0.012963,0.007488,0.008934
113,0.005383,0.013087,0.007463,0.009567
114,0.005365,0.012852,0.008104,0.010295
115,0.005386,0.012815,0.007146,0.013609
116,0.005421,0.015602,0.007922,0.009614
117,0.005445,0.01334,0.008347,0.009815
118,0.005369,0.015792,0.008724,0.00993
119,0.005496,0.013089,0.009151,0.011014
120,0.005531,0.012583,0.00801,0.010115
121,0.005377,0.01355,0.010416,0.010279
122,0.005412,0.01283,0.009451,0.01211
123,0.005536,0.012724,0.008808,0.011149
124,0.005417,0.016188,0.009267,0.010431
125,0.005516,0.014447,0.009323,0.011669
126,0.005576,0.0139,0.009961,0.011905
127,0.005383,0.013146,0.008928,0.013802
128,0.005536,0.014079,0.011036,0.013784
129,0.005475,0.013164,0.00761,0.015
130,0.00545,0.013723,0.007656,0.013071
131,0.005407,0.013121,0.009763,0.012283
132,0.005514,0.01331,0.008796,0.010371
133,0.005514,0.016724,0.009183,0.012004
134,0.005455,0.013034,0.009037,0.012047
135,0.005364,0.013027,0.008215,0.011615
136,0.005386,0.012695,0.008161,0.010992
137,0.005399,0.012655,0.007945,0.011216
138,0.005419,0.012886,0.008278,0.011582
139,0.005421,0.014014,0.00819,0.011905
140,0.005366,0.013168,0.008045,0.011506
141,0.006146,0.012414,0.007598,0.010276
142,0.00537,0.014002,0.00849,0.011605
143,0.005394,0.013097,0.007613,0.010903
144,0.005372,0.013901,0.007653,0.010444
145,0.006066,0.013374,0.007689,0.011122
146,0.005378,0.013722,0.007592,0.011841
147,0.005462,0.013128,0.007563,0.011013
148,0.005382,0.013873,0.007472,0.011301
149,0.005326,0.01349,0.008049,0.012086
150,0.005371,0.013384,0.008997,0.014453
151,0.005636,0.012559,0.008901,0.012367
152,0.00543,0.013953,0.009984,0.011151
153,0.005439,0.015964,0.008532,0.011444
154,0.005356,0.015008,0.007443,0.011253
155,0.005389,0.013326,0.009192,0.012146
156,0.005372,0.013135,0.007701,0.010645
157,0.005312,0.013057,0.007225,0.012196
158,0.005423,0.012564,0.009291,0.014631
159,0.006795,0.013744,0.009578,0.011356
160,0.005495,0.01326,0.00743,0.010906
161,0.005366,0.013332,0.008409,0.011251
162,0.005367,0.012739,0.008642,0.01199
163,0.006653,0.012897,0.007522,0.010873
164,0.006062,0.012358,0.008877,0.013213
165,0.006272,0.012583,0.009046,0.013785
166,0.005921,0.012723,0.007856,0.010124
167,0.005607,0.012938,0.008154,0.010298
168,0.006031,0.014701,0.008706,0.010408
169,0.005673,0.012408,0.008587,0.010858
170,0.008779,0.013713,0.008351,0.009407
171,0.005478,0.012899,0.00809,0.009672
172,0.00547,0.013207,0.011927,0.011285
173,0.005579,0.012756,0.009147,0.01029
174,0.005513,0.012935,0.007822,0.009579
175,0.005518,0.013751,0.009358,0.010415
176,0.005473,0.013279,0.007767,0.009333
177,0.005385,0.013008,0.008357,0.009634
178,0.005422,0.013334,0.00709,0.009256
179,0.007587,0.012639,0.007262,0.010022
180,0.005425,0.015773,0.007957,0.013554
181,0.005339,0.013097,0.007443,0.012714
182,0.005415,0.014193,0.00732,0.013649
183,0.005586,0.013477,0.007278,0.01302
184,0.010346,0.014075,0.00761,0.016788
185,0.0054,0.013422,0.006946,0.011052
186,0.005417,0.01389,0.00757,0.009283
187,0.005397,0.013419,0.007025,0.0118
188,0.005483,0.012493,0.007907,0.01006
189,0.006614,0.012641,0.008761,0.011391
190,0.005565,0.013637,0.007891,0.009581
191,0.005512,0.013758,0.00906,0.009823
192,0.005369,0.013062,0.009777,0.012135
193,0.005454,0.014784,0.008445,0.013602
194,0.005295,0.013087,0.008028,0.013869
195,0.005389,0.012863,0.015064,0.010033
196,0.005359,0.01293,0.009019,0.011829
197,0.005394,0.012735,0.008952,0.010462
198,0.005355,0.01269,0.008725,0.009849
199,0.005479,0.01355,0.008773,0.009968
200,0.005427,0.013192,0.008936,0.010918
201,0.005351,0.013026,0.009342,0.010957
202,0.005329,0.013319,0.009229,0.009907
203,0.005756,0.013506,0.009005,0.01019
204,0.005399,0.0131,0.008247,0.010722
205,0.005367,0.013204,0.007509,0.010245
206,0.006428,0.013105,0.007228,0.009395
207,0.005413,0.01285,0.007484,0.009292
208,0.005538,0.013393,0.007245,0.009519
209,0.005373,0.012587,0.008102,0.010141
210,0.005369,0.013212,0.009321,0.010478
211,0.00537,0.014927,0.007418,0.009115
212,0.005331,0.013628,0.007286,0.009421
213,0.005356,0.013303,0.007134,0.01052
214,0.005438,0.013929,0.007251,0.008869
215,0.005421,0.013268,0.007114,0.008685
216,0.005311,0.013201,0.007694,0.010571
217,0.005419,0.017624,0.00706,0.010548
218,0.005591,0.013945,0.007335,0.010262
219,0.005607,0.013937,0.007785,0.009925
220,0.005571,0.014164,0.00746,0.009782
221,0.005625,0.014252,0.007813,0.00998
222,0.005499,0.013631,0.00863,0.012549
223,0.00555,0.014117,0.00834,0.009932
224,0.00554,0.012962,0.007481,0.009857
225,0.00558,0.012887,0.00757,0.009912
226,0.00565,0.012853,0.007339,0.010233
227,0.005466,0.01299,0.007648,0.008988
228,0.005525,0.012816,0.008365,0.010525
229,0.005438,0.013066,0.007308,0.010968
230,0.005552,0.01316,0.008054,0.009327
231,0.00559,0.01256,0.008591,0.009957
232,0.005675,0.012757,0.007822,0.009809
233,0.005495,0.013101,0.007855,0.010375
234,0.005642,0.013825,0.007532,0.009253
235,0.005348,0.01267,0.007156,0.009364
236,0.005394,0.012675,0.009482,0.00963
237,0.005549,0.013083,0.007581,0.009013
238,0.00559,0.013004,0.00953,0.009492
239,0.005523,0.012713,0.008801,0.010666
240,0.005551,0.014041,0.009792,0.014674
241,0.005459,0.013526,0.007931,0.01022
242,0.005423,0.013728,0.007863,0.008997
243,0.005388,0.013181,0.008344,0.008912
244,0.005357,0.01528,0.008914,0.009079
245,0.005657,0.012526,0.008018,0.009398
246,0.005514,0.013428,0.007927,0.009347
247,0.005595,0.013697,0.007554,0.00895
248,0.005736,0.012964,0.007723,0.009387
249,0.010511,0.013665,0.007525,0.009676
250,0.005471,0.012869,0.008037,0.012475
251,0.005405,0.013356,0.00781,0.010173
252,0.005624,0.014241,0.007382,0.010325
253,0.005501,0.012802,0.007761,0.009787
254,0.005395,0.013159,0.007402,0.009108
255,0.005435,0.013023,0.007575,0.00996
256,0.005428,0.013121,0.008085,0.009721
257,0.007118,0.013081,0.007512,0.009579
258,0.005476,0.012969,0.007491,0.0101
259,0.005581,0.013374,0.008026,0.010412
260,0.005918,0.012852,0.007574,0.00937
261,0.005459,0.013063,0.007956,0.009076
262,0.005492,0.012845,0.008086,0.010505
263,0.010589,0.01271,0.007891,0.009659
264,0.005718,0.012795,0.008129,0.011706
265,0.005712,0.012897,0.007793,0.009912
266,0.005631,0.013168,0.008388,0.009646
267,0.005568,0.013483,0.008584,0.011187
268,0.005556,0.01202,0.007947,0.009147
269,0.005599,0.012515,0.008,0.009323
270,0.006098,0.012696,0.007787,0.010375
271,0.005383,0.012563,0.007589,0.010076
272,0.005387,0.013424,0.007657,0.009348
273,0.005459,0.013123,0.007673,0.009321
274,0.005591,0.012885,0.007729,0.010713
275,0.005378,0.012779,0.007653,0.010568
276,0.005476,0.013643,0.007552,0.011106
277,0.005387,0.01352,0.007723,0.010835
278,0.00553,0.013693,0.008314,0.010878
279,0.005403,0.013523,0.0082,0.010123
280,0.005378,0.014106,0.008366,0.009933
281,0.005365,0.012675,0.008281,0.00966
282,0.005982,0.012682,0.008607,0.009476
283,0.005401,0.013086,0.008323,0.011396
284,0.005366,0.012445,0.007578,0.00999
285,0.005355,0.013629,0.009135,0.009508
286,0.005475,0.012422,0.008933,0.010076
287,0.005392,0.012486,0.009208,0.010265
288,0.005408,0.012561,0.010595,0.011755
289,0.00539,0.012979,0.007457,0.010184
290,0.00539,0.013063,0.009143,0.010361
291,0.005351,0.012433,0.009887,0.010236
292,0.005443,0.012923,0.009423,0.009442
293,0.005313,0.013437,0.009653,0.009322
294,0.005339,0.012497,0.009604,0.009854
295,0.005353,0.012519,0.009052,0.009307
296,0.005338,0.016752,0.009201,0.009018
297,0.005329,0.01491,0.008907,0.009147
298,0.005353,0.012641,0.00876,0.009225
299,0.005435,0.012617,0.008642,0.009345
300,0.010055,0.013265,0.009219,0.01356
301,0.005347,0.013083,0.008114,0.009886
302,0.005417,0.013137,0.01002,0.012965
303,0.005467,0.016506,0.00792,0.009914
304,0.005523,0.0141,0.007983,0.009249
305,0.005335,0.017397,0.008843,0.009362
306,0.005376,0.013699,0.009794,0.016093
307,0.010346,0.013181,0.009671,0.012236
308,0.005707,0.013,0.008809,0.009457
309,0.005389,0.01542,0.00872,0.011195
310,0.005558,0.014018,0.008484,0.01479
311,0.005619,0.014604,0.008062,0.01497
312,0.005808,0.013435,0.00809,0.01028
313,0.005568,0.013382,0.00838,0.014557
314,0.010055,0.013086,0.007959,0.014097
315,0.005334,0.01377,0.008354,0.013746
316,0.005439,0.013656,0.008293,0.014373
317,0.005347,0.013098,0.008123,0.010207
318,0.005624,0.012752,0.008836,0.013013
319,0.005351,0.012837,0.008187,0.014959
320,0.005879,0.013068,0.008179,0.009113
321,0.00563,0.013505,0.008707,0.014252
322,0.006954,0.012702,0.00801,0.013046
323,0.005556,0.013077,0.008867,0.010692
324,0.005513,0.013472,0.008548,0.011139
325,0.005558,0.012803,0.008348,0.012841
326,0.005407,0.01374,0.008156,0.010793
327,0.005551,0.013365,0.00855,0.009924
328,0.005413,0.0132,0.008795,0.009893
329,0.005395,0.012933,0.009397,0.009637
330,0.005421,0.018548,0.008228,0.011015
331,0.005377,0.013501,0.008412,0.011216
332,0.005407,0.013066,0.010025,0.010828
333,0.006031,0.01301,0.010391,0.013448
334,0.011647,0.013511,0.008461,0.011575
335,0.005892,0.01263,0.008964,0.011447
336,0.008536,0.013647,0.00905,0.010642
337,0.005457,0.013538,0.008615,0.010109
338,0.005467,0.013978,0.008084,0.010269
339,0.005341,0.013115,0.008139,0.009276
340,0.005359,0.012992,0.008372,0.009397
341,0.005426,0.013153,0.009185,0.008723
342,0.005545,0.012946,0.00789,0.009876
343,0.005437,0.012809,0.008198,0.010627
344,0.005453,0.012665,0.007961,0.010404
345,0.005562,0.013375,0.007913,0.009342
346,0.005319,0.012698,0.008096,0.01282
347,0.00549,0.012819,0.009149,0.011069
348,0.009092,0.012444,0.008189,0.012266
349,0.005298,0.013289,0.008069,0.012028
350,0.005506,0.013795,0.008477,0.013338
351,0.005438,0.014198,0.009961,0.010162
352,0.005431,0.014784,0.009283,0.0127
353,0.005629,0.014765,0.008008,0.011629
354,0.005881,0.013609,0.008209,0.010478
355,0.005469,0.013616,0.008392,0.010699
356,0.00529,0.013301,0.008383,0.010862
357,0.005487,0.013886,0.009049,0.010691
358,0.00556,0.012848,0.008351,0.010791
359,0.005284,0.015161,0.008561,0.009482
360,0.005362,0.01514,0.00985,0.013649
361,0.005411,0.013011,0.008249,0.011726
362,0.005321,0.013714,0.008529,0.011205
363,0.005394,0.013841,0.008554,0.01017
364,0.005636,0.013596,0.008201,0.015416
365,0.005329,0.014227,0.008118,0.01057
366,0.005365,0.013888,0.00933,0.01051
367,0.005465,0.014881,0.009292,0.009207
368,0.005442,0.014503,0.007685,0.010463
369,0.005324,0.015075,0.007453,0.009512
370,0.00532,0.013494,0.007457,0.009754
371,0.005499,0.01267,0.008436,0.010298
372,0.005505,0.013705,0.007523,0.010798
373,0.005303,0.013281,0.007493,0.009406
374,0.005351,0.013255,0.00763,0.009361
375,0.005357,0.013204,0.007628,0.009834
376,0.005536,0.013332,0.007446,0.008919
377,0.005401,0.013099,0.007571,0.009515
378,0.005501,0.014433,0.010469,0.008291
379,0.005482,0.014129,0.007682,0.008198
380,0.005555,0.014068,0.00779,0.008353
381,0.005438,0.013307,0.007698,0.007872
382,0.005565,0.01257,0.007633,0.007765
383,0.005449,0.013052,0.007589,0.008004
384,0.00552,0.013015,0.007823,0.011703
385,0.005582,0.012988,0.007432,0.009108
386,0.005552,0.012547,0.008167,0.008109
387,0.005581,0.013331,0.007516,0.007996
388,0.005532,0.013032,0.007291,0.007711
389,0.005452,0.012552,0.007493,0.008189
390,0.005769,0.012599,0.008329,0.007788
391,0.005879,0.013155,0.007691,0.009576
392,0.005347,0.012809,0.007779,0.008146
393,0.005405,0.014033,0.007832,0.007801
394,0.005428,0.013435,0.007751,0.009438
395,0.00594,0.012545,0.007321,0.008354
396,0.00597,0.013131,0.007383,0.009973
397,0.00539,0.014594,0.00742,0.008706
398,0.005368,0.012854,0.007434,0.008481
399,0.006253,0.013045,0.007979,0.008806
400,0.00729,0.012841,0.008552,0.009337
401,0.005353,0.012615,0.007462,0.009325
402,0.006891,0.012726,0.00754,0.008787
403,0.005446,0.012578,0.007425,0.009915
404,0.005424,0.012485,0.007474,0.008591
405,0.005391,0.012711,0.007349,0.009399
406,0.005756,0.012504,0.007786,0.008483
407,0.005361,0.012652,0.008975,0.009049
408,0.005355,0.012135,0.0085,0.010127
409,0.005347,0.013793,0.007976,0.009118
410,0.005407,0.012562,0.008285,0.009174
411,0.005477,0.012712,0.007964,0.009085
412,0.005404,0.012803,0.00777,0.008357
413,0.005426,0.012639,0.007866,0.009148
414,0.005369,0.013031,0.01296,0.009548
415,0.00538,0.012051,0.007534,0.012324
416,0.005347,0.013134,0.007606,0.008987
417,0.005396,0.013893,0.007828,0.009872
418,0.005391,0.012664,0.007784,0.009472
419,0.005416,0.013658,0.007806,0.011464
420,0.005574,0.013679,0.007736,0.011249
421,0.00708,0.012976,0.013526,0.010908
422,0.005402,0.012502,0.00859,0.014625
423,0.005471,0.012529,0.007778,0.009838
424,0.005483,0.012763,0.008002,0.009878
425,0.005484,0.013064,0.008506,0.010832
426,0.005449,0.012701,0.008939,0.010206
427,0.005515,0.013364,0.008644,0.010921
428,0.005397,0.01269,0.010326,0.010648
429,0.005555,0.013319,0.008953,0.011211
430,0.005324,0.013982,0.009168,0.011557
431,0.005356,0.012889,0.008616,0.010479
432,0.005412,0.01322,0.009855,0.012681
433,0.005343,0.01294,0.007634,0.010647
434,0.005523,0.013409,0.008707,0.011396
435,0.0055,0.012866,0.006935,0.011371
436,0.005382,0.013634,0.009759,0.011274
437,0.007045,0.013186,0.00871,0.011949
438,0.005438,0.013273,0.008561,0.011835
439,0.005357,0.012917,0.008458,0.012667
440,0.005348,0.01293,0.008709,0.012264
441,0.005305,0.013464,0.007491,0.011038
442,0.005688,0.01333,0.007555,0.011191
443,0.005432,0.013719,0.008243,0.011785
444,0.005437,0.013229,0.007656,0.01014
445,0.005336,0.013218,0.007828,0.01031
446,0.005488,0.012755,0.007574,0.010633
447,0.00538,0.012988,0.007537,0.010616
448,0.005468,0.012908,0.008525,0.010657
449,0.005375,0.013026,0.007678,0.012236
450,0.00537,0.013392,0.00806,0.01228
451,0.007007,0.013454,0.007691,0.013349
452,0.005379,0.014286,0.008489,0.01123
453,0.005358,0.013305,0.00856,0.010636
454,0.005387,0.013064,0.007464,0.010853
455,0.005399,0.013145,0.00843,0.012804
456,0.006655,0.013522,0.009664,0.011081
457,0.005566,0.013944,0.008647,0.01206
458,0.005428,0.013533,0.008684,0.011691
459,0.005432,0.013473,0.007889,0.011383
460,0.005498,0.013386,0.007613,0.01168
461,0.005423,0.012893,0.007771,0.011462
462,0.005817,0.012999,0.007583,0.011474
463,0.005491,0.013249,0.007772,0.011931
464,0.005609,0.012799,0.008975,0.011923
465,0.005549,0.013195,0.007796,0.011462
466,0.005359,0.013054,0.008709,0.011296
467,0.008089,0.01337,0.008406,0.011088
468,0.005369,0.01297,0.008644,0.010166
469,0.005398,0.0129,0.008789,0.010252
470,0.005308,0.012548,0.008456,0.00988
471,0.005296,0.013013,0.008876,0.010176
472,0.005315,0.013236,0.008533,0.011105
473,0.005348,0.012837,0.008961,0.010115
474,0.005377,0.012742,0.009645,0.009753
475,0.00533,0.012988,0.009379,0.010385
476,0.005344,0.012888,0.00895,0.009985
477,0.005746,0.012853,0.009038,0.013367
478,0.0056,0.01269,0.007457,0.009071
479,0.005453,0.013473,0.008553,0.010029
480,0.005415,0.0128,0.008717,0.010079
481,0.005404,0.012766,0.008316,0.009565
482,0.005363,0.012923,0.00849,0.010345
483,0.008918,0.012862,0.008866,0.010772
484,0.005394,0.012882,0.007929,0.009095
485,0.005458,0.013406,0.008695,0.010262
486,0.00561,0.012375,0.008106,0.009938
487,0.005545,0.013616,0.007497,0.013182
488,0.005517,0.01328,0.007302,0.015813
489,0.005565,0.012841,0.007485,0.014402
490,0.010381,0.012775,0.008491,0.013981
491,0.006271,0.013089,0.007936,0.010242
492,0.005615,0.013284,0.007452,0.010849
493,0.005331,0.013023,0.007289,0.010429
494,0.005868,0.012691,0.007172,0.009382
495,0.005618,0.01311,0.007926,0.010278
496,0.010138,0.01309,0.007653,0.009659
497,0.006025,0.012918,0.008476,0.009597
498,0.006004,0.012817,0.008038,0.011148
499,0.007878,0.012852,0.008417,0.009885
500,0.005488,0.012619,0.007948,0.010685
501,0.005442,0.012936,0.008002,0.009557
502,0.005546,0.012739,0.007544,0.009564
503,0.005442,0.012827,0.007804,0.009772
504,0.009809,0.012898,0.008832,0.010498
505,0.005756,0.012654,0.00857,0.011083
506,0.005473,0.012718,0.007692,0.00974
507,0.007898,0.013249,0.008159,0.010353
508,0.006112,0.012977,0.008754,0.009732
509,0.005518,0.012873,0.008294,0.010917
510,0.005536,0.013422,0.007999,0.010812
511,0.005376,0.01349,0.007761,0.00992
512,0.008225,0.013207,0.007614,0.009706
513,0.005356,0.013532,0.007231,0.009626
514,0.005445,0.013384,0.007269,0.010538
515,0.005458,0.013102,0.007374,0.009345
516,0.005372,0.013173,0.007014,0.009854
517,0.005396,0.01287,0.007636,0.009479
518,0.005457,0.012785,0.007409,0.008406
519,0.005624,0.01322,0.007703,0.009906
520,0.005379,0.013089,0.007805,0.009385
521,0.00537,0.013088,0.007567,0.010068
522,0.005568,0.013006,0.00809,0.010637
523,0.007873,0.015803,0.007719,0.011652
524,0.005422,0.0139,0.007716,0.010714
525,0.005543,0.014598,0.007996,0.010275
526,0.005591,0.013412,0.009355,0.010244
527,0.005921,0.013415,0.00881,0.009857
528,0.005452,0.013385,0.007552,0.009907
529,0.00543,0.01303,0.007554,0.009667
530,0.005646,0.014245,0.007594,0.009887
531,0.006414,0.013156,0.007876,0.009306
532,0.005366,0.013024,0.008473,0.009583
533,0.005462,0.012973,0.009143,0.010707
534,0.009145,0.012702,0.008741,0.010429
535,0.006306,0.013246,0.008174,0.016876
536,0.006795,0.013573,0.008124,0.010124
537,0.005339,0.012653,0.008441,0.010485
538,0.009243,0.013376,0.008974,0.010228
539,0.00551,0.012775,0.008214,0.010219
540,0.005403,0.01288,0.007925,0.011237
541,0.005422,0.012891,0.009024,0.013332
542,0.005433,0.012343,0.00756,0.011381
543,0.005414,0.013062,0.007262,0.010681
544,0.005519,0.012596,0.007716,0.010312
545,0.005416,0.0143,0.009009,0.011951
546,0.005368,0.012802,0.008004,0.009964
547,0.005325,0.013021,0.008617,0.010619
548,0.005317,0.012825,0.008616,0.00883
549,0.005417,0.012926,0.009099,0.009804
550,0.005427,0.012964,0.008762,0.010381
551,0.005353,0.012625,0.008724,0.010261
552,0.005314,0.012695,0.009452,0.009785
553,0.005393,0.013195,0.00833,0.010404
554,0.005975,0.013174,0.008701,0.009805
555,0.005513,0.012786,0.009505,0.009929
556,0.005414,0.01285,0.008597,0.011941
557,0.005417,0.01318,0.007503,0.010168
558,0.005375,0.014126,0.007273,0.009326
559,0.005464,0.013519,0.007263,0.009735
560,0.005405,0.012736,0.007751,0.012316
561,0.005413,0.012806,0.007393,0.010582
562,0.005656,0.013987,0.007977,0.01042
563,0.005431,0.013034,0.00784,0.009979
564,0.005357,0.013101,0.007579,0.009985
565,0.00537,0.018959,0.00746,0.011757
566,0.005406,0.013179,0.008848,0.010108
567,0.005475,0.013077,0.009056,0.010259
568,0.005392,0.013386,0.010241,0.010353
569,0.00539,0.013019,0.008276,0.01025
570,0.005474,0.01344,0.00845,0.009207
571,0.005388,0.01585,0.008257,0.010052
572,0.005385,0.013977,0.0081,0.009295
573,0.005414,0.01366,0.00813,0.010251
574,0.005381,0.013513,0.007922,0.009162
575,0.005382,0.013361,0.008152,0.009116
576,0.005345,0.013415,0.007429,0.010018
577,0.005325,0.015777,0.007439,0.010495
578,0.005419,0.012918,0.007238,0.009621
579,0.007442,0.014226,0.007791,0.011261
580,0.005338,0.013132,0.007331,0.010736
581,0.006682,0.012946,0.007507,0.010033
582,0.005439,0.013124,0.007495,0.009817
583,0.005374,0.013156,0.007361,0.011486
584,0.005435,0.012768,0.007976,0.010652
585,0.00541,0.014471,0.008515,0.009863
586,0.005503,0.014011,0.008826,0.009274
587,0.005345,0.013013,0.007635,0.008988
588,0.005372,0.013045,0.008143,0.009965
589,0.00545,0.013099,0.008801,0.010388
590,0.005334,0.013035,0.007807,0.010856
591,0.00549,0.012947,0.007403,0.009606
592,0.005358,0.013135,0.007605,0.009537
593,0.005387,0.012927,0.007406,0.009759
594,0.005403,0.013002,0.007938,0.009377
595,0.005505,0.013128,0.008625,0.010495
596,0.005333,0.012757,0.007536,0.009599
597,0.0056,0.013014,0.008288,0.010481
598,0.005374,0.012825,0.009245,0.009734
599,0.005389,0.012991,0.008843,0.009561
600,0.005399,0.013049,0.009276,0.010395
601,0.005521,0.012658,0.007819,0.010405
602,0.005397,0.012931,0.008263,0.00938
603,0.006644,0.01278,0.008917,0.009657
604,0.005349,0.012889,0.007612,0.009711
605,0.00535,0.01437,0.008971,0.009378
606,0.005457,0.013318,0.010013,0.009835
607,0.005363,0.013324,0.008433,0.00853
608,0.005428,0.013596,0.008517,0.009107
609,0.005397,0.013274,0.008745,0.009504
610,0.005577,0.014707,0.008668,0.009053
611,0.00531,0.013077,0.009661,0.010291
612,0.005504,0.013221,0.010017,0.00816
613,0.00537,0.012967,0.010225,0.01167
614,0.005514,0.01267,0.008271,0.009619
615,0.005512,0.013017,0.010248,0.0102
616,0.005506,0.013981,0.011982,0.016402
617,0.005591,0.012397,0.008436,0.016023
618,0.005433,0.012266,0.008655,0.010297
619,0.005401,0.012881,0.008716,0.015844
620,0.005528,0.017062,0.008401,0.015927
621,0.005455,0.01216,0.009285,0.014452
622,0.005662,0.012795,0.009469,0.015949
623,0.005503,0.01308,0.009122,0.014925
624,0.005668,0.012758,0.010924,0.010756
625,0.005493,0.013411,0.009497,0.014399
626,0.006179,0.013025,0.009767,0.010315
627,0.006733,0.01331,0.009466,0.014698
628,0.005415,0.013265,0.008469,0.013482
629,0.005361,0.012292,0.008143,0.01112
630,0.005449,0.012279,0.007976,0.014624
631,0.005536,0.01295,0.008287,0.014254
632,0.006893,0.012559,0.008349,0.011321
633,0.006645,0.012309,0.01009,0.01518
634,0.005578,0.012928,0.008443,0.010623
635,0.005559,0.012543,0.008145,0.011012
636,0.005604,0.012766,0.008321,0.011172
637,0.005466,0.012716,0.008512,0.011991
638,0.010489,0.012595,0.009107,0.012314
639,0.005676,0.012666,0.008209,0.010089
640,0.00533,0.012859,0.008549,0.010867
641,0.005362,0.012903,0.009257,0.011487
642,0.005623,0.015621,0.008327,0.010206
643,0.005432,0.012686,0.008573,0.012467
644,0.005327,0.012578,0.008473,0.010928
645,0.009816,0.012917,0.007878,0.009559
646,0.005654,0.012872,0.007976,0.010152
647,0.005312,0.01275,0.007693,0.009677
648,0.005287,0.013044,0.008201,0.009793
649,0.005379,0.012558,0.0091,0.010177
650,0.005403,0.012263,0.010503,0.010891
651,0.005602,0.012982,0.00856,0.009206
652,0.007301,0.013121,0.009871,0.010977
653,0.005476,0.012297,0.008499,0.010584
654,0.005688,0.013199,0.009792,0.010321
655,0.005509,0.01289,0.010629,0.010079
656,0.006021,0.013215,0.009114,0.010524
657,0.005443,0.014003,0.008977,0.009507
658,0.005447,0.012959,0.009244,0.010587
659,0.008409,0.012829,0.008564,0.009351
660,0.006612,0.013155,0.0082,0.010633
661,0.005368,0.013009,0.008098,0.010723
662,0.005424,0.013202,0.008496,0.011019
663,0.00539,0.013093,0.008021,0.011287
664,0.005481,0.013525,0.008087,0.010528
665,0.005356,0.012868,0.008569,0.01011
666,0.005331,0.012612,0.008764,0.011273
667,0.005478,0.012961,0.009768,0.009898
668,0.005388,0.012921,0.008761,0.010968
669,0.00536,0.013059,0.008551,0.008985
670,0.005444,0.013201,0.008817,0.013676
671,0.005375,0.012935,0.008039,0.010751
672,0.006672,0.012899,0.008448,0.010035
673,0.006855,0.012883,0.008673,0.008949
674,0.005289,0.013949,0.007466,0.008123
675,0.006619,0.014311,0.007496,0.008978
676,0.005358,0.015222,0.007679,0.008831
677,0.006714,0.013058,0.007595,0.008182
678,0.006752,0.013134,0.00767,0.008425
679,0.006497,0.013058,0.008957,0.00884
680,0.005615,0.012452,0.007717,0.009538
681,0.005427,0.01301,0.008731,0.008009
682,0.005333,0.015949,0.008718,0.011242
683,0.00546,0.013733,0.009498,0.009922
684,0.00537,0.012409,0.008942,0.011451
685,0.005368,0.012538,0.007686,0.010891
686,0.005513,0.012967,0.00905,0.012246
687,0.005377,0.012407,0.007304,0.008671
688,0.005433,0.012852,0.008669,0.010522
689,0.005402,0.012466,0.009062,0.010502
690,0.005415,0.012877,0.008412,0.010058
691,0.005388,0.013054,0.008855,0.010334
692,0.005365,0.012742,0.008548,0.009817
693,0.005408,0.013982,0.008562,0.01135
694,0.00552,0.012577,0.00739,0.009467
695,0.005581,0.013009,0.00889,0.011658
696,0.006708,0.012438,0.007435,0.015214
697,0.005476,0.012678,0.007335,0.009016
698,0.005404,0.013165,0.009583,0.010306
699,0.005385,0.012455,0.008217,0.008287
700,0.005389,0.012629,0.009119,0.008434
701,0.005394,0.013077,0.009439,0.00876
702,0.010355,0.013276,0.008921,0.008694
703,0.005693,0.013147,0.009055,0.008608
704,0.005519,0.012657,0.009554,0.009578
705,0.005437,0.013994,0.01048,0.011678
706,0.005476,0.01235,0.007495,0.00886
707,0.005368,0.012556,0.00917,0.008624
708,0.005282,0.012475,0.008478,0.010188
709,0.005765,0.013459,0.008265,0.009821
710,0.009074,0.012933,0.007958,0.008531
711,0.005405,0.012771,0.008069,0.00927
712,0.006312,0.012932,0.007711,0.010292
713,0.00553,0.013352,0.00752,0.009899
714,0.005458,0.012799,0.007479,0.009861
715,0.005496,0.012683,0.008872,0.009461
716,0.005982,0.014478,0.008057,0.009807
717,0.005399,0.014725,0.007946,0.01394
718,0.005376,0.013937,0.008634,0.009275
719,0.005388,0.014042,0.007731,0.009998
720,0.005437,0.01285,0.007701,0.013394
721,0.005385,0.014411,0.007748,0.010134
722,0.00536,0.013831,0.007577,0.009211
723,0.00535,0.013319,0.007474,0.009204
724,0.005365,0.012716,0.00773,0.00936
725,0.005437,0.013169,0.007402,0.009787
726,0.005401,0.014772,0.007513,0.010373
727,0.005518,0.012891,0.00757,0.010366
728,0.007545,0.013325,0.007945,0.010569
729,0.005668,0.013239,0.009092,0.011239
730,0.005535,0.012596,0.008655,0.011691
731,0.009273,0.012921,0.007684,0.011215
732,0.006047,0.012898,0.008058,0.011463
733,0.005893,0.013401,0.008889,0.011518
734,0.005502,0.013121,0.008173,0.012888
735,0.00538,0.012796,0.007443,0.013225
736,0.005559,0.012946,0.00773,0.011472
737,0.00929,0.013767,0.007659,0.012512
738,0.005374,0.013248,0.008046,0.011369
739,0.005393,0.016489,0.008311,0.011516
740,0.00546,0.014666,0.010341,0.012098
741,0.005406,0.013475,0.008234,0.010993
742,0.005347,0.013507,0.009332,0.012391
743,0.00539,0.012629,0.007758,0.012783
744,0.005375,0.013677,0.010579,0.010955
745,0.005383,0.012171,0.008074,0.012137
746,0.005443,0.013077,0.009351,0.013444
747,0.005398,0.012825,0.007382,0.011421
748,0.005379,0.013143,0.008688,0.011607
749,0.005521,0.012704,0.009918,0.012319
750,0.006728,0.012375,0.007661,0.012052
751,0.005368,0.01342,0.008496,0.011146
752,0.005396,0.012686,0.008277,0.010646
753,0.005428,0.013114,0.008042,0.014118
754,0.00537,0.012843,0.008019,0.010696
755,0.005423,0.01322,0.00792,0.010674
756,0.005362,0.012986,0.007913,0.011317
757,0.006388,0.012992,0.007895,0.011382
758,0.005417,0.013158,0.007914,0.010634
759,0.008463,0.013143,0.007516,0.010394
760,0.005365,0.013018,0.008128,0.010936
761,0.005351,0.012888,0.008105,0.01348
762,0.005298,0.013786,0.008717,0.011157
763,0.005378,0.013152,0.00843,0.01145
764,0.005427,0.01308,0.007795,0.011256
765,0.005322,0.013289,0.007445,0.011112
766,0.005384,0.013097,0.007544,0.010632
767,0.005342,0.012708,0.007419,0.012212
768,0.005377,0.013114,0.007645,0.011575
769,0.005333,0.013372,0.00749,0.011927
770,0.005338,0.012724,0.007501,0.011995
771,0.005472,0.012572,0.007779,0.011516
772,0.005399,0.012728,0.007556,0.011016
773,0.005351,0.01271,0.007882,0.011585
774,0.00544,0.01289,0.007939,0.010962
775,0.007089,0.01267,0.007632,0.010536
776,0.007552,0.012725,0.007576,0.010448
777,0.007706,0.012627,0.007948,0.01046
778,0.00534,0.012693,0.008009,0.010025
779,0.007029,0.012902,0.008201,0.010147
780,0.005448,0.012465,0.009413,0.014821
781,0.005311,0.012684,0.007924,0.012825
782,0.005361,0.012616,0.008849,0.013908
783,0.005325,0.012882,0.007699,0.01097
784,0.005327,0.01294,0.007935,0.010398
785,0.005282,0.012447,0.008558,0.011771
786,0.005376,0.012565,0.007948,0.009842
787,0.005401,0.01289,0.007408,0.014955
788,0.005348,0.012637,0.007944,0.010128
789,0.006904,0.012974,0.00856,0.011478
790,0.006232,0.012502,0.007576,0.008978
791,0.00535,0.013068,0.007578,0.009916
792,0.005322,0.012612,0.007546,0.011113
793,0.005319,0.012819,0.007411,0.014441
794,0.005433,0.012589,0.007166,0.014439
795,0.005324,0.012744,0.00721,0.014673
796,0.005343,0.012823,0.007036,0.016131
797,0.005377,0.013147,0.007067,0.013383
798,0.00537,0.012996,0.00724,0.00988
799,0.005522,0.012972,0.007362,0.009641
800,0.005306,0.012745,0.007602,0.010146
801,0.005392,0.012606,0.008219,0.010405
802,0.005318,0.012475,0.007896,0.009894
803,0.00557,0.012879,0.008636,0.012804
804,0.005459,0.012987,0.008709,0.012638
805,0.005349,0.013608,0.007819,0.011834
806,0.005397,0.012945,0.008026,0.012102
807,0.005291,0.012707,0.009642,0.012453
808,0.006743,0.013369,0.007848,0.01327
809,0.00531,0.012872,0.009304,0.011666
810,0.005368,0.013879,0.010803,0.010956
811,0.005511,0.01848,0.009322,0.010778
812,0.005596,0.013177,0.009619,0.010124
813,0.005456,0.013099,0.0097,0.01
814,0.0054,0.01338,0.009097,0.010798
815,0.005467,0.013082,0.010873,0.010401
816,0.005437,0.012961,0.008311,0.011251
817,0.0054,0.013178,0.008231,0.011055
818,0.005408,0.015478,0.007772,0.00957
819,0.005482,0.015241,0.007559,0.009325
820,0.005338,0.012966,0.007217,0.009067
821,0.005464,0.012946,0.007917,0.009638
822,0.005375,0.013236,0.007695,0.0091
823,0.005628,0.013284,0.00721,0.008384
824,0.005656,0.013235,0.007258,0.009408
825,0.0054,0.012629,0.007626,0.009416
826,0.005392,0.014749,0.00708,0.009529
827,0.00675,0.015554,0.00729,0.009614
828,0.005414,0.014513,0.007791,0.009619
829,0.005401,0.013258,0.008184,0.012042
830,0.0055,0.012613,0.007877,0.009878
831,0.005382,0.014261,0.008109,0.009691
832,0.005477,0.01416,0.007767,0.009426
833,0.005379,0.013034,0.007664,0.009204
834,0.005539,0.013357,0.008609,0.010089
835,0.007972,0.012734,0.007741,0.008624
836,0.007969,0.013976,0.00757,0.010219
837,0.006907,0.012513,0.007062,0.009754
838,0.005371,0.013043,0.007343,0.009572
839,0.005358,0.012394,0.008332,0.010484
840,0.005414,0.012849,0.009313,0.010503
841,0.005364,0.01335,0.007852,0.011293
842,0.005423,0.01313,0.008112,0.010092
843,0.007032,0.012951,0.007672,0.010833
844,0.007631,0.013469,0.007946,0.009858
845,0.005446,0.01261,0.00776,0.010191
846,0.005523,0.012902,0.007791,0.010842
847,0.005334,0.013243,0.008624,0.011482
848,0.005476,0.013834,0.008228,0.010898
849,0.007036,0.013198,0.007392,0.009957
850,0.005445,0.014076,0.007493,0.009315
851,0.005384,0.012724,0.007877,0.008863
852,0.005624,0.012908,0.007446,0.010045
853,0.005457,0.013023,0.007297,0.009879
854,0.005418,0.013574,0.007369,0.009499
855,0.005516,0.014545,0.00775,0.008904
856,0.009368,0.014866,0.007918,0.009021
857,0.00545,0.012996,0.007854,0.009634
858,0.005688,0.012992,0.007749,0.0087
859,0.005422,0.013346,0.008154,0.00911
860,0.005418,0.013344,0.00766,0.009185
861,0.00574,0.015746,0.007896,0.012385
862,0.005505,0.012637,0.008708,0.012663
863,0.005368,0.013124,0.007608,0.011609
864,0.00567,0.012641,0.007835,0.011161
865,0.007351,0.012749,0.00755,0.011704
866,0.005436,0.012092,0.007943,0.012262
867,0.005496,0.012901,0.008022,0.011945
868,0.005554,0.012818,0.007998,0.010971
869,0.005541,0.012806,0.007836,0.010864
870,0.005428,0.013197,0.008589,0.012913
871,0.006982,0.014918,0.007874,0.010884
872,0.00577,0.013535,0.008238,0.01027
873,0.006577,0.01318,0.009852,0.010238
874,0.005825,0.012195,0.007598,0.009735
875,0.005403,0.013597,0.00785,0.009998
876,0.005432,0.013275,0.007981,0.010316
877,0.005373,0.013012,0.007862,0.011347
878,0.005386,0.01335,0.008758,0.010046
879,0.005371,0.012867,0.0079,0.008976
880,0.005352,0.012964,0.007741,0.009697
881,0.005412,0.012669,0.007882,0.009887
882,0.005581,0.012766,0.008498,0.009747
883,0.007718,0.012511,0.007683,0.009406
884,0.008753,0.013059,0.00816,0.009327
885,0.005506,0.012395,0.007951,0.010285
886,0.005514,0.0126,0.007705,0.009806
887,0.005436,0.013951,0.007462,0.010094
888,0.005457,0.013559,0.007701,0.010143
889,0.005481,0.013545,0.007779,0.011157
890,0.005362,0.013691,0.007806,0.0102
891,0.007917,0.013496,0.007873,0.010212
892,0.005472,0.013762,0.008105,0.009778
893,0.005545,0.013334,0.008896,0.009934
894,0.005431,0.013772,0.008445,0.009973
895,0.005338,0.013958,0.00894,0.010233
896,0.00534,0.013664,0.007876,0.009448
897,0.005441,0.013927,0.007521,0.009568
898,0.005334,0.013378,0.007667,0.010576
899,0.00537,0.012687,0.00821,0.010339
900,0.005414,0.012724,0.008739,0.010032
901,0.005437,0.013471,0.008153,0.011512
902,0.005367,0.01307,0.009035,0.012388
903,0.005456,0.013204,0.008777,0.009738
904,0.005356,0.013319,0.009939,0.010322
905,0.005387,0.012493,0.008213,0.009296
906,0.005344,0.012742,0.008701,0.009356
907,0.005375,0.013126,0.009114,0.009831
908,0.005399,0.012778,0.008571,0.009589
909,0.005372,0.01286,0.008444,0.009481
910,0.005472,0.013051,0.00818,0.009155
911,0.005332,0.01314,0.008012,0.009066
912,0.005322,0.012874,0.00856,0.009827
913,0.005427,0.013048,0.00819,0.010209
914,0.005329,0.013127,0.00826,0.009201
915,0.005397,0.012685,0.009435,0.011289
916,0.00537,0.012638,0.008077,0.009793
917,0.005314,0.013246,0.009472,0.009489
918,0.00647,0.012887,0.009867,0.01847
919,0.005391,0.012565,0.01022,0.012256
920,0.005358,0.012417,0.008979,0.009435
921,0.005427,0.012774,0.008888,0.009189
922,0.005445,0.012991,0.009089,0.015751
923,0.005376,0.012844,0.008852,0.01563
924,0.005377,0.012818,0.008482,0.010372
925,0.005406,0.015222,0.009379,0.014717
926,0.005453,0.013284,0.008238,0.014317
927,0.005454,0.014076,0.008246,0.013999
928,0.005383,0.013188,0.007928,0.014432
929,0.005522,0.013462,0.008043,0.00942
930,0.005355,0.014665,0.008344,0.012391
931,0.005424,0.013888,0.008247,0.013765
932,0.005396,0.014001,0.008254,0.009516
933,0.005396,0.015628,0.009096,0.015304
934,0.005468,0.015229,0.008022,0.01494
935,0.005373,0.014308,0.008142,0.011687
936,0.005429,0.014045,0.008634,0.015242
937,0.005548,0.012849,0.008146,0.014
938,0.005348,0.013748,0.008398,0.010949
939,0.005549,0.01383,0.009615,0.010537
940,0.005446,0.012939,0.009247,0.011144
941,0.005421,0.013658,0.008497,0.00963
942,0.005387,0.01348,0.008885,0.010774
943,0.005374,0.013031,0.009415,0.013428
944,0.005395,0.013282,0.008891,0.011941
945,0.0054,0.014045,0.009116,0.010117
946,0.005345,0.013307,0.008615,0.01064
947,0.005457,0.012816,0.00933,0.012287
948,0.005514,0.013075,0.008595,0.010701
949,0.005335,0.014217,0.009186,0.012064
950,0.005348,0.013231,0.008957,0.01134
951,0.00536,0.013554,0.010358,0.014396
952,0.005391,0.012427,0.008962,0.011421
953,0.00561,0.012227,0.008836,0.009107
954,0.005314,0.015945,0.00824,0.009936
955,0.00551,0.017038,0.008502,0.009766
956,0.005352,0.01361,0.008278,0.010789
957,0.00546,0.012776,0.008711,0.010246
958,0.005293,0.013492,0.008523,0.011012
959,0.005334,0.01298,0.009498,0.009796
960,0.00643,0.01258,0.009533,0.012216
961,0.005446,0.01288,0.008153,0.00974
962,0.005476,0.013345,0.008648,0.010515
963,0.005307,0.013885,0.00905,0.010934
964,0.005317,0.012775,0.009479,0.010787
965,0.005433,0.015626,0.009451,0.009663
966,0.005447,0.012892,0.009975,0.01058
967,0.005405,0.013168,0.010619,0.010205
968,0.005467,0.01264,0.008614,0.011227
969,0.007971,0.013475,0.009088,0.009825
970,0.005399,0.012913,0.009195,0.010838
971,0.005435,0.013405,0.009783,0.009496
972,0.005354,0.016806,0.008307,0.011952
973,0.005401,0.012821,0.008228,0.010417
974,0.005591,0.012936,0.008334,0.010362
975,0.005414,0.012707,0.008384,0.009168
976,0.010312,0.012732,0.008121,0.014151
977,0.005371,0.012861,0.007777,0.010481
978,0.005488,0.012926,0.007926,0.009149
979,0.00685,0.015539,0.007945,0.009161
980,0.005433,0.012724,0.007156,0.008344
981,0.005422,0.012696,0.007166,0.008578
982,0.005513,0.012839,0.007483,0.007882
983,0.00537,0.013029,0.008001,0.008927
984,0.006644,0.01287,0.007401,0.010235
985,0.005422,0.012726,0.007828,0.008403
986,0.00535,0.017564,0.007407,0.008266
987,0.005358,0.013076,0.007517,0.009727
988,0.005445,0.013077,0.007911,0.008581
989,0.005419,0.015579,0.007294,0.008422
990,0.005466,0.013039,0.007494,0.008289
991,0.005348,0.012939,0.0074,0.007888
992,0.005387,0.012952,0.007927,0.009445
993,0.005376,0.012344,0.009201,0.008382
994,0.005487,0.014538,0.007421,0.008398
995,0.00576,0.013144,0.00801,0.007895
996,0.00536,0.012842,0.008003,0.010634
997,0.005388,0.012766,0.007652,0.009673
998,0.005411,0.014053,0.007664,0.008932
999,0.005423,0.0129,0.008346,0.009018
1000,0.005507,0.013214,0.00783,0.0094
1001,0.005411,0.012927,0.007552,0.007989
1002,0.005461,0.013362,0.007522,0.008304
1003,0.005535,0.01258,0.008131,0.008781
1004,0.009851,0.012475,0.008144,0.008062
1005,0.005433,0.013628,0.008259,0.007997
1006,0.005481,0.013596,0.008151,0.009542
1007,0.005383,0.012496,0.008137,0.00859
1008,0.005431,0.01339,0.00795,0.010156
1009,0.005354,0.012742,0.007612,0.009024
1010,0.005341,0.013194,0.007594,0.009546
1011,0.005359,0.012996,0.00762,0.009209
1012,0.005463,0.012649,0.007597,0.00872
1013,0.005494,0.012909,0.008196,0.008788
1014,0.005391,0.013053,0.007326,0.013141
1015,0.005426,0.012404,0.007974,0.009915
1016,0.005308,0.012912,0.008528,0.009297
1017,0.005474,0.013991,0.007385,0.008844
1018,0.005409,0.015085,0.007806,0.009724
1019,0.00537,0.012924,0.007422,0.009496
1020,0.005462,0.012968,0.007377,0.010269
1021,0.005367,0.013023,0.007625,0.008676
1022,0.005324,0.013207,0.007548,0.009264
1023,0.005413,0.013324,0.00796,0.009582
1024,0.005414,0.012975,0.007544,0.008815
1025,0.005493,0.012911,0.007312,0.009589
1026,0.00539,0.013244,0.007505,0.007988
1027,0.005368,0.013022,0.007367,0.010324
1028,0.00545,0.012961,0.007559,0.01035
1029,0.005311,0.013621,0.007848,0.010083
1030,0.005446,0.013339,0.007588,0.009395
1031,0.005492,0.013329,0.007189,0.010545
1032,0.005668,0.012819,0.007955,0.010045
1033,0.00619,0.012926,0.007402,0.01006
1034,0.005369,0.012712,0.007731,0.009921
1035,0.005459,0.012762,0.00732,0.010142
1036,0.005481,0.012751,0.007759,0.010148
1037,0.005539,0.012783,0.008437,0.010823
1038,0.00547,0.012578,0.008723,0.010919
1039,0.00537,0.012977,0.009162,0.010909
1040,0.005442,0.012725,0.008214,0.010922
1041,0.005435,0.013077,0.007972,0.01133
1042,0.00534,0.013226,0.008053,0.010776
1043,0.008998,0.012935,0.009437,0.012021
1044,0.005358,0.012375,0.009482,0.010792
1045,0.005382,0.012561,0.008158,0.014975
1046,0.005436,0.012731,0.009076,0.011796
1047,0.005447,0.013433,0.008363,0.011937
1048,0.005541,0.013374,0.007332,0.012246
1049,0.005344,0.012633,0.007572,0.012073
1050,0.005372,0.01416,0.008777,0.013982
1051,0.007563,0.014389,0.007867,0.011594
1052,0.00536,0.014748,0.008254,0.012576
1053,0.005492,0.013161,0.007491,0.011302
1054,0.005352,0.013867,0.007529,0.010839
1055,0.010212,0.013731,0.008388,0.01211
1056,0.005682,0.013715,0.008225,0.011796
1057,0.00552,0.014764,0.007958,0.01077
1058,0.005966,0.013534,0.008343,0.01153
1059,0.005498,0.013066,0.008074,0.010993
1060,0.005406,0.013368,0.008418,0.011564
1061,0.005362,0.013038,0.008077,0.011455
1062,0.005357,0.012983,0.008113,0.010789
1063,0.005381,0.013355,0.007544,0.010743
1064,0.005387,0.012941,0.007555,0.010651
1065,0.005478,0.012803,0.007807,0.009902
1066,0.006786,0.01296,0.007992,0.010585
1067,0.00556,0.013117,0.00915,0.010731
1068,0.005424,0.012668,0.00902,0.010916
1069,0.005641,0.013042,0.007755,0.011357
1070,0.005574,0.012954,0.008707,0.012699
1071,0.005434,0.013149,0.009453,0.01151
1072,0.005353,0.013608,0.007899,0.011231
1073,0.005339,0.012986,0.007891,0.012291
1074,0.005379,0.013805,0.00752,0.013017
1075,0.0055,0.012686,0.007515,0.012772
1076,0.005512,0.012989,0.007301,0.01729
1077,0.005544,0.013215,0.007567,0.014258
1078,0.005605,0.012983,0.008512,0.011492
1079,0.005509,0.012461,0.007602,0.011121
1080,0.00537,0.013065,0.007691,0.010404
1081,0.005384,0.012952,0.007505,0.011749
1082,0.005404,0.012776,0.007918,0.010715
1083,0.005446,0.012788,0.00845,0.011727
1084,0.005383,0.012846,0.007599,0.014567
1085,0.005569,0.012817,0.008258,0.010443
1086,0.005413,0.013358,0.009077,0.010524
1087,0.005406,0.012642,0.008245,0.011967
1088,0.005365,0.01296,0.008085,0.012381
1089,0.005344,0.013376,0.008355,0.011079
1090,0.005382,0.014377,0.008378,0.011376
1091,0.005633,0.012716,0.009037,0.012194
1092,0.005621,0.013474,0.00798,0.010166
1093,0.005485,0.019874,0.007731,0.010192
1094,0.005392,0.013703,0.007918,0.010738
1095,0.007165,0.013302,0.008434,0.009469
1096,0.005412,0.013328,0.00751,0.008837
1097,0.005773,0.013297,0.007627,0.008977
1098,0.005471,0.013477,0.007634,0.009518
1099,0.005491,0.013569,0.008482,0.012703
1100,0.005435,0.013773,0.007476,0.013581
1101,0.005489,0.014254,0.007743,0.013038
1102,0.005541,0.013855,0.008361,0.014049
1103,0.010654,0.014133,0.008341,0.010511
1104,0.005439,0.014377,0.007427,0.009577
1105,0.006152,0.012936,0.007381,0.011076
1106,0.006932,0.014403,0.009314,0.011201
1107,0.005776,0.012559,0.008937,0.011112
1108,0.005505,0.012693,0.008168,0.010847
1109,0.005364,0.012186,0.009399,0.010497
1110,0.005494,0.013274,0.010151,0.012831
1111,0.005416,0.013057,0.008831,0.011869
1112,0.005398,0.012941,0.008134,0.010864
1113,0.005354,0.012964,0.010578,0.012156
1114,0.005401,0.012446,0.009655,0.011685
1115,0.005385,0.013927,0.007923,0.010546
1116,0.005366,0.012735,0.008209,0.015018
1117,0.00745,0.012736,0.008976,0.012009
1118,0.005453,0.01493,0.009903,0.012056
1119,0.005435,0.012595,0.009479,0.014232
1120,0.005378,0.013208,0.009037,0.010645
1121,0.005314,0.013059,0.008376,0.009677
1122,0.005415,0.012851,0.008028,0.010144
1123,0.005425,0.0127,0.007591,0.009473
1124,0.005385,0.012704,0.007555,0.009267
1125,0.00542,0.012595,0.007478,0.009437
1126,0.005414,0.012552,0.007582,0.010412
1127,0.005343,0.012853,0.007539,0.009946
1128,0.005441,0.013988,0.00771,0.010294
1129,0.005456,0.013966,0.007233,0.0105
1130,0.005592,0.012688,0.007712,0.009278
1131,0.005515,0.012658,0.007484,0.009587
1132,0.005343,0.012697,0.007435,0.009084
1133,0.005354,0.012526,0.008011,0.009057
1134,0.005569,0.013059,0.008111,0.014702
1135,0.005406,0.012754,0.007606,0.010208
1136,0.005363,0.013283,0.00811,0.009593
1137,0.005392,0.012877,0.008938,0.009447
1138,0.005509,0.012667,0.008007,0.009823
1139,0.005354,0.012395,0.008252,0.010832
1140,0.005327,0.01265,0.009192,0.01277
1141,0.005304,0.01252,0.007628,0.011034
1142,0.005444,0.012657,0.008105,0.011691
1143,0.005385,0.013045,0.008914,0.013346
1144,0.005372,0.013011,0.007872,0.009885
1145,0.005353,0.012851,0.00787,0.010441
1146,0.005347,0.013861,0.007907,0.009602
1147,0.005469,0.013594,0.00778,0.009922
1148,0.005386,0.012826,0.008175,0.014423
1149,0.005452,0.012804,0.008483,0.009672
1150,0.005386,0.014265,0.008979,0.01057
1151,0.005381,0.012676,0.008044,0.009594
1152,0.00542,0.013412,0.007816,0.010083
1153,0.005371,0.012597,0.008434,0.011506
1154,0.005437,0.012904,0.007837,0.010298
1155,0.005427,0.01416,0.007982,0.009872
1156,0.005472,0.013436,0.007993,0.010984
1157,0.005407,0.017394,0.008082,0.009305
1158,0.005323,0.013486,0.008558,0.010043
1159,0.005363,0.012958,0.007828,0.009188
1160,0.005402,0.013041,0.008071,0.00927
1161,0.005371,0.013086,0.00769,0.008722
1162,0.005359,0.013275,0.008676,0.009886
1163,0.005397,0.013267,0.013553,0.010185
1164,0.005361,0.012309,0.008127,0.010194
1165,0.008902,0.012834,0.007512,0.010649
1166,0.007016,0.014202,0.008358,0.010732
1167,0.005365,0.014085,0.010184,0.010176
1168,0.005366,0.016081,0.00941,0.012287
1169,0.005381,0.013174,0.00734,0.010281
1170,0.005444,0.013003,0.007811,0.010751
1171,0.005366,0.012809,0.007847,0.009737
1172,0.005377,0.013004,0.007632,0.010588
1173,0.005503,0.013018,0.007656,0.010749
1174,0.005453,0.012694,0.007923,0.011129
1175,0.005403,0.013303,0.007695,0.010321
1176,0.005409,0.012955,0.007753,0.010118
1177,0.005428,0.013082,0.008299,0.014032
1178,0.005313,0.013019,0.007788,0.010588
1179,0.005309,0.012264,0.007582,0.010302
1180,0.005385,0.013321,0.008223,0.010154
1181,0.008592,0.012719,0.007476,0.012037
1182,0.011232,0.012806,0.007535,0.009102
1183,0.00564,0.012618,0.007856,0.009368
1184,0.005448,0.012723,0.008085,0.014522
1185,0.005408,0.013523,0.007439,0.010289
1186,0.008015,0.015565,0.007843,0.009406
1187,0.005382,0.013274,0.007473,0.008902
1188,0.005432,0.01514,0.007498,0.010073
1189,0.008357,0.012968,0.007536,0.011341
1190,0.005369,0.015221,0.007265,0.009434
1191,0.007179,0.012843,0.007624,0.012407
1192,0.00546,0.012864,0.007821,0.009997
1193,0.00536,0.013057,0.007395,0.010429
1194,0.005393,0.015056,0.007733,0.009116
1195,0.005377,0.01287,0.007694,0.00946
1196,0.006732,0.014745,0.008431,0.009842
1197,0.005441,0.013188,0.008306,0.010764
1198,0.005485,0.013757,0.008732,0.009702
1199,0.005412,0.020823,0.008039,0.013001
1200,0.005383,0.013865,0.009156,0.010884
1201,0.005519,0.012977,0.00743,0.01101
1202,0.005458,0.012861,0.008722,0.009682
1203,0.005426,0.014325,0.008955,0.00932
1204,0.005402,0.013849,0.008327,0.009935
1205,0.005507,0.013298,0.010217,0.010689
1206,0.005504,0.013103,0.008833,0.0108
1207,0.00552,0.013141,0.008008,0.010574
1208,0.005407,0.012916,0.008216,0.010757
1209,0.005512,0.013242,0.010094,0.010315
1210,0.005315,0.013152,0.008657,0.009846
1211,0.005303,0.01321,0.008827,0.010182
1212,0.005325,0.01286,0.008669,0.012262
1213,0.005397,0.013335,0.008171,0.010552
1214,0.005391,0.013132,0.008643,0.011201
1215,0.005372,0.012605,0.008319,0.010184
1216,0.005384,0.013376,0.007642,0.010084
1217,0.005466,0.012971,0.007922,0.00924
1218,0.005377,0.012746,0.008209,0.009348
1219,0.005435,0.012935,0.007921,0.012587
1220,0.005341,0.018938,0.008609,0.011418
1221,0.005806,0.012412,0.007593,0.011415
1222,0.005522,0.012957,0.007541,0.009176
1223,0.005437,0.013127,0.009301,0.009301
1224,0.00903,0.012969,0.010711,0.008092
1225,0.005367,0.013069,0.011238,0.011508
1226,0.005331,0.014959,0.009543,0.009299
1227,0.005535,0.01329,0.009178,0.009104
1228,0.005431,0.012451,0.009237,0.014883
1229,0.005406,0.013133,0.008616,0.015743
1230,0.005685,0.01394,0.008478,0.009376
1231,0.005545,0.014771,0.00898,0.016404
1232,0.005383,0.013334,0.008361,0.016515
1233,0.005333,0.017221,0.008615,0.014537
1234,0.005333,0.014162,0.008265,0.014776
1235,0.005485,0.014443,0.008572,0.011217
1236,0.006652,0.014037,0.008538,0.010601
1237,0.005314,0.016307,0.008591,0.013808
1238,0.009539,0.013656,0.00838,0.009741
1239,0.005369,0.014289,0.009306,0.014781
1240,0.005727,0.013528,0.008327,0.013349
1241,0.005576,0.01419,0.008618,0.011219
1242,0.005439,0.013457,0.008536,0.014394
1243,0.005474,0.013205,0.008454,0.013248
1244,0.008488,0.013372,0.008002,0.010347
1245,0.005376,0.012899,0.008416,0.01202
1246,0.006057,0.012778,0.008626,0.01064
1247,0.005322,0.013877,0.009307,0.011847
1248,0.00531,0.01281,0.008291,0.010959
1249,0.00545,0.013482,0.008407,0.011477
1250,0.005377,0.012839,0.008665,0.011665
1251,0.005682,0.013199,0.009445,0.010335
1252,0.005378,0.01297,0.008523,0.01236
1253,0.005364,0.013198,0.009384,0.012405
1254,0.005316,0.014571,0.00839,0.011038
1255,0.005389,0.014026,0.008224,0.009271
1256,0.005342,0.013697,0.008494,0.011025
1257,0.005375,0.013492,0.008738,0.009622
1258,0.005842,0.012803,0.008728,0.010919
1259,0.005361,0.01291,0.009567,0.011697
1260,0.005453,0.012778,0.008755,0.01092
1261,0.005438,0.014357,0.008221,0.010319
1262,0.005461,0.014013,0.008077,0.010451
1263,0.005417,0.013521,0.008039,0.009354
1264,0.008005,0.014078,0.008388,0.010216
1265,0.005692,0.013618,0.009232,0.009514
1266,0.005691,0.01395,0.008245,0.010129
1267,0.005397,0.013555,0.00816,0.008557
1268,0.005439,0.015726,0.008384,0.009859
1269,0.005332,0.013367,0.009009,0.011465
1270,0.005554,0.013192,0.008434,0.012107
1271,0.005442,0.013063,0.008209,0.009744
1272,0.005725,0.013171,0.008413,0.010068
1273,0.005381,0.012968,0.009062,0.011292
1274,0.005394,0.012636,0.008632,0.011482
1275,0.005389,0.013881,0.009268,0.010843
1276,0.005375,0.012597,0.008469,0.010627
1277,0.005442,0.012909,0.008784,0.009851
1278,0.005371,0.012253,0.009835,0.011463
1279,0.005466,0.012837,0.008852,0.009714
1280,0.005506,0.013147,0.008828,0.011411
1281,0.005443,0.012475,0.009064,0.010351
1282,0.00538,0.013071,0.008546,0.014292
1283,0.005507,0.013873,0.008402,0.010614
1284,0.005435,0.012936,0.009471,0.011456
1285,0.005317,0.012876,0.010817,0.010865
1286,0.009057,0.012604,0.007891,0.009903
1287,0.005428,0.013488,0.007993,0.009526
1288,0.005359,0.013479,0.007635,0.010617
1289,0.005335,0.015929,0.008705,0.008779
1290,0.005343,0.014565,0.009103,0.008631
1291,0.005412,0.01461,0.009032,0.008862
1292,0.005361,0.015508,0.008849,0.00899
1293,0.005403,0.013493,0.009252,0.009587
1294,0.005479,0.015423,0.009081,0.009489
1295,0.005359,0.01297,0.00912,0.010471
1296,0.005411,0.012917,0.010617,0.012719
1297,0.005457,0.012505,0.007589,0.008857
1298,0.005405,0.01262,0.008008,0.008404
1299,0.005557,0.013374,0.00801,0.009297
1300,0.005574,0.012549,0.00806,0.008592
1301,0.005474,0.013362,0.008085,0.009498
1302,0.005447,0.012784,0.013205,0.00891
1303,0.00537,0.012265,0.008634,0.009454
1304,0.005377,0.013031,0.008026,0.008421
1305,0.005408,0.013145,0.008202,0.008749
1306,0.005473,0.012754,0.00809,0.008007
1307,0.00544,0.012532,0.008665,0.008352
1308,0.00536,0.012837,0.007811,0.010863
1309,0.005309,0.01279,0.007691,0.009369
1310,0.005469,0.012772,0.00798,0.008267
1311,0.0054,0.012669,0.007679,0.008392
1312,0.005364,0.013076,0.00802,0.007905
1313,0.005326,0.012912,0.007759,0.00818
1314,0.005422,0.012773,0.008081,0.008168
1315,0.005496,0.013064,0.008375,0.008838
1316,0.005381,0.012839,0.008431,0.008558
1317,0.005361,0.013086,0.010507,0.009868
1318,0.005403,0.012484,0.011285,0.010429
1319,0.005374,0.012986,0.007593,0.010941
1320,0.00535,0.013156,0.008986,0.013867
1321,0.005379,0.012447,0.00781,0.013104
1322,0.005428,0.013223,0.007496,0.009616
1323,0.005428,0.01284,0.007913,0.009005
1324,0.005338,0.012735,0.0081,0.012267
1325,0.005482,0.012884,0.008566,0.010065
1326,0.005438,0.012829,0.007482,0.00984
1327,0.005417,0.013845,0.007573,0.009686
1328,0.005358,0.013179,0.007619,0.01027
1329,0.005439,0.01274,0.007517,0.010856
1330,0.005388,0.012847,0.007368,0.010597
1331,0.00655,0.012989,0.0072,0.00896
1332,0.005616,0.015851,0.007478,0.010542
1333,0.005459,0.014136,0.007334,0.013076
1334,0.005386,0.013946,0.007122,0.009284
1335,0.0056,0.013282,0.007616,0.011374
1336,0.005648,0.012649,0.007641,0.008737
1337,0.005381,0.013456,0.007515,0.008778
1338,0.005378,0.013,0.008194,0.009413
1339,0.005591,0.012689,0.008829,0.009097
1340,0.005437,0.014609,0.008662,0.010093
1341,0.00576,0.012758,0.009024,0.010355
1342,0.005409,0.012906,0.008641,0.012077
1343,0.005488,0.013318,0.008906,0.011969
1344,0.005432,0.013037,0.008172,0.01
1345,0.005439,0.013498,0.009006,0.01216
1346,0.005298,0.013095,0.010681,0.01095
1347,0.0054,0.013784,0.00834,0.011348
1348,0.005358,0.013285,0.007532,0.013579
1349,0.005478,0.012851,0.008013,0.012065
1350,0.005454,0.012565,0.00834,0.012277
1351,0.005399,0.01341,0.007816,0.011338
1352,0.005453,0.012997,0.007541,0.013503
1353,0.005394,0.012834,0.007751,0.01208
1354,0.005492,0.01324,0.007414,0.011041
1355,0.005313,0.012806,0.007964,0.011882
1356,0.005412,0.012743,0.012186,0.010385
1357,0.005451,0.012913,0.008817,0.012273
1358,0.005562,0.012903,0.008786,0.014516
1359,0.005662,0.012804,0.00823,0.012217
1360,0.005296,0.012364,0.007778,0.013245
1361,0.005318,0.013155,0.007998,0.011772
1362,0.005362,0.012768,0.007872,0.013826
1363,0.005385,0.01297,0.007681,0.010292
1364,0.005327,0.012898,0.007437,0.013622
1365,0.005478,0.012032,0.007618,0.011424
1366,0.005478,0.012145,0.007884,0.010856
1367,0.005412,0.012602,0.016174,0.010698
1368,0.005332,0.012175,0.008511,0.010601
1369,0.005369,0.012491,0.007558,0.011074
1370,0.005318,0.01344,0.008267,0.010803
1371,0.005351,0.013024,0.008012,0.011558
1372,0.005414,0.012876,0.008257,0.0121
1373,0.005333,0.013589,0.010867,0.011286
1374,0.005427,0.013096,0.009886,0.01035
1375,0.005328,0.016819,0.008319,0.013582
1376,0.005374,0.012863,0.009312,0.0148
1377,0.005308,0.012475,0.009749,0.012618
1378,0.005402,0.014328,0.008012,0.010993
1379,0.005486,0.013803,0.008318,0.011443
1380,0.005427,0.015372,0.008394,0.010254
1381,0.005535,0.013106,0.007547,0.01274
1382,0.005408,0.014842,0.007837,0.015272
1383,0.005556,0.012709,0.007621,0.012013
1384,0.005396,0.012257,0.007475,0.013809
1385,0.005837,0.0126,0.007943,0.011868
1386,0.010885,0.012663,0.007784,0.010746
1387,0.00805,0.012922,0.007748,0.010289
1388,0.006126,0.012802,0.007893,0.010442
1389,0.006554,0.017925,0.007867,0.010506
1390,0.009045,0.01286,0.007576,0.011145
1391,0.005444,0.012622,0.007974,0.010316
1392,0.005655,0.013315,0.008675,0.010507
1393,0.005327,0.013247,0.008224,0.011729
1394,0.005279,0.012775,0.008023,0.01545
1395,0.005376,0.012699,0.00801,0.010017
1396,0.007457,0.013114,0.007693,0.012426
1397,0.005457,0.0125,0.007275,0.010341
1398,0.005358,0.013781,0.007221,0.009495
1399,0.005341,0.013593,0.007311,0.009473
1400,0.005417,0.013517,0.007231,0.009651
1401,0.005438,0.013903,0.007747,0.011533
1402,0.005292,0.013554,0.007608,0.009452
1403,0.005409,0.013751,0.007565,0.011513
1404,0.005467,0.01282,0.007627,0.011589
1405,0.005399,0.013581,0.007517,0.014641
1406,0.005414,0.014278,0.007956,0.014029
1407,0.005355,0.013879,0.007337,0.014496
1408,0.005315,0.013701,0.00781,0.013687
1409,0.005389,0.013403,0.008026,0.011168
1410,0.005407,0.013763,0.007965,0.009901
1411,0.00546,0.01315,0.008154,0.009943
1412,0.005517,0.013105,0.008482,0.010123
1413,0.005455,0.012741,0.009191,0.01171
1414,0.005313,0.012425,0.008132,0.009841
1415,0.005515,0.013246,0.009324,0.009687
1416,0.005336,0.012757,0.008788,0.010287
1417,0.005376,0.013055,0.009641,0.010578
1418,0.005335,0.013208,0.008106,0.010542
1419,0.008546,0.012894,0.008669,0.011382
1420,0.007031,0.012673,0.008187,0.009761
1421,0.005504,0.013212,0.008705,0.009918
1422,0.005367,0.012531,0.009838,0.009917
1423,0.005595,0.012418,0.009648,0.010688
1424,0.005279,0.012627,0.008773,0.01015
1425,0.005344,0.012867,0.008814,0.010628
1426,0.00606,0.013083,0.009046,0.011945
1427,0.007711,0.012497,0.008171,0.010077
1428,0.005496,0.014054,0.007907,0.01295
1429,0.007385,0.013301,0.007583,0.010491
1430,0.005397,0.013576,0.008096,0.01058
1431,0.005426,0.01326,0.007883,0.009641
1432,0.006167,0.013018,0.00798,0.00913
1433,0.005406,0.012779,0.007697,0.010277
1434,0.005472,0.013198,0.007361,0.009845
1435,0.005405,0.012924,0.008562,0.010691
1436,0.010219,0.013257,0.008142,0.010018
1437,0.00606,0.013774,0.007613,0.009446
1438,0.005447,0.013129,0.007485,0.011444
1439,0.005556,0.01321,0.00719,0.010038
1440,0.005497,0.013507,0.007505,0.010833
1441,0.005463,0.01281,0.007617,0.015121
1442,0.005489,0.012766,0.007143,0.01178
1443,0.006524,0.013039,0.007939,0.012332
1444,0.006986,0.012817,0.008743,0.010864
1445,0.005559,0.013376,0.008624,0.012245
1446,0.005431,0.012657,0.0128,0.010837
1447,0.005388,0.012682,0.008298,0.012086
1448,0.005617,0.0128,0.008008,0.010415
1449,0.005633,0.01341,0.007942,0.010464
1450,0.005393,0.012818,0.008035,0.009655
1451,0.005453,0.01253,0.009288,0.013072
1452,0.00541,0.01256,0.009693,0.010519
1453,0.005354,0.013641,0.008397,0.010809
1454,0.005395,0.013524,0.007979,0.009681
1455,0.005372,0.013789,0.008092,0.010915
1456,0.005327,0.01285,0.008494,0.009494
1457,0.005449,0.013377,0.008303,0.011049
1458,0.005376,0.012702,0.008155,0.009515
1459,0.005392,0.013665,0.00778,0.009771
1460,0.005404,0.014252,0.007453,0.010365
1461,0.005308,0.016327,0.007302,0.013694
1462,0.005368,0.013071,0.007714,0.009649
1463,0.005387,0.012771,0.007995,0.009941
1464,0.005429,0.012364,0.007939,0.010154
1465,0.005395,0.012915,0.007923,0.010178
1466,0.006686,0.012768,0.007832,0.00912
1467,0.005539,0.013282,0.008152,0.011036
1468,0.005429,0.013532,0.007664,0.009585
1469,0.00534,0.013683,0.007911,0.009144
1470,0.005391,0.013628,0.00799,0.008933
1471,0.005441,0.012755,0.007624,0.009624
1472,0.009801,0.01269,0.008161,0.011932
1473,0.005463,0.012661,0.008262,0.010356
1474,0.005303,0.012837,0.008811,0.016409
1475,0.005551,0.01292,0.007659,0.010937
1476,0.005515,0.012206,0.007418,0.009681
1477,0.006154,0.012807,0.007396,0.013248
1478,0.005617,0.012865,0.007779,0.009384
1479,0.01038,0.013048,0.007802,0.010988
1480,0.00577,0.012764,0.007704,0.010555
1481,0.00549,0.012884,0.007593,0.010449
1482,0.005624,0.013069,0.007664,0.012536
1483,0.00567,0.012908,0.00801,0.011332
1484,0.005475,0.012888,0.007985,0.010681
1485,0.005295,0.012846,0.008132,0.010812
1486,0.007051,0.013158,0.009043,0.01307
1487,0.00579,0.012992,0.007875,0.014597
1488,0.00533,0.012726,0.007903,0.012356
1489,0.005654,0.013105,0.007631,0.011073
1490,0.005537,0.013729,0.007734,0.011001
1491,0.005532,0.012845,0.007724,0.010242
1492,0.00533,0.012913,0.007433,0.009833
1493,0.005597,0.012784,0.007537,0.009606
1494,0.008376,0.012686,0.007944,0.010283
1495,0.005333,0.013216,0.007925,0.009911
1496,0.005294,0.012813,0.00738,0.012002
1497,0.005418,0.012811,0.007782,0.010048
1498,0.005277,0.013149,0.007415,0.011619
1499,0.005332,0.012943,0.007422,0.010582
1500,0.005426,0.012979,0.007679,0.011595
1501,0.005315,0.013288,0.007592,0.012561
1502,0.007853,0.013074,0.010347,0.011572
1503,0.008327,0.012402,0.008011,0.010027
1504,0.005381,0.016242,0.009468,0.009858
1505,0.00763,0.013312,0.008633,0.00932
1506,0.00543,0.012867,0.009734,0.010063
1507,0.005423,0.012916,0.009414,0.009523
1508,0.006882,0.01304,0.008725,0.009337
1509,0.005323,0.012996,0.008441,0.00935
1510,0.008558,0.013398,0.008389,0.009687
1511,0.005355,0.013087,0.008292,0.010184
1512,0.005541,0.01324,0.008671,0.011519
1513,0.005371,0.01291,0.008929,0.0117
1514,0.005351,0.012908,0.007443,0.011481
1515,0.00542,0.013081,0.00886,0.009828
1516,0.006537,0.012704,0.009956,0.009833
1517,0.005343,0.012486,0.009119,0.010323
1518,0.005369,0.012925,0.009793,0.010139
1519,0.005605,0.012934,0.008823,0.013363
1520,0.00542,0.012954,0.007736,0.010055
1521,0.005424,0.012732,0.00861,0.009423
1522,0.00541,0.013191,0.008162,0.009058
1523,0.005479,0.012745,0.008228,0.009495
1524,0.005362,0.012828,0.007945,0.009987
1525,0.005322,0.013211,0.008034,0.01348
1526,0.005464,0.013258,0.00773,0.009701
1527,0.005452,0.013139,0.007958,0.010249
1528,0.005403,0.012864,0.008159,0.009538
1529,0.00757,0.012972,0.008937,0.009345
1530,0.005341,0.012705,0.009177,0.018466
1531,0.005436,0.012407,0.00903,0.011792
1532,0.005369,0.012211,0.008413,0.011671
1533,0.005327,0.012518,0.009306,0.010648
1534,0.006154,0.012905,0.008357,0.015346
1535,0.005386,0.013117,0.009686,0.015068
1536,0.007705,0.013545,0.009648,0.010361
1537,0.005428,0.013179,0.008732,0.014086
1538,0.005457,0.013412,0.009103,0.014059
1539,0.005405,0.013213,0.009852,0.015886
1540,0.005501,0.017398,0.008548,0.014849
1541,0.005537,0.013329,0.008088,0.010303
1542,0.005512,0.013027,0.008622,0.012905
1543,0.005347,0.012999,0.008502,0.014316
1544,0.00654,0.012846,0.008441,0.009089
1545,0.005603,0.012974,0.008495,0.020187
1546,0.005441,0.012598,0.008402,0.013551
1547,0.005411,0.01264,0.00833,0.013222
1548,0.005417,0.013424,0.008183,0.01008
1549,0.005402,0.013389,0.009189,0.01261
1550,0.00543,0.012887,0.008106,0.010859
1551,0.005366,0.01343,0.010274,0.010375
1552,0.006833,0.012337,0.009,0.009613
1553,0.005297,0.01294,0.008771,0.010256
1554,0.005401,0.012915,0.008895,0.009684
1555,0.005396,0.013788,0.008758,0.011175
1556,0.00545,0.012607,0.009429,0.010403
1557,0.005524,0.013044,0.008861,0.009789
1558,0.005389,0.012775,0.008426,0.010197
1559,0.005711,0.012784,0.009089,0.012239
1560,0.005339,0.012559,0.008255,0.010874
1561,0.005486,0.013301,0.00858,0.009544
1562,0.005391,0.012916,0.008711,0.012737
1563,0.005363,0.012343,0.007834,0.013804
1564,0.005416,0.013086,0.00859,0.009943
1565,0.005485,0.012984,0.008588,0.008549
1566,0.005469,0.013972,0.008138,0.009712
1567,0.005409,0.013098,0.008731,0.009588
1568,0.006686,0.012849,0.010335,0.01086
1569,0.005438,0.012495,0.008659,0.008719
1570,0.005445,0.013119,0.008947,0.010631
1571,0.005467,0.01264,0.008176,0.009247
1572,0.005378,0.013107,0.00856,0.00931
1573,0.005433,0.012683,0.008217,0.010471
1574,0.005571,0.012915,0.008055,0.00985
1575,0.0056,0.013227,0.008202,0.010178
1576,0.005387,0.012964,0.008924,0.010321
1577,0.005425,0.013313,0.008187,0.010221
1578,0.005637,0.013532,0.008054,0.010224
1579,0.005585,0.013,0.00811,0.010199
1580,0.005547,0.012873,0.008212,0.010617
1581,0.005462,0.013172,0.008004,0.009197
1582,0.005478,0.012833,0.007902,0.011454
1583,0.005357,0.012916,0.008347,0.010198
1584,0.005543,0.012822,0.008444,0.011259
1585,0.0056,0.012988,0.009001,0.010189
1586,0.005426,0.012925,0.00828,0.010114
1587,0.006841,0.012873,0.008332,0.008788
1588,0.00749,0.013183,0.008807,0.014163
1589,0.005434,0.012716,0.007632,0.010372
1590,0.005528,0.013245,0.008643,0.01056
1591,0.005371,0.013226,0.008692,0.009139
1592,0.005346,0.012755,0.007835,0.008436
1593,0.005426,0.013332,0.007337,0.008505
1594,0.005563,0.012899,0.007397,0.008451
1595,0.005391,0.012961,0.007653,0.008279
1596,0.005374,0.013289,0.007663,0.010415
1597,0.005508,0.013062,0.007801,0.009427
1598,0.005404,0.013014,0.007478,0.007859
1599,0.005488,0.012988,0.007553,0.009076
1600,0.005533,0.013707,0.007641,0.007772
1601,0.005658,0.01329,0.007492,0.007564
1602,0.010303,0.012945,0.007572,0.008186
1603,0.00559,0.013139,0.007491,0.007659
1604,0.0058,0.012951,0.008499,0.00998
1605,0.005612,0.013045,0.007748,0.009908
1606,0.005442,0.013095,0.007601,0.008299
1607,0.00694,0.013019,0.007648,0.008298
1608,0.006412,0.013255,0.007582,0.010025
1609,0.006011,0.012952,0.007475,0.009656
1610,0.005715,0.013147,0.007622,0.00795
1611,0.006274,0.013354,0.007417,0.012433
1612,0.005533,0.013071,0.007743,0.008093
1613,0.005573,0.013276,0.007316,0.007803
1614,0.005436,0.012972,0.007478,0.008212
1615,0.005779,0.012784,0.007473,0.007905
1616,0.005426,0.012731,0.007568,0.007837
1617,0.005877,0.013016,0.007318,0.007765
1618,0.005551,0.012981,0.007514,0.008547
1619,0.005491,0.013693,0.007657,0.008546
1620,0.005489,0.014545,0.007987,0.010314
1621,0.00557,0.012873,0.007884,0.008896
1622,0.007024,0.013234,0.009039,0.008528
1623,0.005502,0.0127,0.009229,0.009385
1624,0.005426,0.012461,0.008735,0.008785
1625,0.005531,0.012602,0.009075,0.008752
1626,0.005615,0.012387,0.00889,0.008884
1627,0.005458,0.012663,0.008839,0.009861
1628,0.005416,0.012497,0.008534,0.009371
1629,0.005565,0.012768,0.010548,0.009072
1630,0.005424,0.012099,0.0076,0.008392
1631,0.005437,0.013177,0.009202,0.010287
1632,0.005389,0.012603,0.0082,0.010063
1633,0.005377,0.012555,0.00866,0.009932
1634,0.005454,0.012801,0.008259,0.009214
1635,0.005395,0.012951,0.007668,0.010566
1636,0.005367,0.012605,0.007557,0.008837
1637,0.005417,0.012667,0.007736,0.008609
1638,0.005487,0.014153,0.00849,0.010086
1639,0.00544,0.013055,0.007787,0.008646
1640,0.005494,0.012976,0.007425,0.008988
1641,0.005449,0.01622,0.007907,0.009179
1642,0.005405,0.012905,0.00751,0.008463
1643,0.005411,0.012775,0.007419,0.011276
1644,0.005383,0.012659,0.007441,0.011607
1645,0.006642,0.014498,0.007477,0.011183
1646,0.006646,0.013774,0.008103,0.010614
1647,0.00551,0.013744,0.009113,0.01187
1648,0.005448,0.012656,0.008745,0.010994
1649,0.005384,0.013193,0.007985,0.011049
1650,0.005811,0.013929,0.008741,0.011729
1651,0.005382,0.013959,0.008671,0.011331
1652,0.005417,0.013833,0.008468,0.010821
1653,0.005762,0.013299,0.007729,0.009637
1654,0.005406,0.012818,0.008269,0.011419
1655,0.008318,0.013293,0.007935,0.010608
1656,0.005424,0.012924,0.008086,0.013518
1657,0.005361,0.013123,0.009655,0.011703
1658,0.005321,0.013681,0.009429,0.011358
1659,0.005456,0.013456,0.009067,0.011353
1660,0.005333,0.013086,0.008736,0.013165
1661,0.006736,0.014213,0.010272,0.024283
1662,0.006765,0.019189,0.009184,0.012381
1663,0.005451,0.013827,0.014488,0.01446
1664,0.005422,0.019377,0.010258,0.011871
1665,0.005462,0.017237,0.009641,0.010609
1666,0.005522,0.019339,0.008639,0.010812
1667,0.005428,0.016457,0.009498,0.011507
1668,0.005411,0.014953,0.010145,0.011297
1669,0.005392,0.013643,0.00949,0.011461
1670,0.005442,0.01396,0.009435,0.011448
1671,0.005448,0.014019,0.008997,0.011154
1672,0.005421,0.013391,0.008746,0.012046
1673,0.008566,0.01323,0.00886,0.014974
1674,0.005529,0.013457,0.007637,0.014327
1675,0.005489,0.012931,0.00779,0.012895
1676,0.006165,0.012922,0.007617,0.013339
1677,0.005418,0.013057,0.007436,0.011148
1678,0.005598,0.014672,0.00914,0.016592
1679,0.0088,0.014147,0.007946,0.015321
1680,0.005503,0.013892,0.009071,0.01628
1681,0.006225,0.013261,0.010695,0.013667
1682,0.005548,0.012683,0.007831,0.012284
1683,0.005572,0.012873,0.007814,0.017603
1684,0.005725,0.013397,0.007877,0.012742
1685,0.005438,0.013678,0.007934,0.013202
1686,0.006095,0.014644,0.008258,0.011874
1687,0.005339,0.015497,0.008107,0.011847
1688,0.005455,0.013588,0.008177,0.014238
1689,0.005405,0.014047,0.008219,0.012544
1690,0.005435,0.014875,0.009939,0.014732
1691,0.005344,0.014585,0.008915,0.013182
1692,0.005797,0.013929,0.008474,0.010343
1693,0.005322,0.020688,0.008842,0.011827
1694,0.005522,0.019861,0.007971,0.010948
1695,0.005558,0.013269,0.008523,0.013759
1696,0.005454,0.013982,0.008025,0.00965
1697,0.005718,0.013974,0.008953,0.010958
1698,0.007907,0.01363,0.009589,0.010297
1699,0.005411,0.01298,0.008161,0.011672
1700,0.00545,0.013521,0.008372,0.010547
1701,0.005575,0.01328,0.008102,0.009835
1702,0.006709,0.013506,0.008946,0.010041
1703,0.008398,0.013467,0.008915,0.010574
1704,0.008039,0.013116,0.009072,0.012874
1705,0.005534,0.014606,0.008138,0.012532
1706,0.005386,0.013598,0.008336,0.00986
1707,0.005587,0.013446,0.008979,0.010876
1708,0.005749,0.013592,0.008062,0.009162
1709,0.005381,0.013307,0.00799,0.00892
1710,0.005371,0.013125,0.008,0.009331
1711,0.005415,0.013503,0.007921,0.013076
1712,0.005502,0.012833,0.007803,0.013661
1713,0.006679,0.013845,0.007486,0.013065
1714,0.005371,0.013388,0.007946,0.014838
1715,0.005511,0.013246,0.007808,0.010633
1716,0.008125,0.013458,0.007697,0.009887
1717,0.005475,0.01328,0.007796,0.010946
1718,0.005311,0.013689,0.008718,0.011087
1719,0.00624,0.013303,0.008616,0.009954
1720,0.005421,0.012969,0.008238,0.010722
1721,0.006015,0.013568,0.009607,0.012214
1722,0.005503,0.013196,0.009023,0.011613
1723,0.005446,0.01366,0.008504,0.011402
1724,0.00566,0.013811,0.008666,0.010745
1725,0.005377,0.017311,0.009524,0.014623
1726,0.007789,0.014772,0.008734,0.010213
1727,0.005623,0.016893,0.008971,0.011261
1728,0.007745,0.013542,0.009106,0.013382
1729,0.005337,0.013801,0.008319,0.013246
1730,0.005565,0.015178,0.008747,0.012058
1731,0.005554,0.01605,0.00965,0.014159
1732,0.005457,0.014054,0.009385,0.011953
1733,0.006679,0.014473,0.009372,0.011851
1734,0.006511,0.013552,0.008817,0.010404
1735,0.012651,0.014572,0.009425,0.012326
1736,0.00545,0.013142,0.007556,0.009689
1737,0.005446,0.016186,0.007666,0.010837
1738,0.005392,0.013363,0.007726,0.009968
1739,0.00552,0.014056,0.007797,0.011022
1740,0.005471,0.01343,0.007842,0.010392
1741,0.005305,0.013672,0.00738,0.010205
1742,0.005483,0.01305,0.007442,0.010019
1743,0.008442,0.013545,0.00732,0.012432
1744,0.00551,0.014329,0.008475,0.012344
1745,0.006841,0.014285,0.007648,0.009066
1746,0.005397,0.01452,0.008487,0.010826
1747,0.006326,0.02114,0.007706,0.011259
1748,0.00605,0.014231,0.008236,0.010179
1749,0.006259,0.015542,0.008236,0.009673
1750,0.006536,0.012963,0.007513,0.009667
1751,0.009155,0.0133,0.007776,0.009446
1752,0.005583,0.012892,0.008761,0.012833
1753,0.005424,0.012814,0.007776,0.010313
1754,0.00552,0.014008,0.007803,0.010562
1755,0.005584,0.012855,0.00759,0.009891
1756,0.005654,0.013094,0.007698,0.010936
1757,0.005384,0.0126,0.008362,0.010196
1758,0.005507,0.01294,0.008555,0.010454
1759,0.010439,0.01278,0.007605,0.011491
1760,0.007796,0.013205,0.00805,0.010622
1761,0.005427,0.014047,0.00766,0.009833
1762,0.005371,0.013205,0.007843,0.009546
1763,0.005521,0.013762,0.007463,0.010725
1764,0.005376,0.014663,0.007588,0.010454
1765,0.005438,0.013913,0.008528,0.011006
1766,0.006119,0.013739,0.007575,0.010587
1767,0.005308,0.014111,0.007745,0.016085
1768,0.005424,0.015305,0.014718,0.010494
1769,0.00536,0.019686,0.009453,0.009247
1770,0.00544,0.01325,0.007909,0.010273
1771,0.005441,0.014974,0.008013,0.009831
1772,0.005832,0.013698,0.008262,0.009107
1773,0.0065,0.014182,0.008531,0.009091
1774,0.005536,0.013902,0.009824,0.009248
1775,0.008497,0.015412,0.010454,0.010275
1776,0.00549,0.014301,0.01077,0.010256
1777,0.005404,0.013225,0.009454,0.010772
1778,0.005308,0.013229,0.007738,0.011172
1779,0.005409,0.01305,0.008406,0.011852
1780,0.006824,0.013632,0.009175,0.012425
1781,0.005763,0.01365,0.010346,0.011425
1782,0.005747,0.014977,0.009056,0.009745
1783,0.005815,0.013457,0.008168,0.009592
1784,0.005865,0.017001,0.008498,0.010535
1785,0.007133,0.016058,0.008954,0.01157
1786,0.005719,0.014236,0.011538,0.013174
1787,0.005464,0.013641,0.008436,0.013707
1788,0.006231,0.013753,0.00833,0.011908
1789,0.00574,0.013859,0.009058,0.011492
1790,0.005744,0.014092,0.009247,0.010802
1791,0.006573,0.014721,0.009634,0.011825
1792,0.005788,0.015631,0.008382,0.014057
1793,0.008954,0.013606,0.008826,0.011127
1794,0.00545,0.015411,0.008928,0.014792
1795,0.005447,0.013514,0.009566,0.011478
1796,0.005444,0.014156,0.010281,0.012393
1797,0.007497,0.013127,0.007977,0.010196
1798,0.006242,0.013004,0.008999,0.009941
1799,0.005453,0.012581,0.009153,0.009873
1800,0.005685,0.01388,0.009719,0.011692
1801,0.005802,0.012864,0.007766,0.010666
1802,0.0054,0.013179,0.010177,0.010149
1803,0.006643,0.012646,0.007766,0.009408
1804,0.005316,0.015493,0.008819,0.01035
1805,0.005537,0.01609,0.007584,0.012417
1806,0.005377,0.014696,0.008772,0.020635
1807,0.005348,0.015165,0.008233,0.011172
1808,0.005444,0.014135,0.007898,0.009989
1809,0.005348,0.014195,0.008361,0.011615
1810,0.005352,0.013961,0.008657,0.010336
1811,0.005392,0.012919,0.009224,0.013332
1812,0.005401,0.013972,0.008524,0.011786
1813,0.005388,0.013905,0.010376,0.01176
1814,0.005556,0.013868,0.0082,0.011237
1815,0.005433,0.014152,0.008357,0.00986
1816,0.005489,0.017533,0.008002,0.011696
1817,0.00546,0.013232,0.008069,0.010728
1818,0.007076,0.013689,0.007974,0.009854
1819,0.005705,0.014799,0.008482,0.012426
1820,0.005467,0.012938,0.009006,0.013141
1821,0.007167,0.013147,0.00866,0.015509
1822,0.005747,0.013259,0.009646,0.012925
1823,0.005487,0.012985,0.008043,0.012177
1824,0.005333,0.013436,0.00861,0.015901
1825,0.006851,0.013081,0.008833,0.011822
1826,0.007872,0.012874,0.008694,0.011761
1827,0.005699,0.014604,0.008696,0.012248
1828,0.005417,0.012917,0.009304,0.011745
1829,0.005402,0.013204,0.00779,0.012953
1830,0.005396,0.012865,0.010152,0.010803
1831,0.006885,0.012576,0.00875,0.009995
1832,0.005641,0.013464,0.008105,0.010165
1833,0.005534,0.013291,0.008904,0.015731
1834,0.005393,0.013047,0.007998,0.010557
1835,0.005477,0.014445,0.00904,0.010551
1836,0.005439,0.013861,0.008827,0.008294
1837,0.006306,0.012586,0.009416,0.014164
1838,0.00539,0.012986,0.008352,0.012868
1839,0.005398,0.01327,0.008268,0.011168
1840,0.005976,0.0139,0.008762,0.016336
1841,0.00562,0.013195,0.018614,0.01578
1842,0.005661,0.01239,0.012431,0.009842
1843,0.005425,0.012877,0.010874,0.014916
1844,0.005436,0.013838,0.009257,0.014427
1845,0.005452,0.012613,0.011813,0.014525
1846,0.005389,0.013591,0.008234,0.015178
1847,0.00547,0.0134,0.009347,0.012046
1848,0.005412,0.013277,0.010857,0.012288
1849,0.005532,0.013204,0.009823,0.014095
1850,0.005409,0.012961,0.009408,0.009648
1851,0.005378,0.012798,0.009688,0.01481
1852,0.006656,0.013066,0.008273,0.014465
1853,0.005352,0.012695,0.008385,0.012699
1854,0.005363,0.012493,0.0084,0.015291
1855,0.005358,0.012303,0.008063,0.013503
1856,0.005452,0.012178,0.00794,0.014767
1857,0.00549,0.013011,0.008394,0.010264
1858,0.005392,0.012363,0.009479,0.009955
1859,0.008648,0.012769,0.008721,0.009332
1860,0.005357,0.012625,0.008765,0.011617
1861,0.00628,0.01313,0.009075,0.011404
1862,0.005463,0.01274,0.008604,0.010531
1863,0.00575,0.012592,0.008337,0.011861
1864,0.005855,0.013032,0.008334,0.010067
1865,0.006941,0.013053,0.00898,0.012044
1866,0.006731,0.01271,0.008558,0.01119
1867,0.005408,0.012989,0.00824,0.00956
1868,0.012098,0.01289,0.008424,0.012288
1869,0.005901,0.013193,0.008592,0.011249
1870,0.006204,0.012895,0.00866,0.010798
1871,0.005859,0.013105,0.008469,0.011651
1872,0.005427,0.012801,0.008449,0.010947
1873,0.005888,0.012765,0.008579,0.010191
1874,0.006256,0.012452,0.008228,0.010421
1875,0.012668,0.012823,0.009075,0.009255
1876,0.009629,0.01245,0.009438,0.010665
1877,0.005296,0.012708,0.00972,0.009543
1878,0.005478,0.012726,0.008255,0.011023
1879,0.005351,0.012209,0.00801,0.010727
1880,0.005454,0.012724,0.008187,0.010608
1881,0.005351,0.012862,0.00841,0.010935
1882,0.00547,0.012589,0.008443,0.013432
1883,0.005462,0.012585,0.008057,0.011361
1884,0.005403,0.012975,0.008348,0.012006
1885,0.005313,0.013265,0.008954,0.013266
1886,0.005357,0.012701,0.008196,0.011172
1887,0.005445,0.013151,0.010938,0.010122
1888,0.005392,0.013098,0.010265,0.010256
1889,0.005404,0.012943,0.009621,0.010136
1890,0.005705,0.013317,0.009189,0.010327
1891,0.00533,0.016074,0.008994,0.009592
1892,0.005461,0.014464,0.008595,0.010481
1893,0.005415,0.013082,0.00861,0.00923
1894,0.005372,0.01285,0.008398,0.013761
1895,0.005336,0.014011,0.008345,0.009996
1896,0.005446,0.013168,0.008137,0.009966
1897,0.005441,0.013559,0.009224,0.011444
1898,0.00539,0.013206,0.008049,0.007541
1899,0.005687,0.013525,0.007702,0.007729
1900,0.005442,0.013136,0.007903,0.009413
1901,0.005403,0.012685,0.008567,0.009362
1902,0.005373,0.012699,0.007804,0.008191
1903,0.005416,0.012738,0.007841,0.00753
1904,0.006281,0.012719,0.007944,0.00824
1905,0.005426,0.012695,0.008491,0.011674
1906,0.005514,0.013073,0.008231,0.007946
1907,0.005403,0.012911,0.007726,0.008132
1908,0.006831,0.012836,0.008069,0.011232
1909,0.007389,0.01253,0.0076,0.008587
1910,0.005491,0.013127,0.007698,0.011805
1911,0.005409,0.012833,0.008678,0.009786
1912,0.00559,0.013228,0.008753,0.009417
1913,0.005561,0.012525,0.008167,0.00827
1914,0.005504,0.012994,0.00924,0.008471
1915,0.005534,0.012605,0.008674,0.008189
1916,0.00556,0.012648,0.008706,0.008415
1917,0.005548,0.01292,0.009613,0.008281
1918,0.005416,0.0127,0.00935,0.009194
1919,0.0056,0.012818,0.008629,0.008186
1920,0.005573,0.013123,0.009014,0.010773
1921,0.005348,0.012885,0.008362,0.008662
1922,0.005611,0.013515,0.008725,0.008061
1923,0.006121,0.012532,0.008785,0.00836
1924,0.00531,0.012867,0.008914,0.008511
1925,0.005431,0.012667,0.008607,0.008524
1926,0.0055,0.012939,0.00871,0.008316
1927,0.005442,0.013089,0.008616,0.007987
1928,0.005426,0.013101,0.00799,0.009647
1929,0.005463,0.013406,0.021198,0.012314
1930,0.005469,0.017294,0.008821,0.016703
1931,0.005401,0.016466,0.009529,0.01092
1932,0.005406,0.014163,0.015964,0.010489
1933,0.00541,0.021184,0.008748,0.011499
1934,0.005524,0.014642,0.010123,0.010628
1935,0.006516,0.013116,0.008,0.008828
1936,0.005437,0.013576,0.009186,0.009564
1937,0.007447,0.013805,0.00838,0.010956
1938,0.005447,0.013608,0.008032,0.009164
1939,0.006346,0.013452,0.007655,0.010228
1940,0.005428,0.012684,0.00745,0.009127
1941,0.009176,0.01354,0.007843,0.008884
1942,0.005855,0.016178,0.007844,0.00936
1943,0.005887,0.013207,0.008886,0.01232
1944,0.005863,0.015436,0.00902,0.016108
1945,0.008405,0.013469,0.007618,0.014114
1946,0.008032,0.013759,0.008814,0.011735
1947,0.005445,0.013606,0.008016,0.010525
1948,0.010118,0.013017,0.008037,0.009948
1949,0.006281,0.013914,0.008016,0.011246
1950,0.006487,0.013247,0.008297,0.010106
1951,0.005962,0.014086,0.010318,0.01271
1952,0.009026,0.01283,0.010556,0.013295
1953,0.008239,0.013153,0.008654,0.01432
1954,0.008755,0.013867,0.00879,0.014379
1955,0.005577,0.013046,0.016358,0.011115
1956,0.005426,0.014502,0.010538,0.010564
1957,0.005711,0.013128,0.009933,0.012903
1958,0.005667,0.013586,0.009003,0.010819
1959,0.005511,0.012346,0.008212,0.010389
1960,0.005844,0.014567,0.008209,0.010957
1961,0.005525,0.014248,0.00825,0.013247
1962,0.005433,0.014798,0.009608,0.011073
1963,0.00547,0.01789,0.009443,0.010816
1964,0.00539,0.01469,0.008909,0.011099
1965,0.005386,0.013964,0.008787,0.011526
1966,0.005363,0.01405,0.008453,0.012466
1967,0.005374,0.016004,0.010023,0.028119
1968,0.006519,0.014815,0.008352,0.012259
1969,0.007898,0.014997,0.009939,0.012762
1970,0.005383,0.01737,0.009816,0.012638
1971,0.006213,0.014608,0.009039,0.012807
1972,0.005445,0.013606,0.008366,0.01156
1973,0.005376,0.013455,0.008813,0.010978
1974,0.005364,0.014007,0.008664,0.012514
1975,0.00648,0.014283,0.008143,0.011758
1976,0.00812,0.013979,0.008593,0.013174
1977,0.006633,0.013656,0.007876,0.013928
1978,0.007057,0.014049,0.009759,0.011546
1979,0.007008,0.015676,0.009172,0.010548
1980,0.005624,0.014443,0.012229,0.012733
1981,0.008207,0.013891,0.008044,0.01227
1982,0.005825,0.013811,0.008566,0.013879
1983,0.006011,0.014481,0.008221,0.011895
1984,0.007957,0.014011,0.008241,0.012941
1985,0.006429,0.012996,0.009033,0.013629
1986,0.006487,0.01362,0.008488,0.011092
1987,0.00692,0.014276,0.008369,0.012526
1988,0.005589,0.014446,0.009022,0.012173
1989,0.005643,0.013324,0.008937,0.013467
1990,0.00535,0.013828,0.007777,0.011792
1991,0.005391,0.013762,0.008845,0.01375
1992,0.005629,0.012942,0.008652,0.011962
1993,0.00593,0.013772,0.008079,0.013419
1994,0.005518,0.013989,0.007842,0.012056
1995,0.006021,0.01375,0.008088,0.012944
1996,0.006351,0.013251,0.008757,0.013728
1997,0.005383,0.013312,0.007893,0.011634
1998,0.005462,0.012878,0.010845,0.014542
1999,0.0055,0.013479,0.009267,0.011202
2000,0.005379,0.012039,0.008327,0.01247
2001,0.007286,0.013662,0.008843,0.014399
2002,0.006048,0.013647,0.00815,0.012371
2003,0.006785,0.013716,0.01039,0.010605
2004,0.005507,0.013359,0.010505,0.011529
2005,0.005384,0.01337,0.00858,0.011275
2006,0.005359,0.013832,0.009182,0.010103
2007,0.00537,0.013269,0.008905,0.009658
2008,0.005353,0.012938,0.009142,0.009606
2009,0.005306,0.016223,0.008684,0.010414
2010,0.005457,0.014245,0.009001,0.010483
2011,0.005344,0.013249,0.00853,0.00921
2012,0.005343,0.013481,0.008859,0.009351
2013,0.005605,0.012483,0.009242,0.01008
2014,0.005455,0.012947,0.010008,0.009127
2015,0.006327,0.012931,0.008395,0.009179
2016,0.005369,0.013123,0.008687,0.010501
2017,0.005311,0.016233,0.00865,0.013015
2018,0.00537,0.014163,0.007817,0.013757
2019,0.005429,0.013287,0.00764,0.013194
2020,0.00537,0.0133,0.009349,0.013748
2021,0.006337,0.013134,0.009152,0.011302
2022,0.006436,0.013329,0.008359,0.009481
2023,0.00563,0.013402,0.009243,0.01015
2024,0.005503,0.021159,0.007696,0.009997
2025,0.005517,0.012996,0.009484,0.010287
2026,0.005705,0.013046,0.009036,0.011164
2027,0.005504,0.013065,0.009725,0.015207
2028,0.005566,0.015549,0.010337,0.01403
2029,0.005676,0.017167,0.008433,0.018304
2030,0.005542,0.015296,0.01037,0.011614
2031,0.005517,0.013789,0.010326,0.011141
2032,0.00557,0.016507,0.009533,0.010468
2033,0.005661,0.018783,0.009114,0.011558
2034,0.005649,0.013035,0.00886,0.012773
2035,0.005363,0.015323,0.009973,0.010592
2036,0.006049,0.014438,0.008967,0.012571
2037,0.005402,0.01384,0.010962,0.014807
2038,0.005514,0.017463,0.009902,0.012847
2039,0.005361,0.01561,0.012428,0.009908
2040,0.005913,0.012989,0.009779,0.010426
2041,0.006545,0.013216,0.009436,0.011831
2042,0.006534,0.013277,0.009318,0.009896
2043,0.010676,0.013697,0.008507,0.01095
2044,0.005694,0.015757,0.008502,0.011802
2045,0.005716,0.01559,0.008473,0.010515
2046,0.005815,0.013695,0.008274,0.010376
2047,0.00542,0.013834,0.008148,0.008793
2048,0.005431,0.01377,0.00801,0.008871
2049,0.008385,0.013671,0.008446,0.009729
2050,0.005397,0.01311,0.008075,0.009126
2051,0.005417,0.013323,0.008103,0.00885
2052,0.005464,0.014422,0.008366,0.010059
2053,0.005463,0.013786,0.008379,0.010409
2054,0.005333,0.014757,0.008454,0.009529
2055,0.005423,0.013609,0.009002,0.009683
2056,0.005448,0.01428,0.008176,0.009932
2057,0.006062,0.012476,0.008034,0.010681
2058,0.005854,0.013076,0.008892,0.010499
2059,0.005438,0.012921,0.007836,0.01122
2060,0.005551,0.012905,0.007796,0.009744
2061,0.010826,0.013006,0.008448,0.009753
2062,0.005481,0.012955,0.008026,0.010186
2063,0.005472,0.013066,0.00811,0.009235
2064,0.005504,0.013253,0.009394,0.00997
2065,0.005521,0.012647,0.008177,0.010518
2066,0.005427,0.013144,0.007963,0.011987
2067,0.005444,0.012328,0.008483,0.0133
2068,0.005481,0.012929,0.007798,0.010987
2069,0.006767,0.012989,0.007696,0.010393
2070,0.011696,0.013072,0.008024,0.009373
2071,0.005567,0.013122,0.0079,0.012201
2072,0.005662,0.012966,0.007208,0.009782
2073,0.005604,0.013162,0.007708,0.009599
2074,0.006532,0.013179,0.007848,0.009591
2075,0.005923,0.012822,0.007522,0.009466
2076,0.005556,0.013036,0.008356,0.010097
2077,0.010247,0.013122,0.00823,0.012354
2078,0.005626,0.013926,0.007969,0.009727
2079,0.005396,0.012974,0.008566,0.009864
2080,0.005329,0.013954,0.009041,0.009449
2081,0.005435,0.012928,0.008169,0.010388
2082,0.005379,0.013001,0.008042,0.009419
2083,0.005491,0.012965,0.008026,0.010277
2084,0.005411,0.012792,0.009148,0.009403
2085,0.005413,0.013287,0.010434,0.016655
2086,0.007206,0.013764,0.019214,0.014041
2087,0.005655,0.025929,0.011647,0.010464
2088,0.007521,0.017003,0.009768,0.011994
2089,0.005474,0.01279,0.008261,0.011863
2090,0.005588,0.015654,0.010179,0.010798
2091,0.005751,0.013188,0.009734,0.010407
2092,0.005503,0.013435,0.01024,0.010878
2093,0.005527,0.013055,0.008079,0.009672
2094,0.005576,0.013722,0.008086,0.009686
2095,0.005487,0.017612,0.008356,0.011287
2096,0.00665,0.01515,0.008682,0.010476
2097,0.005448,0.014992,0.008572,0.010418
2098,0.005644,0.015089,0.009571,0.01022
2099,0.005373,0.015992,0.0082,0.010385
2100,0.005422,0.013368,0.008334,0.010928
2101,0.005455,0.013402,0.00834,0.010572
2102,0.005486,0.014615,0.008604,0.010869
2103,0.005408,0.0132,0.00846,0.010744
2104,0.005374,0.013148,0.008075,0.009369
2105,0.00716,0.0154,0.008962,0.010786
2106,0.005314,0.013818,0.00957,0.011205
2107,0.005409,0.01346,0.009256,0.010972
2108,0.00544,0.013299,0.00748,0.015305
2109,0.00543,0.015606,0.007218,0.010185
2110,0.00732,0.014686,0.008948,0.010917
2111,0.005455,0.013997,0.007416,0.015283
2112,0.005675,0.01273,0.009272,0.010296
2113,0.007483,0.013835,0.008824,0.010282
2114,0.006094,0.012936,0.0095,0.009912
2115,0.005749,0.012801,0.010451,0.010386
2116,0.005966,0.012345,0.008428,0.010171
2117,0.006689,0.0131,0.008136,0.009532
2118,0.006162,0.01275,0.009272,0.011675
2119,0.005913,0.012606,0.007684,0.010253
2120,0.00797,0.012992,0.009105,0.011215
2121,0.005922,0.012952,0.00826,0.010535
2122,0.006161,0.013267,0.008062,0.011111
2123,0.008676,0.013009,0.008315,0.011452
2124,0.005362,0.012781,0.008934,0.012807
2125,0.005257,0.012877,0.007767,0.012333
2126,0.00535,0.012875,0.008741,0.01043
2127,0.005387,0.013379,0.010075,0.010376
2128,0.005352,0.012271,0.008723,0.010439
2129,0.005303,0.013059,0.00908,0.010027
2130,0.005402,0.012554,0.01,0.012541
2131,0.010287,0.012606,0.008593,0.010453
2132,0.005454,0.014037,0.009174,0.012301
2133,0.005366,0.012759,0.009446,0.0127
2134,0.005376,0.012781,0.007981,0.009439
2135,0.00533,0.012809,0.008057,0.009505
2136,0.005408,0.012802,0.008155,0.009682
2137,0.005264,0.013079,0.008633,0.009698
2138,0.005316,0.013023,0.009207,0.009938
2139,0.005424,0.012615,0.008299,0.020052
2140,0.005312,0.012404,0.007923,0.009413
2141,0.005326,0.012584,0.009501,0.009136
2142,0.005446,0.012704,0.009278,0.016468
2143,0.005297,0.012735,0.00954,0.012414
2144,0.005309,0.012101,0.008867,0.009969
2145,0.007131,0.01231,0.008783,0.010738
2146,0.00536,0.013073,0.009328,0.016484
2147,0.005337,0.012796,0.008662,0.015294
2148,0.005341,0.012138,0.009351,0.010637
2149,0.005486,0.012808,0.00926,0.013778
2150,0.005335,0.013727,0.009199,0.01384
2151,0.005364,0.013671,0.009073,0.013456
2152,0.005455,0.015547,0.00884,0.014311
2153,0.006762,0.013022,0.009067,0.011214
2154,0.00563,0.013477,0.009223,0.01191
2155,0.005397,0.013507,0.009185,0.013037
2156,0.005471,0.014931,0.009095,0.008302
2157,0.005401,0.012917,0.009245,0.013542
2158,0.005377,0.012826,0.008687,0.013994
2159,0.005383,0.013041,0.009051,0.010829
2160,0.005338,0.012942,0.009878,0.011216
2161,0.005275,0.015345,0.010113,0.013664
2162,0.00535,0.021191,0.009358,0.013066
2163,0.005336,0.013958,0.008266,0.013244
2164,0.005393,0.014211,0.009093,0.010313
2165,0.005394,0.01521,0.009406,0.012356
2166,0.009455,0.012772,0.008645,0.01062
2167,0.005458,0.014223,0.008654,0.015061
2168,0.005305,0.012473,0.008777,0.011322
2169,0.005464,0.012648,0.009262,0.009928
2170,0.00539,0.013144,0.008717,0.010434
2171,0.005687,0.013295,0.009213,0.01207
2172,0.008864,0.012696,0.008514,0.011701
2173,0.005309,0.012369,0.008716,0.009595
2174,0.005392,0.014025,0.008768,0.010166
2175,0.005401,0.013077,0.008234,0.009384
2176,0.005439,0.013072,0.008484,0.009673
2177,0.005532,0.014419,0.009772,0.012209
2178,0.00542,0.014184,0.008448,0.009431
2179,0.005303,0.01444,0.009106,0.009605
2180,0.007091,0.013789,0.009285,0.011038
2181,0.005428,0.013568,0.008837,0.009402
2182,0.005482,0.014059,0.009695,0.010934
2183,0.005398,0.013255,0.009856,0.009052
2184,0.005332,0.013132,0.008554,0.010922
2185,0.005426,0.012992,0.008499,0.009572
2186,0.00591,0.013535,0.009162,0.010039
2187,0.00569,0.01294,0.010078,0.011433
2188,0.009467,0.012726,0.016441,0.011266
2189,0.005587,0.012885,0.009034,0.010767
2190,0.005364,0.012704,0.008639,0.011298
2191,0.005429,0.012899,0.009023,0.00988
2192,0.006016,0.013574,0.008784,0.010696
2193,0.005567,0.013064,0.009077,0.010013
2194,0.005403,0.013309,0.008745,0.016963
2195,0.005342,0.012688,0.008566,0.011519
2196,0.005383,0.012289,0.01005,0.010793
2197,0.005286,0.013609,0.009055,0.010748
2198,0.005416,0.013455,0.008832,0.010635
2199,0.005503,0.013096,0.008922,0.010721
2200,0.005474,0.013,0.008319,0.013988
2201,0.005441,0.013681,0.013093,0.010948
2202,0.005519,0.014221,0.009481,0.011342
2203,0.005315,0.017019,0.009296,0.010712
2204,0.00547,0.012985,0.008587,0.009658
2205,0.005335,0.013876,0.008713,0.009504
2206,0.006774,0.013242,0.008491,0.011399
2207,0.005405,0.013214,0.007534,0.008366
2208,0.005306,0.013754,0.007359,0.010206
2209,0.005362,0.016309,0.008073,0.008744
2210,0.005445,0.013349,0.007596,0.009069
2211,0.005326,0.013565,0.007735,0.008592
2212,0.005349,0.014129,0.008039,0.009486
2213,0.005481,0.014173,0.007608,0.009084
2214,0.005377,0.013602,0.007577,0.00863
2215,0.005443,0.015196,0.008256,0.01129
2216,0.005356,0.013965,0.007648,0.008313
2217,0.006972,0.014304,0.007706,0.008151
2218,0.005526,0.01487,0.007748,0.009024
2219,0.005408,0.013123,0.007641,0.008513
2220,0.006782,0.013014,0.008079,0.011402
2221,0.00567,0.01283,0.007468,0.009334
2222,0.005518,0.013613,0.008535,0.010065
2223,0.005517,0.01879,0.00754,0.008914
2224,0.005483,0.015238,0.008623,0.00997
2225,0.0054,0.014093,0.008557,0.009313
2226,0.005335,0.013583,0.008694,0.00839
2227,0.005536,0.013581,0.008715,0.008221
2228,0.005679,0.014186,0.009207,0.008903
2229,0.005336,0.01374,0.007948,0.010674
2230,0.005441,0.013959,0.007532,0.007768
2231,0.005369,0.012793,0.007522,0.007824
2232,0.005488,0.012984,0.00762,0.011158
2233,0.006012,0.012947,0.007925,0.009
2234,0.005468,0.012791,0.007421,0.009864
2235,0.005858,0.012724,0.007876,0.008884
2236,0.005579,0.012806,0.016981,0.00865
2237,0.005388,0.012447,0.009097,0.009137
2238,0.006932,0.012598,0.007765,0.008797
2239,0.005914,0.013318,0.008317,0.009556
2240,0.005444,0.013128,0.008376,0.008558
2241,0.005429,0.015177,0.008029,0.008667
2242,0.005315,0.013001,0.008785,0.008837
2243,0.005408,0.013113,0.00903,0.011668
2244,0.006249,0.013868,0.007378,0.010325
2245,0.005399,0.014128,0.009681,0.010399
2246,0.005323,0.012811,0.00767,0.009094
2247,0.005353,0.013806,0.007576,0.008918
2248,0.005464,0.012922,0.007895,0.008562
2249,0.005458,0.013199,0.007661,0.007732
2250,0.005382,0.012895,0.013837,0.009301
2251,0.005411,0.01279,0.008071,0.00914
2252,0.005392,0.014542,0.007785,0.008996
2253,0.005379,0.012781,0.007782,0.009251
2254,0.006092,0.012654,0.007784,0.008976
2255,0.005334,0.012796,0.007762,0.009198
2256,0.005339,0.012657,0.007822,0.011041
2257,0.00541,0.013056,0.007585,0.013499
2258,0.005349,0.013275,0.007691,0.009754
2259,0.005395,0.013795,0.008196,0.009921
2260,0.005371,0.012444,0.008303,0.010106
2261,0.005306,0.012699,0.008065,0.010713
2262,0.005894,0.013188,0.009338,0.010299
2263,0.005443,0.012808,0.009441,0.010506
2264,0.005439,0.013303,0.01515,0.010243
2265,0.005727,0.013206,0.008684,0.011168
2266,0.005709,0.013289,0.007846,0.012242
2267,0.005493,0.013495,0.008366,0.011694
2268,0.005487,0.014126,0.009275,0.011648
2269,0.005308,0.01318,0.008333,0.012021
2270,0.0095,0.013787,0.00797,0.011805
2271,0.005453,0.013487,0.008469,0.012013
2272,0.008196,0.013366,0.009677,0.012363
2273,0.005821,0.013247,0.008457,0.012705
2274,0.005662,0.013159,0.009712,0.011893
2275,0.005525,0.012738,0.009403,0.011732
2276,0.005615,0.013439,0.009435,0.013416
2277,0.005457,0.012838,0.007615,0.013544
2278,0.005475,0.013251,0.008074,0.01134
2279,0.005389,0.018353,0.008414,0.01293
2280,0.005429,0.012891,0.007674,0.011251
2281,0.005355,0.012903,0.007873,0.010878
2282,0.005366,0.012782,0.0077,0.010265
2283,0.005474,0.013063,0.007859,0.010606
2284,0.005366,0.012741,0.008463,0.010867
2285,0.005353,0.012715,0.007983,0.010802
2286,0.005389,0.013444,0.008421,0.011664
2287,0.005429,0.01261,0.007637,0.010513
2288,0.005357,0.013037,0.00794,0.014774
2289,0.005349,0.014198,0.007852,0.012147
2290,0.005433,0.013092,0.007648,0.0119
2291,0.005509,0.013056,0.008281,0.012824
2292,0.005429,0.013288,0.009192,0.011555
2293,0.005361,0.013317,0.008981,0.013921
2294,0.005573,0.013004,0.009053,0.015039
2295,0.005473,0.012609,0.00776,0.013141
2296,0.005544,0.012155,0.007695,0.012303
2297,0.00578,0.012112,0.007717,0.012791
2298,0.00574,0.012108,0.007786,0.012125
2299,0.005462,0.012178,0.007813,0.012322
2300,0.005691,0.012125,0.007894,0.012255
2301,0.005427,0.012354,0.00786,0.012335
2302,0.005403,0.013102,0.007884,0.013013
2303,0.005575,0.013608,0.007692,0.010912
2304,0.005353,0.013369,0.007595,0.011404
2305,0.006903,0.013844,0.007899,0.011488
2306,0.005368,0.012994,0.00809,0.009848
2307,0.005258,0.013283,0.008015,0.01012
2308,0.005312,0.013203,0.007826,0.011066
2309,0.005358,0.012928,0.008324,0.011328
2310,0.005343,0.013602,0.009,0.010192
2311,0.005363,0.013705,0.008381,0.010773
2312,0.005376,0.013783,0.007775,0.009224
2313,0.00546,0.013701,0.007963,0.009197
2314,0.005355,0.012966,0.007982,0.008986
2315,0.005382,0.015923,0.007499,0.009804
2316,0.005463,0.012758,0.008108,0.009797
2317,0.005424,0.013049,0.007389,0.009511
2318,0.005372,0.013068,0.00756,0.009085
2319,0.005463,0.013125,0.007877,0.009513
2320,0.005379,0.012889,0.00716,0.009013
2321,0.005366,0.013295,0.007491,0.010412
2322,0.005397,0.013098,0.00777,0.009466
2323,0.005361,0.013393,0.007291,0.012432
2324,0.005454,0.013252,0.007427,0.013451
2325,0.005403,0.013134,0.007658,0.013207
2326,0.005506,0.012948,0.008508,0.01357
2327,0.007009,0.013383,0.00891,0.010407
2328,0.006395,0.013231,0.007351,0.010016
2329,0.005515,0.013016,0.007643,0.009649
2330,0.005588,0.013114,0.008698,0.009671
2331,0.005648,0.012682,0.00829,0.010891
2332,0.009374,0.012779,0.007908,0.010081
2333,0.006704,0.012794,0.008537,0.011464
2334,0.005779,0.012898,0.008314,0.010501
2335,0.007976,0.012889,0.008751,0.010887
2336,0.00545,0.012637,0.0081,0.010933
2337,0.005891,0.013444,0.008249,0.010235
2338,0.005541,0.012984,0.007789,0.009644
2339,0.005321,0.01325,0.007955,0.009898
2340,0.007338,0.012771,0.009062,0.012044
2341,0.005538,0.013487,0.008796,0.011209
2342,0.00535,0.014072,0.00833,0.010273
2343,0.005348,0.013291,0.008223,0.011032
2344,0.005331,0.013239,0.008744,0.011004
2345,0.00537,0.013815,0.010168,0.013761
2346,0.005379,0.01279,0.008002,0.011983
2347,0.005302,0.014348,0.009529,0.009402
2348,0.005357,0.013214,0.008788,0.00914
2349,0.005524,0.013122,0.008831,0.010065
2350,0.005406,0.012894,0.008318,0.010289
2351,0.005356,0.015294,0.008755,0.009443
2352,0.005357,0.013076,0.008659,0.010275
2353,0.005425,0.012947,0.008455,0.009403
2354,0.005319,0.012948,0.009019,0.009436
2355,0.005396,0.014235,0.008613,0.009965
2356,0.005439,0.012552,0.008187,0.009792
2357,0.008261,0.012804,0.008568,0.01008
2358,0.005304,0.014865,0.009246,0.009423
2359,0.00536,0.015136,0.009163,0.009832
2360,0.005432,0.013192,0.009208,0.010278
2361,0.005473,0.012355,0.007696,0.009022
2362,0.005571,0.012941,0.009705,0.009591
2363,0.005887,0.014753,0.009946,0.00975
2364,0.005932,0.012268,0.008417,0.0119
2365,0.005882,0.013115,0.008496,0.010135
2366,0.005425,0.013018,0.008827,0.009872
2367,0.005372,0.014692,0.008924,0.009698
2368,0.005368,0.012472,0.009108,0.009718
2369,0.00536,0.012673,0.010186,0.011044
2370,0.005512,0.012291,0.00903,0.009497
2371,0.006905,0.01517,0.009078,0.010131
2372,0.00576,0.012717,0.00867,0.010807
2373,0.005602,0.013333,0.009377,0.010553
2374,0.005538,0.012848,0.009009,0.010077
2375,0.005423,0.016841,0.009861,0.009725
2376,0.005451,0.01312,0.009055,0.009776
2377,0.00551,0.013751,0.008283,0.01064
2378,0.005411,0.01312,0.008784,0.010493
2379,0.005539,0.013391,0.007554,0.01048
2380,0.005356,0.013079,0.00761,0.009669
2381,0.0054,0.013155,0.008363,0.010913
2382,0.005375,0.013073,0.008159,0.010448
2383,0.00566,0.013417,0.008189,0.010188
2384,0.0059,0.013523,0.008253,0.009082
2385,0.006201,0.013259,0.008331,0.009488
2386,0.006261,0.013452,0.008476,0.009169
2387,0.005417,0.013171,0.007224,0.009319
2388,0.006863,0.013186,0.008325,0.010189
2389,0.008297,0.013759,0.007586,0.010655
2390,0.005337,0.013005,0.00744,0.009474
2391,0.005518,0.012873,0.007451,0.009339
2392,0.005496,0.012807,0.007617,0.011272
2393,0.005748,0.01406,0.008289,0.00969
2394,0.005498,0.013157,0.007709,0.010282
2395,0.00611,0.012947,0.007977,0.009811
2396,0.005461,0.013,0.007971,0.010555
2397,0.005521,0.012912,0.007856,0.009983
2398,0.005379,0.01281,0.00808,0.009573
2399,0.005427,0.012723,0.007409,0.009272
