CPU_Core_1_Usage_%,CPU_Core_2_Usage_%,CPU_Core_3_Usage_%,CPU_Core_4_Usage_%,CPU_Core_5_Usage_%,CPU_Core_6_Usage_%,CPU_Core_7_Usage_%,CPU_Core_8_Usage_%,CPU_Core_1_Freq_MHz,CPU_Core_2_Freq_MHz,CPU_Core_3_Freq_MHz,CPU_Core_4_Freq_MHz,CPU_Core_5_Freq_MHz,CPU_Core_6_Freq_MHz,CPU_Core_7_Freq_MHz,CPU_Core_8_Freq_MHz,GPU_Usage_%,GPU_Freq_MHz,GPU_mW,CPU_mW,SOC_mW,CV_mW,VDDRQ_mW,SYS5V_mW,Total_Power_mW,,
81,85,57,75,0,0,0,0,1791,1788,1787,1789,0,0,0,0,45,905,1244,2022,1867,0,622,2929,8684,,
78,78,75,78,0,0,0,0,1794,1793,1791,1791,0,0,0,0,24,905,1399,2177,1866,0,622,2969,9033,,
90,78,81,72,0,0,0,0,1793,1789,1792,1789,0,0,0,0,46,905,1555,2332,2020,0,777,2969,9653,,"9675,29019211325"
61,58,75,83,0,0,0,0,1789,1793,1795,1792,0,0,0,0,13,905,1710,2487,2020,0,777,3009,10003,,
78,61,92,92,0,0,0,0,1787,1791,1790,1791,0,0,0,0,22,905,1710,2642,2020,0,777,3009,10158,,
61,50,92,92,0,0,0,0,1790,1790,1790,1791,0,0,0,0,45,905,1865,2642,2020,0,777,3009,10313,,
63,91,64,75,0,0,0,0,1788,1795,1791,1791,0,0,0,0,3,905,1865,2642,2020,0,777,3009,10313,,
76,76,66,91,0,0,0,0,1790,1791,1790,1792,0,0,0,0,25,905,2020,2798,2020,0,932,3049,10819,,
61,76,75,83,0,0,0,0,1788,1792,1789,1791,0,0,0,0,43,905,1865,2798,2020,0,932,3049,10664,,
84,64,85,68,0,0,0,0,1790,1791,1791,1790,0,0,0,0,46,905,1865,2798,2020,0,932,3049,10664,,
91,66,84,50,0,0,0,0,1791,1790,1791,1791,0,0,0,0,44,905,2020,2798,2020,0,932,3049,10819,,
92,76,71,66,0,0,0,0,1793,1790,1791,1788,0,0,0,0,34,905,2020,2798,2020,0,932,3049,10819,,
76,61,92,64,0,0,0,0,1793,1790,1788,1791,0,0,0,0,45,905,2020,2798,2020,0,932,3049,10819,,
91,71,76,66,0,0,0,0,1793,1792,1792,1787,0,0,0,0,46,905,2020,2798,2020,0,932,3049,10819,,
83,75,84,75,0,0,0,0,1794,1791,1788,1792,0,0,0,0,44,905,2020,2797,2020,0,932,3049,10818,,
53,86,81,83,0,0,0,0,1789,1789,1794,1790,0,0,0,0,43,905,2020,2797,2020,0,932,3049,10818,,
64,45,92,76,0,0,0,0,1793,1791,1796,1788,0,0,0,0,46,905,2020,2797,2020,0,932,3049,10818,,
66,61,75,91,0,0,0,0,1790,1790,1790,1789,0,0,0,0,44,905,2020,2797,2020,0,932,3049,10818,,
58,91,76,73,0,0,0,0,1789,1790,1790,1791,0,0,0,0,39,905,2020,2797,2020,0,932,3049,10818,,
85,76,71,66,0,0,0,0,1793,1791,1792,1794,0,0,0,0,45,905,2020,2797,2175,0,932,3049,10973,,
92,75,66,73,0,0,0,0,1804,1803,1804,1803,0,0,0,0,46,905,2020,2797,2020,0,932,3049,10818,,
92,64,71,64,0,0,0,0,1803,1806,1804,1804,0,0,0,0,46,905,2020,2797,2020,0,932,3049,10818,,
69,75,80,58,0,0,0,0,1803,1803,1803,1803,0,0,0,0,3,905,2020,2797,2020,0,932,3049,10818,,
66,75,66,72,0,0,0,0,1804,1805,1803,1803,0,0,0,0,1,905,2020,2797,2020,0,932,3049,10818,,
84,91,71,53,0,0,0,0,1803,1798,1803,1808,0,0,0,0,4,905,2020,2797,2020,0,932,3049,10818,,
80,78,61,58,0,0,0,0,1803,1804,1803,1803,0,0,0,0,3,905,2020,2797,2020,0,932,3049,10818,,
69,66,76,91,0,0,0,0,1803,1804,1803,1801,0,0,0,0,19,905,2020,2797,2020,0,932,3049,10818,,
75,75,81,75,0,0,0,0,1803,1804,1804,1803,0,0,0,0,42,905,2020,2798,2020,0,932,3049,10819,,
66,62,80,93,0,0,0,0,1803,1804,1803,1803,0,0,0,0,3,905,2020,2798,2020,0,932,3049,10819,,
85,90,66,72,0,0,0,0,1803,1803,1803,1804,0,0,0,0,44,905,1865,2798,2020,0,932,3049,10664,,
58,66,91,85,0,0,0,0,1803,1802,1803,1802,0,0,0,0,3,905,2020,2798,2020,0,932,3049,10819,,
58,85,66,75,0,0,0,0,1803,1803,1803,1803,0,0,0,0,44,905,2020,2798,2020,0,932,3049,10819,,
75,76,66,92,0,0,0,0,1804,1804,1804,1804,0,0,0,0,25,905,2020,2798,2020,0,932,3049,10819,,
91,69,78,66,0,0,0,0,1802,1806,1804,1804,0,0,0,0,26,905,1865,2798,2020,0,932,3049,10664,,
84,50,78,71,0,0,0,0,1804,1805,1804,1803,0,0,0,0,16,905,2020,2798,2020,0,932,3049,10819,,
92,66,61,81,0,0,0,0,1805,1803,1803,1803,0,0,0,0,22,905,2020,2798,2020,0,932,3049,10819,,
72,78,76,75,0,0,0,0,1804,1803,1805,1803,0,0,0,0,46,905,1865,2798,2020,0,932,3049,10664,,
83,75,75,58,0,0,0,0,1803,1803,1802,1803,0,0,0,0,4,905,2020,2798,2020,0,932,3049,10819,,
76,84,83,61,0,0,0,0,1803,1802,1802,1801,0,0,0,0,45,905,1865,2798,2020,0,932,3049,10664,,
100,75,66,54,0,0,0,0,1803,1802,1803,1803,0,0,0,0,2,905,2020,2798,2020,0,932,3049,10819,,
75,92,54,66,0,0,0,0,1800,1801,1803,1803,0,0,0,0,6,905,1865,2642,2020,0,932,3049,10508,,
78,83,58,72,0,0,0,0,1802,1800,1803,1804,0,0,0,0,16,905,2020,2642,2020,0,932,3049,10663,,
76,76,84,61,0,0,0,0,1803,1802,1802,1803,0,0,0,0,37,905,1865,2642,2020,0,932,3049,10508,,
76,66,76,90,0,0,0,0,1803,1804,1805,1802,0,0,0,0,34,905,2020,2798,2020,0,932,3049,10819,,
54,50,90,92,0,0,0,0,1804,1803,1803,1803,0,0,0,0,45,905,2020,2798,2020,0,932,3049,10819,,
76,64,85,78,0,0,0,0,1806,1804,1804,1803,0,0,0,0,40,905,2020,2798,2020,0,932,3049,10819,,
85,92,71,78,0,0,0,0,1804,1804,1804,1804,0,0,0,0,30,905,2020,2798,2020,0,932,3049,10819,,
80,72,83,71,0,0,0,0,1803,1803,1802,1803,0,0,0,0,13,905,2020,2798,2020,0,932,3049,10819,,
85,63,76,92,0,0,0,0,1804,1803,1804,1804,0,0,0,0,11,905,2020,2798,2020,0,932,3049,10819,,
69,69,76,83,0,0,0,0,1804,1804,1804,1805,0,0,0,0,2,905,2020,2797,2020,0,932,3049,10818,,
84,73,66,81,0,0,0,0,1803,1804,1804,1804,0,0,0,0,6,905,2020,2798,2020,0,932,3049,10819,,
84,64,78,84,0,0,0,0,1803,1803,1804,1801,0,0,0,0,6,905,2020,2797,2020,0,932,3049,10818,,
85,80,69,70,0,0,0,0,1799,1804,1804,1804,0,0,0,0,8,905,2020,2797,2020,0,932,3049,10818,,
81,66,92,76,0,0,0,0,1804,1804,1804,1803,0,0,0,0,7,905,2020,2797,2020,0,932,3049,10818,,
70,66,83,81,0,0,0,0,1805,1803,1802,1801,0,0,0,0,26,905,2020,2797,2175,0,932,3049,10973,,
76,81,81,76,0,0,0,0,1803,1803,1802,1804,0,0,0,0,6,905,2020,2797,2020,0,932,3049,10818,,
84,69,61,75,0,0,0,0,1803,1804,1804,1804,0,0,0,0,19,905,2020,2797,2020,0,932,3049,10818,,
64,64,76,76,0,0,0,0,1804,1804,1804,1803,0,0,0,0,9,905,2020,2797,2020,0,932,3049,10818,,
58,84,93,76,0,0,0,0,1803,1803,1803,1804,0,0,0,0,5,905,2020,2797,2020,0,932,3049,10818,,
81,76,76,76,0,0,0,0,1803,1802,1803,1804,0,0,0,0,44,905,2175,2797,2175,0,932,3049,11128,,
63,76,91,61,0,0,0,0,1802,1799,1803,1804,0,0,0,0,38,905,2020,2641,2020,0,932,3049,10662,,
76,60,76,92,0,0,0,0,1803,1803,1803,1803,0,0,0,0,36,905,2020,2641,2020,0,932,3049,10662,,
76,69,78,76,0,0,0,0,1803,1803,1803,1803,0,0,0,0,4,905,2020,2797,2020,0,932,3049,10818,,
69,54,91,84,0,0,0,0,1803,1804,1803,1803,0,0,0,0,45,905,2020,2797,2020,0,932,3049,10818,,
83,76,63,84,0,0,0,0,1803,1804,1804,1803,0,0,0,0,47,905,1865,2797,2020,0,932,3049,10663,,
78,78,58,85,0,0,0,0,1803,1803,1803,1804,0,0,0,0,46,905,2020,2797,2020,0,932,3049,10818,,
75,83,78,83,0,0,0,0,1804,1804,1804,1803,0,0,0,0,13,905,2020,2797,2020,0,932,3049,10818,,
84,71,84,69,0,0,0,0,1806,1804,1803,1801,0,0,0,0,29,905,2020,2798,2020,0,932,3049,10819,,
71,54,83,71,0,0,0,0,1802,1804,1803,1804,0,0,0,0,21,905,2020,2642,2020,0,932,3049,10663,,
81,92,92,69,0,0,0,0,1804,1803,1803,1803,0,0,0,0,40,905,2020,2798,2020,0,932,3049,10819,,
81,85,84,66,0,0,0,0,1802,1805,1804,1803,0,0,0,0,47,905,2020,2798,2020,0,932,3049,10819,,
90,92,71,71,0,0,0,0,1803,1803,1803,1803,0,0,0,0,45,905,2020,2798,2020,0,932,3049,10819,,
86,83,66,71,0,0,0,0,1806,1803,1800,1803,0,0,0,0,23,905,2020,2797,2020,0,932,3049,10818,,
90,66,83,66,0,0,0,0,1803,1805,1804,1804,0,0,0,0,3,905,2020,2797,2020,0,932,3049,10818,,
76,84,63,75,0,0,0,0,1803,1804,1802,1804,0,0,0,0,47,905,2020,2641,2020,0,932,3049,10662,,
75,84,66,72,0,0,0,0,1804,1803,1804,1804,0,0,0,0,33,905,2020,2641,2020,0,932,3049,10662,,
75,75,85,66,0,0,0,0,1804,1803,1801,1799,0,0,0,0,2,905,2020,2642,2020,0,932,3049,10663,,
69,75,69,72,0,0,0,0,1802,1802,1801,1803,0,0,0,0,44,905,2020,2642,2020,0,932,3049,10663,,
76,85,75,72,0,0,0,0,1802,1804,1804,1804,0,0,0,0,4,905,2020,2642,2020,0,932,3049,10663,,
81,91,63,75,0,0,0,0,1804,1804,1803,1804,0,0,0,0,22,905,2020,2642,2020,0,932,3049,10663,,
75,71,84,78,0,0,0,0,1803,1802,1804,1804,0,0,0,0,8,905,1865,2642,2020,0,932,3049,10508,,
80,76,85,83,0,0,0,0,1803,1804,1804,1803,0,0,0,0,31,905,2020,2642,2020,0,932,3049,10663,,
84,84,75,83,0,0,0,0,1803,1805,1804,1803,0,0,0,0,45,905,2020,2797,2020,0,932,3049,10818,,
81,69,85,76,0,0,0,0,1802,1803,1802,1803,0,0,0,0,46,905,2020,2797,2020,0,932,3049,10818,,
71,75,75,75,0,0,0,0,1802,1804,1802,1803,0,0,0,0,29,905,1865,2642,2020,0,932,3049,10508,,
66,76,84,76,0,0,0,0,1803,1804,1803,1803,0,0,0,0,7,905,2020,2641,2020,0,932,3049,10662,,
72,83,85,84,0,0,0,0,1803,1803,1804,1804,0,0,0,0,3,905,2020,2641,2020,0,932,3049,10662,,
75,78,76,84,0,0,0,0,1803,1802,1803,1803,0,0,0,0,44,905,2020,2797,2020,0,932,3049,10818,,
83,64,64,78,0,0,0,0,1802,1804,1803,1803,0,0,0,0,35,905,2020,2797,2020,0,932,3049,10818,,
76,69,92,58,0,0,0,0,1801,1803,1802,1803,0,0,0,0,46,905,2020,2641,2020,0,932,3049,10662,,
66,66,90,84,0,0,0,0,1802,1805,1802,1803,0,0,0,0,41,905,2175,2641,2175,0,932,3049,10972,,
81,84,78,75,0,0,0,0,1804,1804,1804,1803,0,0,0,0,9,905,2175,2797,2175,0,932,3049,11128,,
73,84,91,85,0,0,0,0,1804,1804,1804,1803,0,0,0,0,0,905,2020,2797,2175,0,932,3049,10973,,
83,76,78,58,0,0,0,0,1803,1804,1802,1803,0,0,0,0,43,905,2020,2641,2020,0,932,3049,10662,,
58,66,75,76,0,0,0,0,1804,1803,1802,1804,0,0,0,0,45,905,1865,2642,2020,0,932,3049,10508,,
84,61,69,69,0,0,0,0,1802,1802,1804,1803,0,0,0,0,0,905,1865,2642,2020,0,777,3049,10353,,
75,85,61,45,0,0,0,0,1804,1800,1801,1803,0,0,0,0,0,905,1865,2642,2020,0,777,3049,10353,,
83,63,58,71,0,0,0,0,1803,1803,1803,1803,0,0,0,0,1,905,1710,2487,2020,0,777,3009,10003,,
83,84,61,57,0,0,0,0,1803,1802,1803,1802,0,0,0,0,41,905,1710,2487,2020,0,777,3009,10003,,
60,75,71,66,0,0,0,0,1801,1803,1803,1803,0,0,0,0,42,905,1710,2487,2020,0,777,3009,10003,,
66,72,58,61,0,0,0,0,1802,1803,1802,1803,0,0,0,0,15,905,1710,2487,2020,0,777,3009,10003,,
75,66,69,40,0,0,0,0,1804,1802,1803,1804,0,0,0,0,37,905,1710,2487,2020,0,777,3009,10003,,
91,75,63,83,0,0,0,0,1804,1801,1799,1804,0,0,0,0,1,905,1710,2487,2020,0,777,3009,10003,,
58,75,76,75,0,0,0,0,1803,1803,1801,1803,0,0,0,0,2,905,1710,2487,2020,0,777,3009,10003,,
78,54,66,69,0,0,0,0,1807,1804,1798,1804,0,0,0,0,4,905,1710,2488,2020,0,777,3009,10004,,
76,61,78,69,0,0,0,0,1804,1803,1802,1803,0,0,0,0,45,905,1710,2487,2020,0,777,3009,10003,,
72,71,69,57,0,0,0,0,1803,1804,1803,1804,0,0,0,0,47,905,1710,2488,2021,0,777,3009,10005,,
63,63,58,66,0,0,0,0,1803,1804,1802,1803,0,0,0,0,46,905,1710,2488,2021,0,777,3009,10005,,
78,61,91,66,0,0,0,0,1806,1803,1804,1804,0,0,0,0,46,905,1710,2488,2020,0,777,3009,10004,,
61,35,75,83,0,0,0,0,1804,1807,1804,1804,0,0,0,0,44,905,1710,2487,2020,0,777,3009,10003,,
66,69,68,61,0,0,0,0,1803,1802,1798,1804,0,0,0,0,27,905,1710,2487,2020,0,777,3009,10003,,
71,61,83,69,0,0,0,0,1801,1804,1802,1804,0,0,0,0,35,905,1555,2487,2020,0,777,3009,9848,,
63,81,50,69,0,0,0,0,1803,1803,1803,1802,0,0,0,0,44,905,1710,2487,2020,0,777,3009,10003,,
92,69,69,75,0,0,0,0,1804,1803,1803,1803,0,0,0,0,0,905,1710,2487,2020,0,777,3009,10003,,
75,75,84,54,0,0,0,0,1804,1804,1805,1802,0,0,0,0,45,905,1710,2487,2020,0,777,3009,10003,,
61,71,71,84,0,0,0,0,1799,1806,1799,1803,0,0,0,0,1,905,1710,2487,2020,0,777,3009,10003,,
83,72,54,66,0,0,0,0,1803,1803,1803,1803,0,0,0,0,0,905,1710,2488,2020,0,777,3009,10004,,
80,72,50,36,0,0,0,0,1802,1803,1802,1802,0,0,0,0,3,905,1710,2488,2021,0,777,3009,10005,,
81,78,46,50,0,0,0,0,1803,1801,1804,1802,0,0,0,0,0,905,1710,2488,2021,0,777,3009,10005,,
71,84,66,63,0,0,0,0,1804,1804,1802,1803,0,0,0,0,1,905,1710,2488,2021,0,777,3009,10005,,
72,75,53,75,0,0,0,0,1803,1803,1803,1803,0,0,0,0,32,905,1555,2488,2021,0,777,3009,9850,,
61,61,84,64,0,0,0,0,1804,1804,1803,1803,0,0,0,0,46,905,1710,2488,2021,0,777,3009,10005,,
53,50,83,75,0,0,0,0,1803,1804,1805,1803,0,0,0,0,23,905,1710,2488,2021,0,777,3009,10005,,
61,50,76,76,0,0,0,0,1803,1803,1802,1803,0,0,0,0,5,905,1710,2488,2021,0,777,3009,10005,,
66,66,81,61,0,0,0,0,1804,1804,1806,1802,0,0,0,0,1,905,1710,2488,2021,0,777,3009,10005,,
86,71,53,41,0,0,0,0,1803,1802,1804,1803,0,0,0,0,0,905,1555,2332,2021,0,777,3009,9694,,
58,53,50,58,0,0,0,0,1804,1802,1804,1803,0,0,0,0,45,905,1555,2332,2021,0,777,3009,9694,,
66,69,84,57,0,0,0,0,1804,1803,1803,1801,0,0,0,0,44,905,1555,2332,2021,0,777,3009,9694,,
84,58,66,76,0,0,0,0,1803,1803,1804,1803,0,0,0,0,2,905,1710,2488,2021,0,777,3009,10005,,
58,36,69,75,0,0,0,0,1803,1800,1801,1803,0,0,0,0,44,905,1710,2332,2021,0,777,3009,9849,,
76,66,54,53,0,0,0,0,1803,1808,1805,1801,0,0,0,0,45,905,1710,2332,2021,0,777,3009,9849,,
66,66,76,69,0,0,0,0,1802,1804,1804,1804,0,0,0,0,25,905,1710,2332,2021,0,777,3009,9849,,
53,63,72,75,0,0,0,0,1804,1803,1803,1804,0,0,0,0,44,905,1710,2488,2020,0,777,3009,10004,,
66,58,54,50,0,0,0,0,1804,1802,1804,1803,0,0,0,0,44,905,1710,2487,2020,0,777,3009,10003,,
66,66,69,69,0,0,0,0,1804,1802,1804,1803,0,0,0,0,2,905,1710,2487,2020,0,777,3009,10003,,
81,66,64,58,0,0,0,0,1803,1803,1803,1802,0,0,0,0,0,905,1710,2487,2020,0,777,3009,10003,,
69,76,58,58,0,0,0,0,1802,1801,1804,1804,0,0,0,0,0,905,1555,2487,2020,0,777,3009,9848,,
81,76,69,71,0,0,0,0,1803,1803,1803,1803,0,0,0,0,17,905,1710,2487,2020,0,777,3009,10003,,
76,66,69,60,0,0,0,0,1804,1803,1805,1805,0,0,0,0,3,905,1710,2487,2020,0,777,3009,10003,,
69,81,66,66,0,0,0,0,1803,1801,1804,1804,0,0,0,0,30,905,1710,2487,2020,0,777,3009,10003,,
41,60,76,73,0,0,0,0,1805,1799,1804,1803,0,0,0,0,45,905,1710,2487,2020,0,777,3009,10003,,
64,53,75,71,0,0,0,0,1803,1800,1802,1803,0,0,0,0,0,905,1710,2487,2020,0,777,3009,10003,,
83,76,61,50,0,0,0,0,1803,1802,1802,1802,0,0,0,0,40,905,1710,2487,2020,0,777,3009,10003,,
76,76,90,75,0,0,0,0,1803,1803,1795,1806,0,0,0,0,2,905,1710,2487,2020,0,777,3009,10003,,
75,71,78,76,0,0,0,0,1803,1804,1802,1803,0,0,0,0,19,905,1710,2487,2020,0,777,3009,10003,,
58,66,58,46,0,0,0,0,1803,1803,1803,1805,0,0,0,0,44,905,1710,2487,2020,0,777,3009,10003,,
75,66,69,54,0,0,0,0,1801,1803,1804,1804,0,0,0,0,45,905,1710,2487,2020,0,777,3009,10003,,
58,50,75,69,0,0,0,0,1804,1804,1804,1803,0,0,0,0,3,905,1710,2331,2020,0,777,3009,9847,,
75,66,61,45,0,0,0,0,1801,1804,1803,1808,0,0,0,0,44,905,1710,2331,2020,0,777,3009,9847,,
58,83,63,61,0,0,0,0,1803,1803,1803,1804,0,0,0,0,0,905,1710,2331,2020,0,777,3009,9847,,
50,54,69,76,0,0,0,0,1800,1803,1802,1804,0,0,0,0,0,905,1710,2331,2020,0,777,3009,9847,,
61,61,75,72,0,0,0,0,1804,1804,1804,1804,0,0,0,0,0,905,1710,2332,2020,0,777,3009,9848,,
69,58,66,76,0,0,0,0,1801,1804,1803,1804,0,0,0,0,1,905,1710,2332,2021,0,777,3009,9849,,
69,63,50,66,0,0,0,0,1804,1804,1803,1803,0,0,0,0,20,905,1710,2332,2021,0,777,3009,9849,,
66,64,78,76,0,0,0,0,1803,1803,1804,1803,0,0,0,0,0,905,1710,2332,2021,0,777,3009,9849,,
60,63,76,54,0,0,0,0,1803,1795,1803,1804,0,0,0,0,23,905,1710,2332,2021,0,777,3009,9849,,
54,61,81,78,0,0,0,0,1803,1806,1803,1803,0,0,0,0,0,905,1710,2332,2021,0,777,3009,9849,,
54,71,69,75,0,0,0,0,1804,1804,1803,1803,0,0,0,0,10,905,1710,2332,2021,0,777,3009,9849,,
64,90,75,69,0,0,0,0,1805,1804,1804,1803,0,0,0,0,26,905,1710,2488,2021,0,777,3049,10045,,
92,78,84,85,0,0,0,0,1803,1805,1802,1804,0,0,0,0,3,905,1865,2642,2020,0,932,3049,10508,,
63,81,78,81,0,0,0,0,1803,1803,1801,1804,0,0,0,0,4,905,1865,2642,2020,0,932,3049,10508,,
78,80,92,75,0,0,0,0,1803,1804,1804,1804,0,0,0,0,45,905,2020,2642,2020,0,932,3049,10663,,
85,75,84,80,0,0,0,0,1804,1805,1803,1804,0,0,0,0,45,905,2020,2642,2176,0,932,3089,10859,,
91,92,83,81,0,0,0,0,1804,1803,1803,1804,0,0,0,0,44,905,2020,2642,2175,0,932,3089,10858,,
75,91,93,64,0,0,0,0,1804,1803,1804,1803,0,0,0,0,11,905,2020,2797,2175,0,932,3089,11013,,
83,76,81,72,0,0,0,0,1804,1802,1803,1803,0,0,0,0,5,905,2020,2641,2175,0,932,3089,10857,,
78,92,72,78,0,0,0,0,1803,1804,1802,1802,0,0,0,0,7,905,2020,2641,2175,0,932,3089,10857,,
80,66,73,92,0,0,0,0,1802,1803,1804,1802,0,0,0,0,4,905,2020,2641,2175,0,932,3089,10857,,
66,76,63,83,0,0,0,0,1803,1803,1802,1803,0,0,0,0,33,905,2020,2641,2175,0,932,3089,10857,,
75,92,75,78,0,0,0,0,1801,1803,1803,1803,0,0,0,0,36,905,2020,2642,2175,0,932,3089,10858,,
78,75,83,70,0,0,0,0,1804,1803,1804,1804,0,0,0,0,44,905,1865,2642,2176,0,932,3089,10704,,
66,83,85,91,0,0,0,0,1803,1803,1800,1801,0,0,0,0,4,905,1865,2642,2176,0,932,3089,10704,,
76,71,84,75,0,0,0,0,1801,1801,1803,1804,0,0,0,0,2,905,1865,2642,2020,0,932,3089,10548,,
92,83,66,75,0,0,0,0,1803,1803,1803,1804,0,0,0,0,35,905,2020,2641,2175,0,932,3089,10857,,
69,71,84,76,0,0,0,0,1803,1803,1803,1803,0,0,0,0,42,905,2020,2642,2020,0,932,3049,10663,,
66,75,84,83,0,0,0,0,1803,1804,1803,1803,0,0,0,0,46,905,2020,2641,2175,0,932,3049,10817,,
83,69,84,75,0,0,0,0,1802,1803,1803,1804,0,0,0,0,38,905,2020,2641,2020,0,932,3049,10662,,
76,84,58,63,0,0,0,0,1803,1803,1803,1804,0,0,0,0,21,905,2020,2641,2020,0,932,3049,10662,,
69,93,69,80,0,0,0,0,1804,1804,1802,1803,0,0,0,0,47,905,2020,2641,2020,0,932,3049,10662,,
78,57,78,71,0,0,0,0,1802,1803,1802,1803,0,0,0,0,46,905,2020,2641,2020,0,932,3049,10662,,
100,76,66,90,0,0,0,0,1804,1804,1803,1803,0,0,0,0,6,905,2175,2641,2175,0,932,3049,10972,,
87,53,66,69,0,0,0,0,1802,1803,1803,1803,0,0,0,0,46,905,2020,2641,2175,0,932,3049,10817,,
66,75,83,83,0,0,0,0,1803,1804,1803,1803,0,0,0,0,1,905,2020,2642,2175,0,932,3049,10818,,
91,78,76,61,0,0,0,0,1803,1803,1802,1803,0,0,0,0,45,905,2020,2642,2020,0,932,3049,10663,,
80,78,76,76,0,0,0,0,1803,1796,1803,1804,0,0,0,0,46,905,2176,2642,2176,0,932,3049,10975,,
76,90,76,69,0,0,0,0,1802,1804,1802,1804,0,0,0,0,5,905,2176,2642,2176,0,932,3049,10975,,
84,69,69,69,0,0,0,0,1803,1805,1804,1802,0,0,0,0,43,905,2020,2642,2176,0,932,3049,10819,,
76,84,66,63,0,0,0,0,1802,1806,1803,1805,0,0,0,0,5,905,2176,2641,2175,0,932,3049,10973,,
64,83,83,76,0,0,0,0,1800,1802,1800,1802,0,0,0,0,13,905,2175,2641,2020,0,932,3049,10817,,
81,75,76,84,0,0,0,0,1804,1802,1803,1803,0,0,0,0,40,905,2175,2641,2175,0,932,3049,10972,,
84,66,84,72,0,0,0,0,1803,1803,1803,1804,0,0,0,0,43,905,2175,2641,2175,0,932,3049,10972,,
73,80,69,78,0,0,0,0,1803,1802,1804,1803,0,0,0,0,5,905,2175,2641,2175,0,932,3049,10972,,
73,78,76,92,0,0,0,0,1803,1804,1802,1802,0,0,0,0,45,905,2176,2641,2020,0,932,3049,10818,,
90,75,63,92,0,0,0,0,1803,1808,1803,1804,0,0,0,0,5,905,2175,2641,2175,0,932,3049,10972,,
84,85,71,61,0,0,0,0,1804,1804,1805,1804,0,0,0,0,3,905,2175,2641,2175,0,932,3049,10972,,
83,83,72,76,0,0,0,0,1801,1804,1803,1805,0,0,0,0,4,905,2020,2641,2175,0,932,3089,10857,,
86,86,83,50,0,0,0,0,1803,1803,1804,1802,0,0,0,0,46,905,2175,2641,2175,0,932,3089,11012,,
72,76,69,81,0,0,0,0,1802,1803,1804,1804,0,0,0,0,46,905,2020,2641,2175,0,932,3089,10857,,
84,75,85,64,0,0,0,0,1804,1804,1801,1801,0,0,0,0,46,905,2020,2641,2175,0,932,3089,10857,,
91,84,63,54,0,0,0,0,1804,1803,1801,1804,0,0,0,0,26,905,2020,2641,2175,0,932,3049,10817,,
61,91,83,66,0,0,0,0,1804,1803,1804,1802,0,0,0,0,3,905,2020,2641,2175,0,932,3049,10817,,
84,83,61,78,0,0,0,0,1804,1805,1804,1803,0,0,0,0,4,905,2175,2641,2175,0,932,3049,10972,,
81,66,91,66,0,0,0,0,1803,1804,1804,1802,0,0,0,0,8,905,2020,2641,2020,0,932,3049,10662,,
84,78,69,75,0,0,0,0,1803,1803,1803,1803,0,0,0,0,47,905,2020,2641,2020,0,932,3049,10662,,
78,72,70,69,0,0,0,0,1804,1804,1803,1804,0,0,0,0,35,905,2020,2641,2175,0,932,3049,10817,,
84,76,85,73,0,0,0,0,1804,1803,1803,1801,0,0,0,0,26,905,2020,2641,2175,0,932,3049,10817,,
91,66,75,76,0,0,0,0,1805,1803,1804,1803,0,0,0,0,35,905,2176,2641,2175,0,932,3049,10973,,
92,85,71,83,0,0,0,0,1804,1804,1803,1804,0,0,0,0,46,905,2176,2641,2175,0,932,3049,10973,,
57,63,75,83,0,0,0,0,1803,1804,1803,1803,0,0,0,0,0,905,2020,2642,2020,0,932,3049,10663,,
70,46,75,66,0,0,0,0,1802,1804,1803,1803,0,0,0,0,31,905,1865,2642,2020,0,777,3049,10353,,
73,57,61,66,0,0,0,0,1806,1804,1804,1803,0,0,0,0,42,905,1865,2642,2020,0,777,3009,10313,,
58,69,75,57,0,0,0,0,1803,1806,1804,1804,0,0,0,0,0,905,1710,2487,2020,0,777,3009,10003,,
78,60,78,69,0,0,0,0,1804,1803,1804,1803,0,0,0,0,5,905,1710,2487,2020,0,777,3009,10003,,
45,61,61,66,0,0,0,0,1804,1804,1804,1804,0,0,0,0,38,905,1710,2487,2020,0,777,3009,10003,,
64,50,80,75,0,0,0,0,1804,1804,1804,1803,0,0,0,0,14,905,1710,2487,2020,0,777,3009,10003,,
54,58,64,84,0,0,0,0,1803,1803,1804,1804,0,0,0,0,47,905,1555,2487,2020,0,777,3009,9848,,
61,50,72,66,0,0,0,0,1800,1804,1803,1804,0,0,0,0,44,905,1710,2487,2020,0,777,3009,10003,,
70,57,71,63,0,0,0,0,1803,1803,1801,1801,0,0,0,0,46,905,1555,2332,2020,0,777,3009,9693,,
58,63,60,78,0,0,0,0,1809,1802,1803,1803,0,0,0,0,33,905,1710,2487,2020,0,777,3009,10003,,
66,64,80,71,0,0,0,0,1803,1803,1803,1802,0,0,0,0,2,905,1710,2488,2020,0,777,3009,10004,,
78,63,58,78,0,0,0,0,1803,1803,1802,1804,0,0,0,0,3,905,1555,2488,2021,0,777,3009,9850,,
63,69,66,66,0,0,0,0,1803,1803,1804,1803,0,0,0,0,9,905,1710,2487,2020,0,777,3009,10003,,
76,63,81,50,0,0,0,0,1802,1804,1801,1804,0,0,0,0,0,905,1555,2487,2020,0,777,3009,9848,,
66,61,41,75,0,0,0,0,1803,1803,1803,1803,0,0,0,0,7,905,1555,2488,2020,0,777,3009,9849,,
78,78,80,58,0,0,0,0,1801,1803,1803,1803,0,0,0,0,1,905,1710,2487,2020,0,777,3009,10003,,
69,53,69,84,0,0,0,0,1802,1803,1804,1804,0,0,0,0,5,905,1710,2487,2020,0,777,3009,10003,,
50,50,63,71,0,0,0,0,1803,1803,1802,1801,0,0,0,0,47,905,1555,2488,2020,0,777,3009,9849,,
72,85,61,54,0,0,0,0,1802,1800,1804,1804,0,0,0,0,8,905,1555,2488,2021,0,777,3009,9850,,
76,58,80,61,0,0,0,0,1804,1802,1804,1804,0,0,0,0,0,905,1555,2488,2021,0,777,3009,9850,,
61,50,75,75,0,0,0,0,1804,1803,1803,1798,0,0,0,0,2,905,1555,2488,2021,0,777,3009,9850,,
57,66,71,81,0,0,0,0,1803,1804,1804,1803,0,0,0,0,4,905,1555,2488,2021,0,777,3009,9850,,
58,69,72,80,0,0,0,0,1804,1804,1804,1804,0,0,0,0,47,905,1555,2488,2021,0,777,3009,9850,,
66,58,58,61,0,0,0,0,1804,1804,1799,1805,0,0,0,0,45,905,1555,2488,2021,0,777,3009,9850,,
78,64,50,58,0,0,0,0,1804,1804,1804,1804,0,0,0,0,0,905,1555,2488,2021,0,777,3009,9850,,
75,58,33,46,0,0,0,0,1804,1804,1804,1804,0,0,0,0,47,905,1555,2332,2021,0,777,2969,9654,,
66,90,58,78,0,0,0,0,1804,1804,1804,1803,0,0,0,0,2,905,1555,2332,2021,0,777,3009,9694,,
69,85,50,58,0,0,0,0,1803,1801,1804,1804,0,0,0,0,42,905,1555,2332,2021,0,777,3009,9694,,
71,91,53,66,0,0,0,0,1803,1803,1800,1803,0,0,0,0,0,905,1555,2488,2020,0,777,3009,9849,,
75,84,50,50,0,0,0,0,1803,1804,1801,1800,0,0,0,0,45,905,1555,2332,2021,0,777,3009,9694,,
75,58,78,76,0,0,0,0,1804,1804,1804,1805,0,0,0,0,44,905,1555,2488,2020,0,777,3009,9849,,
66,53,75,83,0,0,0,0,1803,1800,1803,1803,0,0,0,0,3,905,1555,2488,2021,0,777,3009,9850,,
66,64,84,71,0,0,0,0,1804,1804,1803,1804,0,0,0,0,29,905,1555,2488,2021,0,777,3009,9850,,
50,75,58,66,0,0,0,0,1804,1804,1804,1803,0,0,0,0,22,905,1555,2488,2021,0,777,3009,9850,,
61,50,83,81,0,0,0,0,1803,1804,1805,1804,0,0,0,0,38,905,1555,2488,2021,0,777,3009,9850,,
54,66,57,64,0,0,0,0,1803,1805,1804,1804,0,0,0,0,0,905,1555,2332,2021,0,777,3009,9694,,
50,46,91,63,0,0,0,0,1803,1803,1804,1803,0,0,0,0,40,905,1555,2332,2021,0,777,2969,9654,,
63,92,63,69,0,0,0,0,1804,1804,1803,1803,0,0,0,0,1,905,1555,2488,2021,0,777,3009,9850,,
76,45,53,53,0,0,0,0,1804,1804,1803,1804,0,0,0,0,47,905,1555,2332,2021,0,777,2969,9654,,
50,72,63,84,0,0,0,0,1803,1804,1802,1802,0,0,0,0,13,905,1555,2332,2021,0,777,3009,9694,,
64,69,61,63,0,0,0,0,1800,1803,1802,1803,0,0,0,0,48,905,1555,2332,2021,0,777,3009,9694,,
91,63,61,63,0,0,0,0,1803,1803,1802,1803,0,0,0,0,40,905,1555,2488,2021,0,777,3009,9850,,
76,71,61,57,0,0,0,0,1803,1803,1804,1808,0,0,0,0,4,905,1555,2488,2020,0,777,3009,9849,,
58,63,58,50,0,0,0,0,1803,1804,1803,1803,0,0,0,0,45,905,1555,2488,2021,0,777,3009,9850,,
61,83,66,63,0,0,0,0,1804,1804,1803,1802,0,0,0,0,0,905,1555,2488,2021,0,777,3009,9850,,
63,36,53,91,0,0,0,0,1801,1803,1803,1802,0,0,0,0,8,905,1555,2488,2020,0,777,3009,9849,,
64,57,71,61,0,0,0,0,1802,1804,1801,1803,0,0,0,0,2,905,1555,2332,2021,0,777,2969,9654,,
81,57,54,69,0,0,0,0,1804,1801,1796,1801,0,0,0,0,44,905,1555,2332,2021,0,777,3009,9694,,
50,54,64,72,0,0,0,0,1804,1804,1803,1804,0,0,0,0,18,905,1555,2332,2021,0,777,2969,9654,,
72,83,50,61,0,0,0,0,1804,1803,1803,1802,0,0,0,0,0,905,1555,2488,2021,0,777,2969,9810,,
61,61,63,72,0,0,0,0,1801,1804,1803,1803,0,0,0,0,2,905,1555,2332,2021,0,777,2969,9654,,
66,76,53,58,0,0,0,0,1804,1802,1804,1804,0,0,0,0,1,905,1555,2332,2021,0,777,2969,9654,,
83,50,66,58,0,0,0,0,1804,1804,1804,1804,0,0,0,0,0,905,1555,2332,2021,0,777,2969,9654,,
73,73,69,57,0,0,0,0,1803,1803,1803,1804,0,0,0,0,0,905,1555,2332,2021,0,777,3009,9694,,
76,66,69,60,0,0,0,0,1803,1803,1804,1802,0,0,0,0,45,905,1555,2332,2021,0,777,3009,9694,,
75,75,50,58,0,0,0,0,1803,1804,1803,1806,0,0,0,0,45,905,1555,2332,2021,0,777,3009,9694,,
58,63,75,69,0,0,0,0,1803,1803,1804,1804,0,0,0,0,0,905,1555,2332,2021,0,777,3009,9694,,
69,63,69,45,0,0,0,0,1804,1804,1803,1803,0,0,0,0,0,905,1555,2332,2021,0,777,3009,9694,,
64,71,50,78,0,0,0,0,1803,1804,1804,1802,0,0,0,0,5,905,1555,2332,2021,0,777,3009,9694,,
70,58,58,50,0,0,0,0,1801,1802,1804,1803,0,0,0,0,47,905,1555,2332,2021,0,777,2969,9654,,
61,84,58,72,0,0,0,0,1804,1803,1804,1804,0,0,0,0,5,905,1555,2332,2021,0,777,3009,9694,,
46,61,57,61,0,0,0,0,1804,1804,1804,1804,0,0,0,0,2,905,1555,2332,2021,0,777,2969,9654,,
75,72,61,83,0,0,0,0,1806,1803,1803,1803,0,0,0,0,0,905,1555,2332,2021,0,777,3009,9694,,
69,81,61,69,0,0,0,0,1804,1804,1803,1804,0,0,0,0,1,905,1555,2332,2021,0,777,3009,9694,,
78,57,76,41,0,0,0,0,1803,1804,1804,1804,0,0,0,0,0,905,1555,2488,2021,0,777,3009,9850,,
71,71,76,50,0,0,0,0,1803,1803,1802,1804,0,0,0,0,40,905,1555,2332,2021,0,777,3009,9694,,
50,75,85,64,0,0,0,0,1803,1803,1802,1803,0,0,0,0,41,905,1555,2488,2021,0,777,3009,9850,,
76,66,66,54,0,0,0,0,1802,1803,1801,1803,0,0,0,0,0,905,1555,2488,2021,0,777,3009,9850,,
75,69,38,38,0,0,0,0,1803,1803,1804,1804,0,0,0,0,2,905,1555,2332,2021,0,777,2969,9654,,
58,80,66,84,0,0,0,0,1805,1804,1802,1801,0,0,0,0,1,905,1555,2488,2021,0,777,3009,9850,,
78,69,83,45,0,0,0,0,1806,1801,1804,1803,0,0,0,0,5,905,1555,2488,2021,0,777,3009,9850,,
58,61,58,69,0,0,0,0,1803,1803,1804,1804,0,0,0,0,13,905,1555,2488,2021,0,777,3009,9850,,
58,50,75,66,0,0,0,0,1802,1802,1803,1806,0,0,0,0,0,905,1555,2332,2021,0,777,2969,9654,,
83,53,57,61,0,0,0,0,1803,1803,1806,1803,0,0,0,0,2,905,1555,2332,2021,0,777,3009,9694,,
46,50,66,66,0,0,0,0,1804,1802,1804,1803,0,0,0,0,7,905,1555,2332,2021,0,777,2969,9654,,
73,75,53,91,0,0,0,0,1804,1804,1804,1803,0,0,0,0,0,905,1555,2332,2021,0,777,3009,9694,,
66,66,75,50,0,0,0,0,1804,1803,1803,1802,0,0,0,0,3,905,1555,2332,2021,0,777,3009,9694,,
45,69,81,61,0,0,0,0,1803,1804,1805,1803,0,0,0,0,47,905,1555,2332,2021,0,777,3009,9694,,
64,72,61,72,0,0,0,0,1804,1803,1799,1803,0,0,0,0,0,905,1555,2331,2020,0,777,3009,9692,,
83,71,50,50,0,0,0,0,1801,1804,1803,1804,0,0,0,0,44,905,1555,2332,2021,0,777,3009,9694,,
72,69,66,50,0,0,0,0,1804,1799,1802,1803,0,0,0,0,32,905,1555,2332,2021,0,777,2969,9654,,
60,54,69,72,0,0,0,0,1804,1802,1803,1803,0,0,0,0,0,905,1555,2332,2021,0,777,3009,9694,,
63,73,71,64,0,0,0,0,1803,1803,1803,1805,0,0,0,0,43,905,1555,2332,2021,0,777,3009,9694,,
50,53,81,80,0,0,0,0,1803,1803,1802,1803,0,0,0,0,47,905,1555,2488,2021,0,777,3009,9850,,
46,61,61,71,0,0,0,0,1803,1802,1803,1804,0,0,0,0,0,905,1555,2332,2021,0,777,3009,9694,,
58,33,83,75,0,0,0,0,1805,1804,1803,1804,0,0,0,0,46,905,1555,2332,2021,0,777,2969,9654,,
61,75,66,58,0,0,0,0,1803,1800,1803,1803,0,0,0,0,0,905,1555,2332,2021,0,777,3009,9694,,
71,69,61,50,0,0,0,0,1804,1804,1803,1803,0,0,0,0,45,905,1555,2332,2021,0,777,2969,9654,,
90,54,75,69,0,0,0,0,1803,1803,1803,1801,0,0,0,0,46,905,1555,2487,2020,0,777,3009,9848,,
66,66,57,58,0,0,0,0,1804,1801,1804,1804,0,0,0,0,16,905,1555,2332,2021,0,777,2969,9654,,
66,69,63,53,0,0,0,0,1804,1808,1805,1803,0,0,0,0,0,905,1555,2332,2021,0,777,3009,9694,,
66,61,71,72,0,0,0,0,1803,1804,1804,1803,0,0,0,0,4,905,1555,2332,2021,0,777,3009,9694,,
71,66,71,73,0,0,0,0,1804,1802,1803,1801,0,0,0,0,3,905,1555,2488,2021,0,777,3009,9850,,
66,72,41,84,0,0,0,0,1804,1804,1803,1804,0,0,0,0,45,905,1555,2488,2021,0,777,3009,9850,,
69,69,75,50,0,0,0,0,1802,1803,1803,1804,0,0,0,0,26,905,1710,2488,2021,0,777,3009,10005,,
70,76,58,76,0,0,0,0,1804,1804,1804,1803,0,0,0,0,3,905,1555,2488,2021,0,777,3009,9850,,
71,84,69,50,0,0,0,0,1802,1803,1803,1807,0,0,0,0,4,905,1555,2488,2021,0,777,3009,9850,,
58,58,83,50,0,0,0,0,1802,1804,1804,1805,0,0,0,0,0,905,1710,2488,2021,0,777,3009,10005,,
76,75,69,71,0,0,0,0,1802,1804,1801,1804,0,0,0,0,7,905,1710,2488,2021,0,777,3009,10005,,
78,64,64,85,0,0,0,0,1801,1803,1804,1803,0,0,0,0,10,905,1555,2487,2020,0,777,3009,9848,,
53,71,69,66,0,0,0,0,1802,1803,1803,1804,0,0,0,0,44,905,1710,2487,2020,0,777,3009,10003,,
69,36,58,76,0,0,0,0,1803,1803,1803,1801,0,0,0,0,21,905,1710,2487,2020,0,777,3009,10003,,
63,46,76,70,0,0,0,0,1803,1803,1803,1804,0,0,0,0,40,905,1554,2331,2020,0,777,3009,9691,,
69,69,71,57,0,0,0,0,1803,1808,1803,1804,0,0,0,0,20,905,1555,2331,2020,0,777,3009,9692,,
69,71,57,60,0,0,0,0,1803,1803,1803,1802,0,0,0,0,0,905,1710,2332,2021,0,777,3009,9849,,
71,53,69,66,0,0,0,0,1801,1804,1803,1802,0,0,0,0,4,905,1555,2332,2021,0,777,3009,9694,,
69,75,58,72,0,0,0,0,1803,1802,1803,1804,0,0,0,0,44,905,1555,2332,2021,0,777,3009,9694,,
64,66,84,42,0,0,0,0,1804,1804,1803,1803,0,0,0,0,44,905,1710,2332,2021,0,777,3009,9849,,
81,71,69,66,0,0,0,0,1803,1804,1804,1803,0,0,0,0,0,905,1710,2488,2021,0,777,3009,10005,,
69,66,69,76,0,0,0,0,1803,1804,1802,1803,0,0,0,0,2,905,1555,2332,2021,0,777,3009,9694,,
76,66,58,58,0,0,0,0,1800,1803,1804,1804,0,0,0,0,0,905,1710,2488,2021,0,777,3009,10005,,
60,84,66,61,0,0,0,0,1804,1798,1802,1803,0,0,0,0,12,905,1710,2488,2021,0,777,3009,10005,,
71,63,76,66,0,0,0,0,1804,1799,1804,1805,0,0,0,0,32,905,1710,2488,2021,0,777,3009,10005,,
76,50,58,72,0,0,0,0,1798,1803,1803,1802,0,0,0,0,45,905,1710,2488,2021,0,777,3009,10005,,
58,46,83,69,0,0,0,0,1805,1803,1804,1806,0,0,0,0,0,905,1710,2488,2021,0,777,3009,10005,,
69,66,57,66,0,0,0,0,1803,1801,1803,1802,0,0,0,0,46,905,1555,2332,2021,0,777,3009,9694,,
54,66,63,69,0,0,0,0,1804,1806,1804,1803,0,0,0,0,20,905,1710,2332,2021,0,777,3009,9849,,
53,66,69,83,0,0,0,0,1802,1803,1803,1803,0,0,0,0,2,905,1710,2332,2021,0,777,3009,9849,,
76,57,45,76,0,0,0,0,1804,1803,1804,1804,0,0,0,0,46,905,1555,2332,2021,0,777,3009,9694,,
84,69,53,64,0,0,0,0,1803,1802,1803,1803,0,0,0,0,46,905,1710,2332,2021,0,777,3009,9849,,
71,58,66,83,0,0,0,0,1804,1804,1804,1803,0,0,0,0,2,905,1710,2332,2021,0,777,3009,9849,,
45,45,83,66,0,0,0,0,1802,1804,1804,1804,0,0,0,0,39,905,1555,2332,2021,0,777,3009,9694,,
33,53,83,66,0,0,0,0,1803,1804,1802,1804,0,0,0,0,3,905,1555,2332,2021,0,777,3009,9694,,
53,45,84,57,0,0,0,0,1803,1803,1803,1803,0,0,0,0,0,905,1555,2332,2021,0,777,3009,9694,,
69,58,54,50,0,0,0,0,1804,1801,1801,1804,0,0,0,0,24,905,1555,2332,2021,0,777,2969,9654,,
83,66,64,64,0,0,0,0,1803,1804,1804,1804,0,0,0,0,0,905,1555,2332,2021,0,777,3009,9694,,
66,75,64,66,0,0,0,0,1802,1804,1803,1804,0,0,0,0,1,905,1555,2332,2021,0,777,3009,9694,,
69,71,83,57,0,0,0,0,1805,1804,1804,1804,0,0,0,0,44,905,1555,2332,2021,0,777,3009,9694,,
75,53,57,81,0,0,0,0,1804,1803,1803,1804,0,0,0,0,38,905,1710,2332,2020,0,777,3009,9848,,
66,75,66,54,0,0,0,0,1803,1803,1803,1804,0,0,0,0,3,905,1710,2332,2021,0,777,3009,9849,,
78,64,54,71,0,0,0,0,1803,1803,1804,1804,0,0,0,0,46,905,1555,2332,2021,0,777,3009,9694,,
58,78,85,69,0,0,0,0,1802,1804,1803,1803,0,0,0,0,45,905,1555,2488,2021,0,777,3009,9850,,
61,54,60,72,0,0,0,0,1804,1804,1804,1804,0,0,0,0,0,905,1710,2488,2021,0,777,3009,10005,,
50,38,38,83,0,0,0,0,1804,1804,1804,1804,0,0,0,0,0,905,1555,2332,2021,0,777,2969,9654,,
57,50,45,100,0,0,0,0,1804,1803,1802,1804,0,0,0,0,3,905,1399,2332,2021,0,777,2969,9498,,
41,75,30,64,0,0,0,0,1803,1802,1803,1804,0,0,0,0,0,905,1399,2332,1866,0,622,2969,9188,,
91,53,36,61,0,0,0,0,1804,1802,1803,1803,0,0,0,0,44,905,1399,2332,1866,0,622,2969,9188,,
91,38,23,41,0,0,0,0,1803,1803,1804,1804,0,0,0,0,0,905,1244,2177,1866,0,622,2929,8838,,
35,42,92,61,0,0,0,0,1804,1803,1803,1804,0,0,0,0,0,905,1244,2177,1866,0,622,2929,8838,,
50,33,50,46,0,0,0,0,1805,1804,1804,1802,0,0,0,0,23,905,1244,2178,1867,0,622,2929,8840,,
90,38,38,41,0,0,0,0,1804,1803,1791,1795,0,0,0,0,0,905,1244,2178,1867,0,622,2929,8840,,
46,41,100,61,0,0,0,0,1803,1804,1803,1803,0,0,0,0,0,905,1244,2178,1867,0,622,2929,8840,,
38,69,57,45,0,0,0,0,1801,1802,1804,1804,0,0,0,0,0,905,1244,2178,1867,0,622,2929,8840,,
83,46,50,58,0,0,0,0,1804,1804,1804,1802,0,0,0,0,0,905,1244,2178,1867,0,622,2929,8840,,
38,40,83,33,0,0,0,0,1803,1804,1804,1803,0,0,0,0,1,905,1244,2178,1867,0,622,2929,8840,,
38,86,73,50,0,0,0,0,1803,1798,1802,1807,0,0,0,0,0,905,1089,2178,1867,0,622,2929,8685,,
41,90,33,50,0,0,0,0,1802,1803,1799,1800,0,0,0,0,0,905,1244,2178,1867,0,622,2929,8840,,
66,84,69,50,0,0,0,0,1803,1801,1802,1803,0,0,0,0,0,905,1244,2178,1866,0,622,2929,8839,,
50,81,27,33,0,0,0,0,1804,1804,1808,1799,0,0,0,0,0,905,1244,2178,1867,0,622,2929,8840,,
42,93,57,46,0,0,0,0,1804,1803,1804,1804,0,0,0,0,0,905,1244,2178,1866,0,622,2929,8839,,
33,90,41,33,0,0,0,0,1802,1803,1805,1804,0,0,0,0,0,905,1244,2178,1867,0,622,2929,8840,,
53,84,50,64,0,0,0,0,1802,1803,1804,1798,0,0,0,0,10,905,1244,2333,1867,0,622,2929,8995,,
50,38,25,91,0,0,0,0,1802,1803,1802,1799,0,0,0,0,4,905,1244,2333,1867,0,622,2929,8995,,
58,54,57,72,0,0,0,0,1804,1804,1803,1804,0,0,0,0,0,905,1244,2333,1866,0,622,2929,8994,,
50,58,75,25,0,0,0,0,1804,1800,1803,1803,0,0,0,0,2,905,1244,2333,1867,0,622,2929,8995,,
85,64,50,61,0,0,0,0,1802,1803,1803,1803,0,0,0,0,0,905,1244,2332,1866,0,622,2929,8993,,
66,33,41,63,0,0,0,0,1804,1803,1803,1803,0,0,0,0,5,905,1244,2333,1866,0,622,2929,8994,,
46,75,53,46,0,0,0,0,1806,1804,1799,1803,0,0,0,0,0,905,1089,2178,1867,0,622,2929,8685,,
41,90,50,33,0,0,0,0,1801,1803,1801,1804,0,0,0,0,5,905,1244,2178,1867,0,622,2929,8840,,
64,75,38,53,0,0,0,0,1804,1803,1804,1804,0,0,0,0,0,905,1089,2178,1867,0,622,2929,8685,,
50,58,50,58,0,0,0,0,1803,1802,1803,1804,0,0,0,0,17,905,1244,2178,1867,0,622,2929,8840,,
61,41,76,46,0,0,0,0,1803,1803,1804,1804,0,0,0,0,0,905,1089,2178,1867,0,622,2929,8685,,
58,76,53,41,0,0,0,0,1804,1804,1803,1808,0,0,0,0,46,905,1244,2178,1867,0,622,2929,8840,,
20,9,92,53,0,0,0,0,1802,1803,1803,1803,0,0,0,0,0,905,1244,2178,1867,0,622,2929,8840,,
46,38,81,66,0,0,0,0,1801,1804,1803,1804,0,0,0,0,0,905,1089,2178,1867,0,622,2929,8685,,
61,28,66,53,0,0,0,0,1804,1801,1804,1802,0,0,0,0,10,905,1244,2178,1867,0,622,2929,8840,,
50,33,57,75,0,0,0,0,1803,1804,1803,1804,0,0,0,0,0,905,1089,2178,1867,0,622,2929,8685,,
41,36,53,91,0,0,0,0,1802,1803,1804,1803,0,0,0,0,41,905,1244,2178,1867,0,622,2929,8840,,
27,84,33,33,0,0,0,0,1802,1802,1804,1804,0,0,0,0,0,905,1089,2178,1867,0,622,2929,8685,,
92,45,54,57,0,0,0,0,1804,1805,1804,1804,0,0,0,0,0,905,1244,2178,1867,0,622,2929,8840,,
90,50,33,9,0,0,0,0,1803,1804,1804,1804,0,0,0,0,0,905,1244,2178,1867,0,622,2929,8840,,
46,75,41,78,0,0,0,0,1804,1806,1803,1803,0,0,0,0,0,905,1244,2178,1867,0,622,2929,8840,,
50,61,61,27,0,0,0,0,1804,1802,1803,1803,0,0,0,0,1,905,1244,2178,1867,0,622,2929,8840,,
84,64,50,53,0,0,0,0,1802,1803,1805,1804,0,0,0,0,0,905,1244,2178,1867,0,622,2929,8840,,
33,46,91,27,0,0,0,0,1803,1801,1802,1802,0,0,0,0,14,905,1244,2178,1867,0,622,2929,8840,,
30,54,84,41,0,0,0,0,1804,1803,1802,1802,0,0,0,0,0,905,1089,2178,1867,0,622,2929,8685,,
53,41,90,25,0,0,0,0,1804,1804,1804,1804,0,0,0,0,34,905,1244,2178,1867,0,622,2929,8840,,
41,50,27,75,0,0,0,0,1803,1804,1803,1805,0,0,0,0,0,905,1089,2178,1867,0,622,2929,8685,,
53,33,61,83,0,0,0,0,1804,1803,1804,1804,0,0,0,0,6,905,1244,2178,1867,0,622,2929,8840,,
30,61,33,64,0,0,0,0,1804,1804,1804,1803,0,0,0,0,0,905,1244,2178,1867,0,622,2929,8840,,
60,57,46,78,0,0,0,0,1803,1804,1803,1804,0,0,0,0,3,905,1244,2178,1867,0,622,2929,8840,,
20,41,46,63,0,0,0,0,1803,1803,1800,1801,0,0,0,0,0,905,1089,2178,1867,0,622,2929,8685,,
71,41,45,85,0,0,0,0,1804,1800,1803,1803,0,0,0,0,0,905,1244,2178,1867,0,622,2929,8840,,
41,33,38,90,0,0,0,0,1805,1802,1801,1802,0,0,0,0,4,905,1244,2178,1867,0,622,2929,8840,,
61,84,42,50,0,0,0,0,1801,1799,1803,1806,0,0,0,0,15,905,1244,2178,1867,0,622,2929,8840,,
20,54,25,75,0,0,0,0,1804,1802,1803,1803,0,0,0,0,1,905,1244,2178,1867,0,622,2929,8840,,
50,85,33,46,0,0,0,0,1804,1803,1806,1803,0,0,0,0,0,905,1089,2178,1867,0,622,2929,8685,,
83,33,53,53,0,0,0,0,1804,1804,1804,1800,0,0,0,0,29,905,1244,2178,1867,0,622,2929,8840,,
46,33,84,27,0,0,0,0,1802,1803,1801,1803,0,0,0,0,0,905,1089,2178,1867,0,622,2929,8685,,
69,50,33,86,0,0,0,0,1803,1804,1802,1802,0,0,0,0,35,905,1244,2178,1867,0,622,2929,8840,,
53,33,42,90,0,0,0,0,1804,1802,1803,1803,0,0,0,0,0,905,1089,2178,1867,0,622,2929,8685,,
66,61,30,83,0,0,0,0,1800,1802,1804,1804,0,0,0,0,34,905,1244,2178,1867,0,622,2929,8840,,
50,64,42,87,0,0,0,0,1808,1803,1803,1803,0,0,0,0,0,905,1089,2178,1867,0,622,2929,8685,,
41,25,30,90,0,0,0,0,1804,1804,1804,1803,0,0,0,0,0,905,1244,2178,1867,0,622,2929,8840,,
41,76,54,41,0,0,0,0,1804,1803,1804,1804,0,0,0,0,0,905,1089,2178,1867,0,622,2929,8685,,
46,91,46,53,0,0,0,0,1804,1804,1804,1804,0,0,0,0,19,905,1244,2178,1867,0,622,2929,8840,,
66,45,30,46,0,0,0,0,1802,1801,1804,1804,0,0,0,0,0,905,1089,2178,1867,0,622,2929,8685,,
36,33,91,66,0,0,0,0,1804,1804,1802,1803,0,0,0,0,0,905,1244,2178,1867,0,622,2929,8840,,
25,30,92,41,0,0,0,0,1804,1804,1802,1803,0,0,0,0,0,905,1244,2178,1867,0,622,2929,8840,,
46,33,91,69,0,0,0,0,1803,1804,1804,1810,0,0,0,0,9,905,1244,2178,1867,0,622,2929,8840,,
33,58,50,46,0,0,0,0,1804,1804,1804,1803,0,0,0,0,2,905,1244,2178,1867,0,622,2929,8840,,
46,76,57,53,0,0,0,0,1804,1804,1804,1804,0,0,0,0,0,905,1244,2178,1867,0,622,2929,8840,,
27,91,30,33,0,0,0,0,1804,1803,1799,1802,0,0,0,0,0,905,1244,2178,1867,0,622,2929,8840,,
69,41,58,75,0,0,0,0,1803,1804,1804,1803,0,0,0,0,0,905,1089,2178,1867,0,622,2929,8685,,
46,33,91,30,0,0,0,0,1803,1803,1804,1804,0,0,0,0,25,905,1244,2178,1867,0,622,2929,8840,,
81,41,38,50,0,0,0,0,1803,1803,1803,1804,0,0,0,0,0,905,1089,2178,1867,0,622,2929,8685,,
84,61,53,28,0,0,0,0,1804,1803,1803,1804,0,0,0,0,42,905,1244,2178,1867,0,622,2929,8840,,
18,53,66,50,0,0,0,0,1803,1803,1804,1803,0,0,0,0,0,905,1089,2178,1867,0,622,2929,8685,,
54,46,83,50,0,0,0,0,1804,1804,1804,1803,0,0,0,0,44,905,1244,2178,1867,0,622,2929,8840,,
61,38,46,41,0,0,0,0,1802,1804,1803,1803,0,0,0,0,0,905,1244,2022,1867,0,622,2929,8684,,
69,61,50,53,0,0,0,0,1803,1804,1804,1804,0,0,0,0,0,905,1244,2178,1867,0,622,2929,8840,,
61,69,50,23,0,0,0,0,1803,1804,1803,1803,0,0,0,0,0,905,1244,2178,1867,0,622,2929,8840,,
71,83,33,16,0,0,0,0,1803,1802,1803,1804,0,0,0,0,0,905,1089,2022,1867,0,622,2929,8529,,
63,76,53,30,0,0,0,0,1804,1804,1804,1803,0,0,0,0,47,905,1244,2178,1867,0,622,2929,8840,,
53,38,84,42,0,0,0,0,1804,1803,1803,1804,0,0,0,0,0,905,1089,2022,1867,0,622,2929,8529,,
33,69,91,41,0,0,0,0,1803,1803,1803,1804,0,0,0,0,34,905,1244,2178,1867,0,622,2929,8840,,
50,46,84,46,0,0,0,0,1803,1804,1802,1804,0,0,0,0,0,905,1244,2178,1867,0,622,2929,8840,,
78,83,25,41,0,0,0,0,1803,1803,1803,1803,0,0,0,0,20,905,1244,2178,1867,0,622,2929,8840,,
45,36,42,75,0,0,0,0,1803,1801,1804,1803,0,0,0,0,0,905,1244,2178,1867,0,622,2929,8840,,
83,41,63,50,0,0,0,0,1804,1803,1803,1803,0,0,0,0,0,905,1089,2178,1867,0,622,2929,8685,,
33,50,66,63,0,0,0,0,1805,1802,1803,1803,0,0,0,0,0,905,1244,2178,1867,0,622,2929,8840,,
42,85,53,46,0,0,0,0,1803,1804,1803,1801,0,0,0,0,0,905,1089,2178,1867,0,622,2929,8685,,
84,41,54,33,0,0,0,0,1802,1803,1803,1804,0,0,0,0,13,905,1244,2178,1867,0,622,2929,8840,,
33,60,42,80,0,0,0,0,1803,1803,1806,1803,0,0,0,0,0,905,1089,2178,1867,0,622,2929,8685,,
72,27,84,25,0,0,0,0,1803,1803,1803,1803,0,0,0,0,41,905,1244,2178,1867,0,622,2929,8840,,
84,58,66,41,0,0,0,0,1803,1803,1805,1802,0,0,0,0,0,905,1244,2178,1867,0,622,2929,8840,,
92,46,50,25,0,0,0,0,1803,1804,1803,1803,0,0,0,0,9,905,1244,2178,1867,0,622,2929,8840,,
81,46,50,53,0,0,0,0,1803,1804,1805,1803,0,0,0,0,0,905,1244,2178,1867,0,622,2929,8840,,
41,91,58,18,0,0,0,0,1804,1804,1804,1803,0,0,0,0,4,905,1244,2178,1867,0,622,2929,8840,,
33,85,61,58,0,0,0,0,1803,1804,1803,1804,0,0,0,0,0,905,1244,2178,1866,0,622,2929,8839,,
66,53,36,41,0,0,0,0,1803,1803,1803,1804,0,0,0,0,0,905,1244,2178,1867,0,622,2929,8840,,
85,75,45,57,0,0,0,0,1804,1800,1804,1802,0,0,0,0,29,905,1244,2333,1867,0,622,2929,8995,,
61,61,46,83,0,0,0,0,1803,1804,1803,1804,0,0,0,0,0,905,1244,2333,1867,0,622,2929,8995,,
63,27,63,16,0,0,0,0,1803,1804,1803,1802,0,0,0,0,0,905,1244,2178,1867,0,622,2929,8840,,
84,33,78,58,0,0,0,0,1802,1804,1803,1804,0,0,0,0,47,905,1244,2178,1867,0,622,2929,8840,,
33,23,83,54,0,0,0,0,1804,1803,1799,1803,0,0,0,0,0,905,1244,2178,1867,0,622,2929,8840,,
69,41,54,58,0,0,0,0,1803,1803,1803,1804,0,0,0,0,3,905,1244,2178,1867,0,622,2929,8840,,
45,58,61,75,0,0,0,0,1804,1803,1803,1805,0,0,0,0,9,905,1244,2178,1867,0,622,2929,8840,,
61,61,50,64,0,0,0,0,1803,1802,1804,1802,0,0,0,0,0,905,1244,2178,1867,0,622,2969,8880,,
27,23,90,61,0,0,0,0,1803,1803,1802,1803,0,0,0,0,20,905,1244,2178,1867,0,622,2929,8840,,
71,54,38,76,0,0,0,0,1803,1804,1803,1803,0,0,0,0,45,905,1244,2178,1867,0,622,2929,8840,,
38,57,75,72,0,0,0,0,1804,1804,1803,1803,0,0,0,0,3,905,1400,2178,1867,0,622,2969,9036,,
41,91,61,58,0,0,0,0,1803,1804,1802,1802,0,0,0,0,6,905,1400,2178,1866,0,622,2969,9035,,
64,85,61,64,0,0,0,0,1803,1804,1804,1804,0,0,0,0,1,905,1399,2332,1866,0,622,2969,9188,,
50,84,30,27,0,0,0,0,1803,1803,1804,1804,0,0,0,0,0,905,1244,2177,1866,0,622,2929,8838,,
53,41,91,57,0,0,0,0,1802,1803,1804,1803,0,0,0,0,4,905,1244,2332,1866,0,622,2929,8993,,
66,66,45,69,0,0,0,0,1804,1803,1804,1804,0,0,0,0,22,905,1399,2332,1866,0,622,2969,9188,,
84,53,41,41,0,0,0,0,1806,1802,1801,1804,0,0,0,0,0,905,1244,2177,1866,0,622,2969,8878,,
76,58,58,36,0,0,0,0,1803,1803,1804,1804,0,0,0,0,12,905,1244,2177,1866,0,622,2929,8838,,
66,58,69,23,0,0,0,0,1802,1803,1804,1805,0,0,0,0,1,905,1244,2332,1866,0,622,2929,8993,,
84,76,53,33,0,0,0,0,1803,1803,1804,1804,0,0,0,0,34,905,1399,2332,1866,0,622,2969,9188,,
46,36,90,45,0,0,0,0,1803,1798,1803,1801,0,0,0,0,0,905,1244,2177,1866,0,622,2929,8838,,
36,53,33,85,0,0,0,0,1804,1804,1804,1804,0,0,0,0,1,905,1244,2177,1866,0,622,2929,8838,,
61,46,53,91,0,0,0,0,1803,1802,1803,1804,0,0,0,0,0,905,1399,2332,1866,0,622,2969,9188,,
57,38,46,80,0,0,0,0,1802,1801,1803,1804,0,0,0,0,0,905,1399,2332,1866,0,622,2969,9188,,
36,30,84,33,0,0,0,0,1803,1804,1803,1803,0,0,0,0,0,905,1244,2178,1867,0,622,2929,8840,,
60,92,66,27,0,0,0,0,1803,1803,1803,1803,0,0,0,0,37,905,1244,2178,1867,0,622,2929,8840,,
38,50,64,76,0,0,0,0,1803,1802,1803,1803,0,0,0,0,0,905,1244,2178,1867,0,622,2929,8840,,
30,83,46,61,0,0,0,0,1801,1801,1801,1803,0,0,0,0,18,905,1244,2333,1867,0,622,2929,8995,,
58,83,50,58,0,0,0,0,1802,1803,1802,1802,0,0,0,0,31,905,1244,2333,1867,0,622,2929,8995,,
46,53,69,58,0,0,0,0,1805,1803,1803,1803,0,0,0,0,0,905,1244,2333,1867,0,622,2929,8995,,
64,42,63,58,0,0,0,0,1803,1806,1804,1803,0,0,0,0,4,905,1244,2333,1867,0,622,2929,8995,,
38,50,64,85,0,0,0,0,1803,1803,1804,1804,0,0,0,0,0,905,1244,2333,1867,0,622,2929,8995,,
58,18,50,66,0,0,0,0,1803,1803,1802,1801,0,0,0,0,0,905,1244,2178,1867,0,622,2929,8840,,
81,50,46,66,0,0,0,0,1804,1804,1802,1799,0,0,0,0,40,905,1244,2333,1867,0,622,2929,8995,,
53,76,66,53,0,0,0,0,1804,1803,1803,1802,0,0,0,0,0,905,1244,2178,1867,0,622,2929,8840,,
61,66,50,46,0,0,0,0,1804,1803,1806,1804,0,0,0,0,0,905,1244,2333,1867,0,622,2929,8995,,
75,41,58,41,0,0,0,0,1804,1807,1803,1803,0,0,0,0,16,905,1244,2333,1867,0,622,2929,8995,,
83,41,50,81,0,0,0,0,1804,1803,1804,1803,0,0,0,0,0,905,1244,2332,1866,0,622,2929,8993,,
60,69,46,53,0,0,0,0,1803,1804,1804,1804,0,0,0,0,0,905,1244,2178,1867,0,622,2929,8840,,
61,45,66,41,0,0,0,0,1804,1804,1804,1804,0,0,0,0,27,905,1244,2177,1866,0,622,2929,8838,,
50,53,75,53,0,0,0,0,1804,1803,1803,1804,0,0,0,0,0,905,1244,2178,1867,0,622,2929,8840,,
45,50,84,41,0,0,0,0,1803,1803,1803,1803,0,0,0,0,34,905,1244,2178,1867,0,622,2929,8840,,
53,45,83,57,0,0,0,0,1803,1804,1806,1806,0,0,0,0,0,905,1244,2178,1866,0,622,2929,8839,,
33,83,25,53,0,0,0,0,1804,1803,1804,1802,0,0,0,0,0,905,1244,2178,1867,0,622,2929,8840,,
50,84,50,66,0,0,0,0,1804,1802,1803,1803,0,0,0,0,45,905,1244,2177,1866,0,622,2929,8838,,
46,61,46,75,0,0,0,0,1804,1804,1803,1803,0,0,0,0,0,905,1244,2178,1866,0,622,2929,8839,,
46,50,63,66,0,0,0,0,1803,1804,1804,1804,0,0,0,0,1,905,1244,2178,1866,0,622,2929,8839,,
46,69,78,75,0,0,0,0,1803,1804,1803,1803,0,0,0,0,0,905,1244,2178,1866,0,622,2929,8839,,
41,50,78,50,0,0,0,0,1802,1807,1803,1804,0,0,0,0,0,905,1244,2177,1866,0,622,2969,8878,,
38,71,61,38,0,0,0,0,1804,1803,1802,1801,0,0,0,0,0,905,1244,2178,1866,0,622,2929,8839,,
75,58,53,58,0,0,0,0,1803,1804,1804,1804,0,0,0,0,18,905,1244,2177,1866,0,622,2929,8838,,
50,81,27,50,0,0,0,0,1804,1805,1801,1803,0,0,0,0,0,905,1244,2178,1866,0,622,2929,8839,,
69,78,10,41,0,0,0,0,1804,1808,1801,1805,0,0,0,0,18,905,1244,2178,1866,0,622,2929,8839,,
50,83,46,57,0,0,0,0,1803,1803,1803,1803,0,0,0,0,2,905,1244,2177,1866,0,622,2929,8838,,
50,72,25,38,0,0,0,0,1804,1801,1805,1804,0,0,0,0,0,905,1244,2178,1867,0,622,2929,8840,,
46,69,66,66,0,0,0,0,1805,1803,1804,1801,0,0,0,0,47,905,1244,2177,1866,0,622,2929,8838,,
54,45,69,80,0,0,0,0,1804,1804,1805,1803,0,0,0,0,0,905,1244,2177,1866,0,622,2929,8838,,
38,66,45,57,0,0,0,0,1802,1803,1803,1801,0,0,0,0,0,905,1244,2178,1866,0,622,2929,8839,,
72,41,54,58,0,0,0,0,1805,1804,1799,1804,0,0,0,0,20,905,1244,2178,1866,0,622,2929,8839,,
57,53,61,83,0,0,0,0,1803,1804,1803,1803,0,0,0,0,0,905,1244,2178,1866,0,622,2929,8839,,
50,61,66,23,0,0,0,0,1804,1803,1798,1803,0,0,0,0,0,905,1244,2178,1867,0,622,2929,8840,,
41,41,91,58,0,0,0,0,1802,1803,1801,1804,0,0,0,0,4,905,1244,2178,1866,0,622,2929,8839,,
69,41,78,50,0,0,0,0,1803,1804,1803,1802,0,0,0,0,0,905,1244,2178,1866,0,622,2929,8839,,
36,92,41,40,0,0,0,0,1803,1804,1803,1804,0,0,0,0,5,905,1244,2177,1866,0,622,2929,8838,,
86,50,64,57,0,0,0,0,1804,1802,1803,1803,0,0,0,0,1,905,1244,2177,1866,0,622,2929,8838,,
27,42,58,90,0,0,0,0,1804,1803,1804,1803,0,0,0,0,0,905,1244,2178,1867,0,622,2929,8840,,
53,36,41,85,0,0,0,0,1803,1804,1801,1803,0,0,0,0,47,905,1244,2178,1867,0,622,2929,8840,,
66,58,46,45,0,0,0,0,1804,1804,1801,1803,0,0,0,0,0,905,1244,2178,1867,0,622,2929,8840,,
38,42,41,90,0,0,0,0,1804,1803,1803,1803,0,0,0,0,4,905,1244,2178,1867,0,622,2929,8840,,
76,46,53,41,0,0,0,0,1803,1803,1803,1803,0,0,0,0,0,905,1244,2178,1867,0,622,2969,8880,,
36,50,58,61,0,0,0,0,1803,1803,1803,1803,0,0,0,0,39,905,1244,2178,1867,0,622,2929,8840,,
69,46,57,46,0,0,0,0,1803,1803,1800,1803,0,0,0,0,0,905,1244,2178,1867,0,622,2929,8840,,
46,36,80,41,0,0,0,0,1804,1803,1803,1802,0,0,0,0,32,905,1244,2178,1867,0,622,2929,8840,,
61,61,42,91,0,0,0,0,1804,1804,1804,1802,0,0,0,0,0,905,1244,2178,1867,0,622,2929,8840,,
57,42,71,57,0,0,0,0,1804,1801,1803,1804,0,0,0,0,0,905,1244,2178,1867,0,622,2929,8840,,
46,41,90,50,0,0,0,0,1800,1803,1801,1803,0,0,0,0,20,905,1244,2178,1867,0,622,2929,8840,,
58,46,91,41,0,0,0,0,1803,1802,1802,1800,0,0,0,0,47,905,1244,2178,1867,0,622,2929,8840,,
64,58,85,30,0,0,0,0,1804,1803,1804,1803,0,0,0,0,0,905,1244,2178,1867,0,622,2929,8840,,
50,58,53,75,0,0,0,0,1802,1804,1803,1803,0,0,0,0,0,905,1244,2178,1867,0,622,2929,8840,,
61,58,25,83,0,0,0,0,1801,1804,1802,1804,0,0,0,0,0,905,1244,2178,1867,0,622,2929,8840,,
58,69,40,84,0,0,0,0,1804,1804,1802,1804,0,0,0,0,41,905,1244,2333,1866,0,622,2929,8994,,
53,50,42,83,0,0,0,0,1803,1804,1803,1803,0,0,0,0,0,905,1244,2333,1866,0,622,2969,9034,,
27,33,41,91,0,0,0,0,1803,1804,1803,1804,0,0,0,0,24,905,1244,2178,1867,0,622,2929,8840,,
46,78,61,53,0,0,0,0,1802,1801,1802,1803,0,0,0,0,0,905,1244,2178,1866,0,622,2929,8839,,
27,27,41,91,0,0,0,0,1804,1804,1806,1795,0,0,0,0,19,905,1244,2178,1867,0,622,2929,8840,,
38,84,69,53,0,0,0,0,1802,1801,1804,1797,0,0,0,0,0,905,1244,2178,1867,0,622,2929,8840,,
46,54,42,61,0,0,0,0,1803,1802,1804,1805,0,0,0,0,0,905,1244,2178,1867,0,622,2929,8840,,
57,69,50,54,0,0,0,0,1803,1803,1803,1803,0,0,0,0,35,905,1244,2178,1867,0,622,2929,8840,,
58,69,38,57,0,0,0,0,1803,1802,1803,1803,0,0,0,0,0,905,1244,2178,1867,0,622,2929,8840,,
33,72,50,54,0,0,0,0,1803,1803,1803,1803,0,0,0,0,46,905,1244,2178,1867,0,622,2929,8840,,
69,35,45,61,0,0,0,0,1803,1804,1804,1804,0,0,0,0,0,905,1244,2178,1867,0,622,2929,8840,,
41,83,46,63,0,0,0,0,1803,1804,1804,1803,0,0,0,0,46,905,1244,2178,1867,0,622,2929,8840,,
41,46,33,83,0,0,0,0,1804,1803,1804,1804,0,0,0,0,0,905,1244,2178,1867,0,622,2929,8840,,
92,36,30,57,0,0,0,0,1806,1804,1803,1804,0,0,0,0,44,905,1244,2178,1867,0,622,2929,8840,,
50,69,53,41,0,0,0,0,1804,1804,1803,1802,0,0,0,0,0,905,1244,2178,1867,0,622,2929,8840,,
41,90,41,53,0,0,0,0,1803,1803,1804,1800,0,0,0,0,45,905,1244,2178,1867,0,622,2929,8840,,
83,41,63,66,0,0,0,0,1803,1802,1800,1803,0,0,0,0,28,905,1244,2178,1866,0,622,2929,8839,,
41,71,41,46,0,0,0,0,1801,1804,1803,1804,0,0,0,0,0,905,1244,2178,1867,0,622,2929,8840,,
84,33,50,69,0,0,0,0,1800,1804,1804,1805,0,0,0,0,7,905,1244,2178,1867,0,622,2929,8840,,
64,53,35,27,0,0,0,0,1804,1803,1811,1804,0,0,0,0,0,905,1244,2178,1867,0,622,2929,8840,,
50,50,66,83,0,0,0,0,1803,1804,1803,1804,0,0,0,0,11,905,1244,2178,1867,0,622,2929,8840,,
27,41,80,23,0,0,0,0,1803,1803,1803,1804,0,0,0,0,0,905,1244,2178,1867,0,622,2929,8840,,
36,58,76,66,0,0,0,0,1802,1801,1804,1804,0,0,0,0,0,905,1244,2178,1867,0,622,2929,8840,,
61,41,53,45,0,0,0,0,1800,1803,1805,1808,0,0,0,0,0,905,1244,2178,1867,0,622,2929,8840,,
91,61,33,54,0,0,0,0,1804,1804,1804,1804,0,0,0,0,47,905,1244,2178,1867,0,622,2929,8840,,
50,33,33,58,0,0,0,0,1803,1804,1804,1803,0,0,0,0,0,905,1244,2022,1867,0,622,2929,8684,,
53,53,50,92,0,0,0,0,1804,1803,1803,1803,0,0,0,0,0,905,1244,2178,1867,0,622,2929,8840,,
41,69,46,57,0,0,0,0,1802,1808,1803,1802,0,0,0,0,0,905,1244,2178,1867,0,622,2929,8840,,
50,61,27,91,0,0,0,0,1805,1803,1804,1803,0,0,0,0,28,905,1244,2178,1867,0,622,2929,8840,,
57,53,69,50,0,0,0,0,1803,1804,1803,1804,0,0,0,0,0,905,1244,2178,1867,0,622,2929,8840,,
58,66,50,69,0,0,0,0,1804,1803,1803,1802,0,0,0,0,46,905,1244,2178,1867,0,622,2929,8840,,
41,36,69,41,0,0,0,0,1803,1805,1806,1802,0,0,0,0,0,905,1244,2178,1867,0,622,2929,8840,,
36,53,69,90,0,0,0,0,1804,1804,1804,1804,0,0,0,0,0,905,1244,2178,1867,0,622,2929,8840,,
64,75,30,41,0,0,0,0,1803,1803,1804,1803,0,0,0,0,0,905,1244,2178,1867,0,622,2929,8840,,
72,83,45,42,0,0,0,0,1804,1802,1803,1804,0,0,0,0,45,905,1244,2178,1867,0,622,2929,8840,,
57,41,46,66,0,0,0,0,1803,1803,1804,1804,0,0,0,0,0,905,1244,2178,1867,0,622,2929,8840,,
63,91,20,36,0,0,0,0,1804,1803,1804,1803,0,0,0,0,11,905,1244,2178,1867,0,622,2929,8840,,
73,76,50,41,0,0,0,0,1799,1804,1800,1803,0,0,0,0,0,905,1244,2178,1867,0,622,2969,8880,,
50,83,46,42,0,0,0,0,1803,1804,1804,1805,0,0,0,0,4,905,1244,2178,1867,0,622,2929,8840,,
81,42,57,36,0,0,0,0,1801,1804,1803,1803,0,0,0,0,32,905,1244,2178,1867,0,622,2929,8840,,
86,46,66,50,0,0,0,0,1804,1805,1804,1804,0,0,0,0,0,905,1244,2333,1867,0,622,2929,8995,,
92,30,50,42,0,0,0,0,1804,1805,1803,1804,0,0,0,0,0,905,1244,2178,1867,0,622,2929,8840,,
38,45,53,69,0,0,0,0,1803,1802,1803,1802,0,0,0,0,1,905,1244,2178,1867,0,622,2929,8840,,
50,36,66,83,0,0,0,0,1803,1803,1803,1803,0,0,0,0,47,905,1244,2333,1867,0,622,2929,8995,,
38,64,64,61,0,0,0,0,1803,1804,1804,1803,0,0,0,0,0,905,1244,2178,1867,0,622,2929,8840,,
92,10,33,41,0,0,0,0,1804,1803,1803,1804,0,0,0,0,4,905,1244,2178,1867,0,622,2929,8840,,
58,41,69,83,0,0,0,0,1802,1804,1803,1804,0,0,0,0,46,905,1244,2178,1867,0,622,2929,8840,,
33,42,84,66,0,0,0,0,1803,1803,1803,1803,0,0,0,0,0,905,1244,2178,1867,0,622,2969,8880,,
69,54,41,61,0,0,0,0,1802,1803,1802,1802,0,0,0,0,0,905,1244,2178,1867,0,622,2929,8840,,
83,30,45,41,0,0,0,0,1801,1803,1804,1803,0,0,0,0,0,905,1244,2178,1867,0,622,2929,8840,,
41,45,92,61,0,0,0,0,1804,1805,1807,1804,0,0,0,0,32,905,1244,2178,1867,0,622,2929,8840,,
61,50,84,33,0,0,0,0,1804,1800,1803,1801,0,0,0,0,3,905,1400,2178,1866,0,622,2969,9035,,
35,42,71,85,0,0,0,0,1804,1803,1803,1803,0,0,0,0,0,905,1244,2178,1867,0,622,2969,8880,,
33,50,66,91,0,0,0,0,1803,1797,1804,1801,0,0,0,0,0,905,1244,2178,1867,0,622,2929,8840,,
76,33,50,66,0,0,0,0,1802,1803,1803,1802,0,0,0,0,1,905,1244,2178,1866,0,622,2929,8839,,
27,50,91,66,0,0,0,0,1804,1804,1804,1804,0,0,0,0,44,905,1400,2177,1866,0,622,2969,9034,,
61,46,58,50,0,0,0,0,1804,1802,1803,1803,0,0,0,0,0,905,1400,2178,1866,0,622,2969,9035,,
41,91,46,57,0,0,0,0,1800,1804,1804,1798,0,0,0,0,0,905,1244,2178,1867,0,622,2929,8840,,
41,18,92,58,0,0,0,0,1804,1804,1803,1804,0,0,0,0,3,905,1244,2178,1867,0,622,2929,8840,,
76,33,66,54,0,0,0,0,1801,1803,1804,1804,0,0,0,0,4,905,1244,2178,1867,0,622,2969,8880,,
66,53,54,85,0,0,0,0,1800,1803,1802,1804,0,0,0,0,29,905,1400,2333,1867,0,622,2969,9191,,
61,33,76,66,0,0,0,0,1804,1803,1801,1802,0,0,0,0,21,905,1400,2333,1867,0,622,2969,9191,,
57,50,46,84,0,0,0,0,1802,1803,1803,1804,0,0,0,0,0,905,1400,2178,1867,0,622,2969,9036,,
92,36,27,30,0,0,0,0,1802,1804,1803,1803,0,0,0,0,1,905,1244,2178,1867,0,622,2929,8840,,
63,40,50,92,0,0,0,0,1804,1804,1803,1803,0,0,0,0,12,905,1244,2178,1867,0,622,2969,8880,,
66,57,41,84,0,0,0,0,1802,1804,1803,1804,0,0,0,0,44,905,1400,2333,1866,0,622,2969,9190,,
64,42,58,92,0,0,0,0,1803,1804,1803,1804,0,0,0,0,0,905,1400,2332,1866,0,622,2969,9189,,
61,50,41,84,0,0,0,0,1804,1802,1803,1803,0,0,0,0,0,905,1244,2332,1866,0,622,2969,9033,,
54,53,33,91,0,0,0,0,1802,1801,1802,1802,0,0,0,0,0,905,1244,2332,1866,0,622,2969,9033,,
91,54,23,30,0,0,0,0,1803,1803,1804,1804,0,0,0,0,13,905,1244,2177,1866,0,622,2929,8838,,
91,69,53,38,0,0,0,0,1803,1803,1803,1803,0,0,0,0,3,905,1399,2177,1866,0,622,2969,9033,,
53,58,50,33,0,0,0,0,1804,1805,1804,1804,0,0,0,0,0,905,1244,2178,1867,0,622,2929,8840,,
91,41,45,61,0,0,0,0,1803,1803,1804,1803,0,0,0,0,42,905,1244,2178,1867,0,622,2929,8840,,
57,69,61,36,0,0,0,0,1804,1802,1804,1805,0,0,0,0,0,905,1244,2178,1867,0,622,2929,8840,,
76,58,38,30,0,0,0,0,1801,1803,1802,1802,0,0,0,0,0,905,1244,2178,1867,0,622,2929,8840,,
75,61,75,58,0,0,0,0,1804,1804,1803,1802,0,0,0,0,25,905,1244,2178,1867,0,622,2929,8840,,
42,81,53,66,0,0,0,0,1803,1803,1803,1799,0,0,0,0,23,905,1244,2333,1867,0,622,2969,9035,,
54,50,75,61,0,0,0,0,1803,1803,1801,1803,0,0,0,0,0,905,1244,2178,1867,0,622,2969,8880,,
91,61,33,30,0,0,0,0,1803,1803,1803,1802,0,0,0,0,0,905,1244,2178,1867,0,622,2929,8840,,
69,75,58,50,0,0,0,0,1805,1804,1803,1803,0,0,0,0,44,905,1244,2178,1867,0,622,2929,8840,,
57,83,45,66,0,0,0,0,1803,1804,1806,1802,0,0,0,0,0,905,1400,2333,1867,0,622,2969,9191,,
41,85,61,58,0,0,0,0,1803,1800,1803,1803,0,0,0,0,0,905,1400,2333,1867,0,622,2969,9191,,
60,76,66,41,0,0,0,0,1803,1802,1801,1803,0,0,0,0,41,905,1400,2333,1867,0,622,2969,9191,,
68,69,66,53,0,0,0,0,1804,1803,1804,1804,0,0,0,0,41,905,1400,2333,1867,0,622,2969,9191,,
83,41,58,64,0,0,0,0,1803,1804,1804,1803,0,0,0,0,42,905,1400,2333,1867,0,622,2969,9191,,
36,54,69,63,0,0,0,0,1804,1804,1806,1810,0,0,0,0,38,905,1400,2333,1866,0,622,2969,9190,,
72,63,61,58,0,0,0,0,1802,1798,1803,1807,0,0,0,0,7,905,1400,2333,1866,0,622,2969,9190,,
60,71,50,71,0,0,0,0,1804,1804,1804,1803,0,0,0,0,2,905,1400,2333,1867,0,622,2969,9191,,
57,61,46,61,0,0,0,0,1803,1804,1803,1800,0,0,0,0,0,905,1400,2333,2022,0,777,2969,9501,,
70,58,58,60,0,0,0,0,1806,1802,1802,1804,0,0,0,0,0,905,1400,2333,1867,0,622,2969,9191,,
83,41,54,63,0,0,0,0,1803,1804,1804,1804,0,0,0,0,0,905,1399,2332,2021,0,777,2969,9498,,
50,66,80,61,0,0,0,0,1801,1804,1802,1802,0,0,0,0,44,905,1399,2332,2021,0,777,2969,9498,,
53,54,76,66,0,0,0,0,1804,1803,1804,1803,0,0,0,0,4,905,1399,2332,2021,0,777,2969,9498,,
50,92,60,58,0,0,0,0,1804,1803,1803,1803,0,0,0,0,0,905,1555,2332,2021,0,777,2969,9654,,
69,78,58,69,0,0,0,0,1803,1804,1804,1800,0,0,0,0,32,905,1555,2332,2021,0,777,2969,9654,,
69,53,53,57,0,0,0,0,1804,1803,1801,1803,0,0,0,0,0,905,1555,2332,2021,0,777,2969,9654,,
69,33,66,66,0,0,0,0,1803,1804,1804,1804,0,0,0,0,44,905,1555,2332,2021,0,777,2969,9654,,
69,76,45,54,0,0,0,0,1803,1803,1803,1803,0,0,0,0,0,905,1399,2332,2021,0,777,2969,9498,,
50,58,69,58,0,0,0,0,1803,1803,1803,1802,0,0,0,0,0,905,1399,2332,2021,0,777,2969,9498,,
71,57,58,71,0,0,0,0,1803,1803,1803,1803,0,0,0,0,28,905,1555,2332,2021,0,777,2969,9654,,
72,71,76,64,0,0,0,0,1804,1804,1803,1804,0,0,0,0,1,905,1555,2332,2021,0,777,3009,9694,,
69,72,73,69,0,0,0,0,1803,1803,1803,1803,0,0,0,0,25,905,1710,2332,2021,0,777,3009,9849,,
64,58,76,84,0,0,0,0,1803,1803,1804,1802,0,0,0,0,47,905,1710,2332,2021,0,777,3009,9849,,
53,66,75,69,0,0,0,0,1804,1804,1803,1802,0,0,0,0,45,905,1710,2332,2021,0,777,3009,9849,,
81,75,83,83,0,0,0,0,1804,1802,1802,1803,0,0,0,0,5,905,1710,2488,2021,0,777,3009,10005,,
69,84,76,78,0,0,0,0,1803,1803,1803,1803,0,0,0,0,4,905,1865,2487,2020,0,932,3049,10353,,
72,76,93,66,0,0,0,0,1803,1801,1804,1803,0,0,0,0,5,905,2020,2487,2020,0,932,3049,10508,,
76,84,75,76,0,0,0,0,1803,1803,1802,1803,0,0,0,0,45,905,2020,2487,2020,0,932,3049,10508,,
78,75,72,69,0,0,0,0,1803,1802,1803,1804,0,0,0,0,46,905,1865,2487,2020,0,932,3049,10353,,
83,66,69,71,0,0,0,0,1804,1804,1803,1804,0,0,0,0,5,905,2020,2487,2020,0,932,3049,10508,,
63,91,84,81,0,0,0,0,1803,1803,1809,1803,0,0,0,0,3,905,2020,2487,2020,0,932,3049,10508,,
76,78,81,75,0,0,0,0,1804,1803,1804,1803,0,0,0,0,34,905,2020,2642,2020,0,932,3049,10663,,
72,61,66,80,0,0,0,0,1804,1803,1804,1803,0,0,0,0,45,905,2020,2487,2176,0,932,3049,10664,,
75,78,81,61,0,0,0,0,1804,1804,1804,1803,0,0,0,0,35,905,2020,2487,2020,0,932,3049,10508,,
85,75,69,58,0,0,0,0,1803,1804,1804,1807,0,0,0,0,1,905,2020,2487,2020,0,932,3049,10508,,
75,75,78,66,0,0,0,0,1804,1804,1803,1803,0,0,0,0,3,905,1865,2487,2020,0,932,3049,10353,,
84,80,66,78,0,0,0,0,1804,1803,1802,1804,0,0,0,0,27,905,2020,2487,2020,0,932,3049,10508,,
72,84,71,53,0,0,0,0,1804,1802,1807,1803,0,0,0,0,2,905,2020,2487,2020,0,932,3049,10508,,
72,81,61,72,0,0,0,0,1804,1803,1804,1803,0,0,0,0,3,905,2020,2487,2176,0,932,3049,10664,,
76,69,75,75,0,0,0,0,1805,1803,1804,1803,0,0,0,0,14,905,2020,2487,2020,0,932,3049,10508,,
72,75,66,64,0,0,0,0,1804,1803,1802,1805,0,0,0,0,44,905,2020,2487,2020,0,932,3049,10508,,
90,83,69,69,0,0,0,0,1803,1804,1804,1804,0,0,0,0,4,905,2020,2487,2176,0,932,3049,10664,,
78,75,81,66,0,0,0,0,1804,1804,1803,1803,0,0,0,0,2,905,2020,2487,2176,0,932,3049,10664,,
83,84,69,58,0,0,0,0,1805,1803,1803,1804,0,0,0,0,23,905,2020,2487,2175,0,932,3049,10663,,
91,75,69,75,0,0,0,0,1803,1803,1801,1802,0,0,0,0,15,905,2020,2486,2175,0,932,3049,10662,,
83,85,54,64,0,0,0,0,1801,1804,1803,1803,0,0,0,0,44,905,2020,2487,2176,0,932,3049,10664,,
66,75,76,72,0,0,0,0,1803,1803,1804,1802,0,0,0,0,2,905,2020,2487,2176,0,932,3049,10664,,
76,58,81,81,0,0,0,0,1803,1803,1804,1803,0,0,0,0,5,905,2020,2487,2176,0,932,3049,10664,,
83,83,92,66,0,0,0,0,1803,1803,1804,1804,0,0,0,0,32,905,2020,2642,2176,0,932,3049,10819,,
81,84,64,61,0,0,0,0,1801,1802,1803,1803,0,0,0,0,43,905,2020,2487,2176,0,932,3049,10664,,
76,76,76,64,0,0,0,0,1804,1803,1801,1802,0,0,0,0,44,905,2020,2487,2175,0,932,3049,10663,,
71,76,76,54,0,0,0,0,1803,1803,1804,1802,0,0,0,0,44,905,2020,2487,2020,0,932,3049,10508,,
76,83,61,66,0,0,0,0,1804,1804,1803,1804,0,0,0,0,3,905,2020,2487,2020,0,932,3049,10508,,
75,83,54,58,0,0,0,0,1800,1802,1804,1803,0,0,0,0,44,905,2020,2487,2020,0,932,3049,10508,,
83,91,66,75,0,0,0,0,1802,1801,1802,1803,0,0,0,0,28,905,2020,2487,2020,0,932,3049,10508,,
78,61,84,84,0,0,0,0,1804,1804,1804,1803,0,0,0,0,44,905,2020,2487,2176,0,932,3049,10664,,
69,75,61,91,0,0,0,0,1803,1802,1804,1804,0,0,0,0,41,905,2020,2487,2020,0,932,3049,10508,,
71,78,78,61,0,0,0,0,1804,1802,1803,1804,0,0,0,0,44,905,2020,2487,2020,0,932,3049,10508,,
78,71,83,63,0,0,0,0,1808,1804,1803,1802,0,0,0,0,7,905,1865,2487,2020,0,932,3049,10353,,
58,84,80,78,0,0,0,0,1804,1804,1803,1803,0,0,0,0,24,905,2020,2487,2020,0,932,3049,10508,,
83,61,91,66,0,0,0,0,1804,1803,1804,1803,0,0,0,0,5,905,2020,2487,2020,0,932,3049,10508,,
66,76,83,75,0,0,0,0,1803,1803,1804,1800,0,0,0,0,15,905,2020,2487,2020,0,932,3049,10508,,
85,61,78,71,0,0,0,0,1804,1804,1803,1802,0,0,0,0,48,905,2020,2487,2020,0,932,3049,10508,,
69,69,91,75,0,0,0,0,1804,1804,1803,1804,0,0,0,0,46,905,2020,2487,2176,0,932,3049,10664,,
66,72,83,83,0,0,0,0,1803,1799,1803,1804,0,0,0,0,24,905,2020,2487,2020,0,932,3049,10508,,
71,78,81,80,0,0,0,0,1804,1807,1803,1805,0,0,0,0,33,905,2020,2642,2176,0,932,3049,10819,,
60,66,72,92,0,0,0,0,1804,1804,1803,1804,0,0,0,0,28,905,2020,2642,2176,0,932,3049,10819,,
71,75,85,84,0,0,0,0,1804,1802,1803,1801,0,0,0,0,16,905,2020,2642,2176,0,932,3049,10819,,
66,66,69,84,0,0,0,0,1803,1803,1804,1803,0,0,0,0,45,905,2020,2642,2020,0,932,3049,10663,,
83,86,69,61,0,0,0,0,1804,1805,1803,1804,0,0,0,0,41,905,2020,2642,2176,0,932,3049,10819,,
83,75,66,81,0,0,0,0,1804,1802,1804,1803,0,0,0,0,25,905,2020,2487,2176,0,932,3049,10664,,
58,75,81,84,0,0,0,0,1801,1803,1803,1803,0,0,0,0,36,905,2020,2487,2020,0,932,3049,10508,,
84,83,83,71,0,0,0,0,1804,1803,1803,1801,0,0,0,0,9,905,2020,2642,2176,0,932,3049,10819,,
75,71,76,81,0,0,0,0,1803,1813,1803,1804,0,0,0,0,0,905,2020,2642,2176,0,932,3049,10819,,
76,58,91,85,0,0,0,0,1804,1803,1803,1803,0,0,0,0,34,905,2020,2641,2175,0,932,3089,10857,,
76,66,84,83,0,0,0,0,1802,1805,1804,1803,0,0,0,0,43,905,2020,2641,2175,0,932,3049,10817,,
64,53,83,76,0,0,0,0,1803,1802,1804,1803,0,0,0,0,44,905,2020,2486,2175,0,932,3049,10662,,
83,63,69,75,0,0,0,0,1801,1802,1803,1803,0,0,0,0,26,905,2020,2487,2176,0,932,3049,10664,,
69,71,63,72,0,0,0,0,1804,1803,1804,1801,0,0,0,0,45,905,2020,2487,2176,0,932,3049,10664,,
66,75,66,84,0,0,0,0,1803,1803,1802,1804,0,0,0,0,44,905,2020,2487,2020,0,932,3049,10508,,
91,85,81,66,0,0,0,0,1803,1804,1801,1803,0,0,0,0,3,905,2020,2487,2176,0,932,3049,10664,,
92,83,68,75,0,0,0,0,1803,1804,1802,1803,0,0,0,0,25,905,2020,2642,2176,0,932,3049,10819,,
70,75,77,76,0,0,0,0,1805,1803,1804,1804,0,0,0,0,45,905,2020,2642,2176,0,932,3049,10819,,
85,92,61,58,0,0,0,0,1804,1804,1802,1802,0,0,0,0,6,905,2176,2642,2176,0,932,3049,10975,,
76,76,84,60,0,0,0,0,1802,1803,1804,1804,0,0,0,0,31,905,2020,2487,2176,0,932,3049,10664,,
84,83,76,66,0,0,0,0,1804,1804,1804,1804,0,0,0,0,17,905,2176,2487,2176,0,932,3049,10820,,
83,85,69,71,0,0,0,0,1802,1804,1803,1804,0,0,0,0,47,905,2020,2487,2176,0,932,3049,10664,,
92,78,85,54,0,0,0,0,1804,1803,1804,1804,0,0,0,0,21,905,2176,2642,2176,0,932,3089,11015,,
66,72,75,76,0,0,0,0,1803,1804,1804,1804,0,0,0,0,45,905,2020,2642,2176,0,932,3089,10859,,
66,69,63,66,0,0,0,0,1803,1804,1803,1803,0,0,0,0,28,905,2020,2487,2176,0,932,3049,10664,,
76,72,76,84,0,0,0,0,1804,1803,1804,1802,0,0,0,0,45,905,2020,2487,2020,0,932,3049,10508,,
76,84,69,58,0,0,0,0,1802,1804,1801,1804,0,0,0,0,43,905,2020,2487,2020,0,932,3049,10508,,
76,85,76,71,0,0,0,0,1804,1805,1804,1804,0,0,0,0,26,905,2020,2486,2175,0,932,3049,10662,,
92,84,58,84,0,0,0,0,1804,1804,1803,1804,0,0,0,0,0,905,2020,2486,2175,0,932,3049,10662,,
72,58,76,66,0,0,0,0,1800,1804,1803,1804,0,0,0,0,1,905,2020,2486,2175,0,932,3049,10662,,
83,66,76,84,0,0,0,0,1802,1804,1804,1800,0,0,0,0,31,905,2020,2487,2020,0,932,3049,10508,,
92,75,84,61,0,0,0,0,1803,1804,1803,1804,0,0,0,0,6,905,2020,2641,2175,0,932,3049,10817,,
66,66,60,91,0,0,0,0,1804,1801,1804,1804,0,0,0,0,14,905,2020,2641,2175,0,932,3049,10817,,
69,66,75,93,0,0,0,0,1804,1804,1804,1804,0,0,0,0,45,905,2020,2641,2175,0,932,3049,10817,,
66,75,71,54,0,0,0,0,1803,1801,1803,1803,0,0,0,0,43,905,2020,2487,2020,0,932,3049,10508,,
84,78,75,61,0,0,0,0,1804,1804,1804,1805,0,0,0,0,2,905,2020,2487,2020,0,932,3049,10508,,
63,57,84,76,0,0,0,0,1808,1803,1804,1804,0,0,0,0,0,905,2020,2487,2020,0,932,3049,10508,,
50,58,64,64,0,0,0,0,1804,1804,1804,1803,0,0,0,0,0,905,1865,2487,2020,0,777,3049,10198,,
64,57,57,84,0,0,0,0,1804,1804,1804,1804,0,0,0,0,0,905,1865,2487,2020,0,777,3009,10158,,
58,50,42,84,0,0,0,0,1803,1804,1802,1804,0,0,0,0,43,905,1710,2487,2020,0,777,3009,10003,,
66,58,36,83,0,0,0,0,1804,1804,1805,1803,0,0,0,0,45,905,1710,2332,2021,0,777,3009,9849,,
61,66,75,63,0,0,0,0,1804,1803,1803,1802,0,0,0,0,0,905,1555,2332,2021,0,777,3009,9694,,
58,63,63,58,0,0,0,0,1803,1804,1804,1801,0,0,0,0,23,905,1555,2332,2021,0,777,3009,9694,,
45,27,78,61,0,0,0,0,1804,1803,1803,1805,0,0,0,0,26,905,1555,2332,2021,0,777,2969,9654,,
64,53,75,64,0,0,0,0,1804,1803,1804,1803,0,0,0,0,0,905,1555,2332,2021,0,777,3009,9694,,
72,45,64,46,0,0,0,0,1804,1803,1804,1802,0,0,0,0,0,905,1555,2332,2021,0,777,2969,9654,,
57,45,72,45,0,0,0,0,1802,1803,1803,1803,0,0,0,0,20,905,1555,2177,2021,0,777,2969,9499,,
66,57,45,58,0,0,0,0,1803,1803,1803,1804,0,0,0,0,3,905,1555,2177,2021,0,777,2969,9499,,
61,54,81,41,0,0,0,0,1805,1804,1803,1802,0,0,0,0,47,905,1555,2177,2021,0,777,2969,9499,,
75,84,50,41,0,0,0,0,1804,1803,1803,1804,0,0,0,0,0,905,1400,2177,2021,0,777,2969,9344,,
66,53,57,64,0,0,0,0,1802,1803,1801,1803,0,0,0,0,0,905,1555,2177,2021,0,777,2969,9499,,
61,60,46,84,0,0,0,0,1804,1804,1804,1803,0,0,0,0,30,905,1555,2332,2021,0,777,2969,9654,,
58,50,61,83,0,0,0,0,1803,1803,1804,1804,0,0,0,0,46,905,1555,2177,2021,0,777,2969,9499,,
61,56,69,66,0,0,0,0,1803,1804,1803,1805,0,0,0,0,0,905,1400,2177,2021,0,777,2969,9344,,
40,58,72,60,0,0,0,0,1804,1803,1804,1801,0,0,0,0,0,905,1555,2332,2021,0,777,2969,9654,,
50,36,83,69,0,0,0,0,1803,1803,1804,1804,0,0,0,0,0,905,1555,2332,2021,0,777,2969,9654,,
60,75,46,46,0,0,0,0,1803,1804,1803,1803,0,0,0,0,0,905,1555,2177,2021,0,777,2969,9499,,
61,58,54,58,0,0,0,0,1804,1803,1805,1803,0,0,0,0,47,905,1400,2178,2022,0,777,2969,9346,,
45,53,84,66,0,0,0,0,1804,1802,1801,1802,0,0,0,0,32,905,1400,2177,2021,0,777,2969,9344,,
53,64,69,61,0,0,0,0,1809,1804,1804,1804,0,0,0,0,5,905,1400,2177,2021,0,777,2969,9344,,
84,50,61,53,0,0,0,0,1803,1803,1802,1803,0,0,0,0,16,905,1555,2332,2021,0,777,2969,9654,,
50,53,76,61,0,0,0,0,1803,1804,1803,1803,0,0,0,0,47,905,1555,2332,2021,0,777,2969,9654,,
53,45,76,76,0,0,0,0,1803,1804,1803,1806,0,0,0,0,9,905,1399,2332,2021,0,777,2969,9498,,
66,53,76,64,0,0,0,0,1804,1803,1802,1802,0,0,0,0,5,905,1399,2332,2021,0,777,2969,9498,,
50,58,53,72,0,0,0,0,1803,1802,1803,1803,0,0,0,0,44,905,1555,2332,2021,0,777,2969,9654,,
58,85,36,46,0,0,0,0,1803,1795,1799,1801,0,0,0,0,44,905,1399,2332,2021,0,777,2969,9498,,
66,61,36,69,0,0,0,0,1803,1802,1803,1802,0,0,0,0,6,905,1399,2177,2021,0,777,2969,9343,,
63,84,41,45,0,0,0,0,1810,1803,1803,1803,0,0,0,0,2,905,1399,2177,2021,0,622,2969,9188,,
71,83,41,53,0,0,0,0,1800,1802,1804,1802,0,0,0,0,3,905,1399,2177,2021,0,622,2969,9188,,
58,84,41,50,0,0,0,0,1803,1804,1802,1806,0,0,0,0,3,905,1399,2177,2021,0,622,2969,9188,,
83,66,46,25,0,0,0,0,1803,1802,1800,1804,0,0,0,0,0,905,1399,2177,2021,0,777,2969,9343,,
84,69,41,38,0,0,0,0,1804,1803,1803,1804,0,0,0,0,0,905,1399,2177,2021,0,777,2969,9343,,
63,76,50,36,0,0,0,0,1802,1803,1802,1801,0,0,0,0,44,905,1399,2177,2021,0,777,2969,9343,,
84,41,41,58,0,0,0,0,1804,1803,1804,1803,0,0,0,0,0,905,1399,2177,2021,0,777,2969,9343,,
66,83,58,58,0,0,0,0,1804,1802,1804,1804,0,0,0,0,3,905,1399,2177,2021,0,777,2969,9343,,
71,71,42,60,0,0,0,0,1803,1802,1804,1799,0,0,0,0,2,905,1555,2332,2021,0,777,2969,9654,,
61,50,53,69,0,0,0,0,1803,1804,1804,1802,0,0,0,0,45,905,1399,2332,2021,0,777,2969,9498,,
75,66,83,54,0,0,0,0,1804,1802,1805,1804,0,0,0,0,16,905,1399,2332,2021,0,777,2969,9498,,
50,76,53,50,0,0,0,0,1802,1806,1802,1801,0,0,0,0,0,905,1399,2332,2021,0,777,2969,9498,,
41,63,75,50,0,0,0,0,1804,1803,1805,1804,0,0,0,0,0,905,1555,2332,2021,0,777,2969,9654,,
41,36,92,50,0,0,0,0,1801,1803,1803,1804,0,0,0,0,46,905,1555,2332,2021,0,777,2969,9654,,
58,53,53,66,0,0,0,0,1804,1804,1802,1803,0,0,0,0,46,905,1399,2177,2021,0,777,2969,9343,,
75,58,53,57,0,0,0,0,1801,1803,1803,1803,0,0,0,0,27,905,1399,2177,2021,0,777,2969,9343,,
61,63,61,72,0,0,0,0,1802,1801,1801,1805,0,0,0,0,1,905,1399,2177,2021,0,777,2969,9343,,
91,61,69,57,0,0,0,0,1802,1803,1803,1801,0,0,0,0,0,905,1555,2332,2021,0,777,2969,9654,,
66,53,66,50,0,0,0,0,1803,1803,1804,1803,0,0,0,0,43,905,1555,2332,2021,0,777,3009,9694,,
53,61,63,75,0,0,0,0,1802,1803,1805,1805,0,0,0,0,3,905,1399,2332,2021,0,777,2969,9498,,
61,45,75,81,0,0,0,0,1804,1803,1799,1803,0,0,0,0,2,905,1399,2332,2021,0,777,2969,9498,,
84,50,58,58,0,0,0,0,1802,1803,1804,1804,0,0,0,0,0,905,1555,2332,2021,0,777,2969,9654,,
50,70,61,66,0,0,0,0,1804,1803,1803,1802,0,0,0,0,1,905,1555,2332,2021,0,777,2969,9654,,
54,84,53,61,0,0,0,0,1803,1804,1804,1803,0,0,0,0,48,905,1555,2488,2021,0,777,2969,9810,,
64,76,81,71,0,0,0,0,1804,1803,1804,1804,0,0,0,0,0,905,1555,2488,2021,0,777,2969,9810,,
66,40,66,45,0,0,0,0,1803,1803,1802,1804,0,0,0,0,44,905,1555,2488,2021,0,777,2969,9810,,
63,54,69,50,0,0,0,0,1802,1803,1803,1804,0,0,0,0,33,905,1555,2332,2021,0,777,2969,9654,,
58,53,72,50,0,0,0,0,1799,1803,1804,1803,0,0,0,0,39,905,1399,2332,2021,0,777,2969,9498,,
64,66,46,53,0,0,0,0,1802,1803,1803,1802,0,0,0,0,46,905,1399,2332,2021,0,777,2969,9498,,
66,69,50,58,0,0,0,0,1804,1805,1802,1802,0,0,0,0,46,905,1399,2332,2021,0,777,2969,9498,,
66,85,61,64,0,0,0,0,1803,1803,1806,1802,0,0,0,0,1,905,1399,2332,2021,0,777,2969,9498,,
71,61,41,41,0,0,0,0,1804,1806,1799,1802,0,0,0,0,1,905,1399,2332,2021,0,622,2969,9343,,
66,69,57,69,0,0,0,0,1804,1801,1803,1803,0,0,0,0,0,905,1399,2332,2021,0,777,2969,9498,,
72,58,58,53,0,0,0,0,1803,1804,1804,1801,0,0,0,0,22,905,1399,2332,2021,0,777,2969,9498,,
72,38,61,55,0,0,0,0,1804,1803,1804,1804,0,0,0,0,0,905,1399,2332,2021,0,777,2969,9498,,
78,66,53,53,0,0,0,0,1802,1804,1803,1804,0,0,0,0,18,905,1399,2332,2021,0,777,2969,9498,,
54,58,66,66,0,0,0,0,1803,1802,1803,1798,0,0,0,0,5,905,1399,2332,2021,0,777,2969,9498,,
92,53,58,46,0,0,0,0,1803,1803,1807,1802,0,0,0,0,0,905,1399,2332,2021,0,777,2969,9498,,
53,66,41,70,0,0,0,0,1801,1803,1803,1804,0,0,0,0,0,905,1555,2332,2021,0,777,2969,9654,,
92,46,58,41,0,0,0,0,1804,1804,1802,1799,0,0,0,0,21,905,1555,2332,2021,0,777,2969,9654,,
69,45,61,50,0,0,0,0,1803,1803,1804,1803,0,0,0,0,6,905,1399,2332,2021,0,777,2969,9498,,
69,61,63,66,0,0,0,0,1804,1803,1801,1803,0,0,0,0,15,905,1399,2332,2021,0,777,2969,9498,,
60,54,66,58,0,0,0,0,1803,1802,1804,1806,0,0,0,0,4,905,1399,2332,2021,0,777,2969,9498,,
50,64,58,61,0,0,0,0,1802,1803,1803,1803,0,0,0,0,0,905,1399,2332,2021,0,777,2969,9498,,
58,70,69,58,0,0,0,0,1803,1803,1803,1803,0,0,0,0,0,905,1555,2332,2021,0,777,2969,9654,,
63,50,75,66,0,0,0,0,1804,1802,1801,1798,0,0,0,0,21,905,1555,2332,2021,0,777,2969,9654,,
71,66,76,64,0,0,0,0,1804,1804,1804,1804,0,0,0,0,14,905,1399,2332,2021,0,777,2969,9498,,
78,69,70,58,0,0,0,0,1802,1804,1804,1803,0,0,0,0,24,905,1555,2332,2021,0,777,2969,9654,,
63,54,53,83,0,0,0,0,1802,1804,1803,1801,0,0,0,0,3,905,1555,2332,2021,0,777,2969,9654,,
76,81,50,75,0,0,0,0,1803,1804,1803,1804,0,0,0,0,1,905,1555,2332,2021,0,777,3009,9694,,
69,75,66,41,0,0,0,0,1801,1803,1804,1801,0,0,0,0,0,905,1555,2332,2021,0,777,2969,9654,,
66,61,83,46,0,0,0,0,1803,1801,1803,1802,0,0,0,0,0,905,1555,2332,2021,0,777,2969,9654,,
58,66,53,69,0,0,0,0,1804,1801,1802,1803,0,0,0,0,46,905,1555,2332,2021,0,777,2969,9654,,
66,25,69,72,0,0,0,0,1803,1803,1803,1800,0,0,0,0,47,905,1399,2332,2021,0,777,2969,9498,,
71,72,63,46,0,0,0,0,1807,1803,1803,1800,0,0,0,0,22,905,1399,2332,2021,0,777,2969,9498,,
75,64,85,46,0,0,0,0,1802,1804,1804,1803,0,0,0,0,0,905,1399,2332,2021,0,777,2969,9498,,
64,53,61,64,0,0,0,0,1803,1803,1803,1803,0,0,0,0,2,905,1399,2332,2021,0,777,2969,9498,,
66,72,46,84,0,0,0,0,1804,1802,1800,1803,0,0,0,0,26,905,1555,2332,2021,0,777,2969,9654,,
84,53,58,50,0,0,0,0,1801,1804,1803,1804,0,0,0,0,26,905,1399,2332,2021,0,777,2969,9498,,
50,54,58,66,0,0,0,0,1805,1804,1804,1797,0,0,0,0,45,905,1399,2332,2021,0,777,2969,9498,,
58,84,50,53,0,0,0,0,1804,1803,1804,1804,0,0,0,0,27,905,1399,2332,2021,0,622,2969,9343,,
76,46,54,80,0,0,0,0,1803,1804,1803,1803,0,0,0,0,0,905,1399,2332,2021,0,622,2969,9343,,
63,84,75,50,0,0,0,0,1805,1804,1806,1803,0,0,0,0,0,905,1555,2332,2021,0,777,2969,9654,,
76,41,66,57,0,0,0,0,1802,1803,1807,1803,0,0,0,0,0,905,1400,2333,2021,0,622,2969,9345,,
63,69,61,69,0,0,0,0,1802,1803,1804,1804,0,0,0,0,0,905,1399,2332,2021,0,777,2969,9498,,
60,72,53,53,0,0,0,0,1802,1804,1803,1804,0,0,0,0,33,905,1400,2332,2021,0,777,2969,9499,,
69,46,75,66,0,0,0,0,1804,1802,1799,1803,0,0,0,0,20,905,1399,2332,2021,0,777,2969,9498,,
63,69,58,53,0,0,0,0,1803,1803,1803,1803,0,0,0,0,1,905,1399,2332,2021,0,777,2969,9498,,
50,75,69,58,0,0,0,0,1804,1802,1805,1804,0,0,0,0,25,905,1399,2332,2021,0,777,2969,9498,,
69,83,50,57,0,0,0,0,1803,1803,1804,1803,0,0,0,0,1,905,1399,2332,2021,0,777,2969,9498,,
91,53,53,75,0,0,0,0,1803,1803,1802,1801,0,0,0,0,0,905,1555,2332,2021,0,777,2969,9654,,
45,83,58,45,0,0,0,0,1803,1801,1801,1801,0,0,0,0,46,905,1555,2332,2021,0,777,2969,9654,,
58,78,66,53,0,0,0,0,1803,1802,1802,1802,0,0,0,0,2,905,1399,2332,2021,0,777,2969,9498,,
53,91,66,41,0,0,0,0,1804,1803,1803,1803,0,0,0,0,1,905,1399,2332,2021,0,777,2969,9498,,
69,61,53,66,0,0,0,0,1800,1804,1803,1802,0,0,0,0,0,905,1399,2332,2021,0,777,2969,9498,,
92,54,58,46,0,0,0,0,1802,1803,1804,1804,0,0,0,0,1,905,1555,2332,2021,0,777,2969,9654,,
66,66,69,50,0,0,0,0,1803,1804,1802,1803,0,0,0,0,0,905,1555,2332,2021,0,777,2969,9654,,
36,53,81,63,0,0,0,0,1802,1801,1803,1803,0,0,0,0,45,905,1399,2332,2021,0,777,2969,9498,,
61,63,63,53,0,0,0,0,1800,1804,1803,1804,0,0,0,0,45,905,1399,2332,2021,0,777,2969,9498,,
58,54,50,61,0,0,0,0,1803,1803,1803,1803,0,0,0,0,7,905,1399,2332,2021,0,777,2969,9498,,
58,58,53,75,0,0,0,0,1803,1803,1804,1804,0,0,0,0,25,905,1399,2332,2021,0,777,2969,9498,,
75,76,33,50,0,0,0,0,1804,1802,1803,1803,0,0,0,0,47,905,1399,2332,2021,0,777,2969,9498,,
69,85,53,54,0,0,0,0,1803,1802,1804,1810,0,0,0,0,3,905,1399,2332,2021,0,622,2969,9343,,
60,61,60,78,0,0,0,0,1804,1804,1803,1798,0,0,0,0,3,905,1399,2332,2021,0,622,2969,9343,,
54,75,63,58,0,0,0,0,1804,1804,1804,1804,0,0,0,0,0,905,1399,2332,2021,0,777,2969,9498,,
68,54,58,76,0,0,0,0,1803,1804,1803,1803,0,0,0,0,26,905,1399,2332,2021,0,777,2969,9498,,
69,73,78,61,0,0,0,0,1802,1805,1804,1804,0,0,0,0,1,905,1555,2332,2021,0,777,2969,9654,,
75,58,58,54,0,0,0,0,1805,1804,1805,1804,0,0,0,0,11,905,1555,2332,2021,0,777,2969,9654,,
61,76,61,53,0,0,0,0,1802,1803,1803,1804,0,0,0,0,44,905,1399,2332,2021,0,777,2969,9498,,
66,75,69,41,0,0,0,0,1804,1804,1803,1804,0,0,0,0,0,905,1399,2488,2021,0,777,2969,9654,,
50,40,83,64,0,0,0,0,1803,1802,1804,1804,0,0,0,0,0,905,1399,2643,2021,0,777,2969,9809,,
41,66,69,69,0,0,0,0,1804,1804,1804,1804,0,0,0,0,0,905,1399,2642,2020,0,777,2969,9807,,
64,76,61,41,0,0,0,0,1803,1804,1802,1803,0,0,0,0,12,905,1399,2642,2020,0,777,2969,9807,,
61,53,63,80,0,0,0,0,1803,1804,1804,1802,0,0,0,0,0,905,1399,2643,2020,0,777,2969,9808,,
69,54,60,69,0,0,0,0,1804,1803,1804,1804,0,0,0,0,47,905,1399,2643,2021,0,777,2969,9809,,
45,69,53,81,0,0,0,0,1803,1804,1803,1804,0,0,0,0,46,905,1399,2643,2021,0,777,2969,9809,,
92,57,63,69,0,0,0,0,1803,1804,1801,1803,0,0,0,0,0,905,1399,2488,2021,0,777,2969,9654,,
58,84,66,60,0,0,0,0,1803,1803,1803,1804,0,0,0,0,0,905,1555,2488,2021,0,777,2969,9810,,
66,81,66,53,0,0,0,0,1804,1803,1801,1805,0,0,0,0,32,905,1555,2488,2021,0,777,2969,9810,,
41,64,75,71,0,0,0,0,1803,1804,1804,1804,0,0,0,0,46,905,1399,2488,2021,0,777,3009,9694,,
53,50,84,54,0,0,0,0,1803,1803,1802,1803,0,0,0,0,0,905,1399,2488,2021,0,777,2969,9654,,
61,40,58,72,0,0,0,0,1804,1803,1804,1803,0,0,0,0,39,905,1555,2488,2021,0,777,2969,9810,,
41,46,61,83,0,0,0,0,1800,1802,1802,1802,0,0,0,0,2,905,1555,2332,2021,0,777,2969,9654,,
41,58,75,66,0,0,0,0,1802,1801,1802,1800,0,0,0,0,6,905,1400,2332,2021,0,777,2969,9499,,
78,61,53,80,0,0,0,0,1803,1803,1804,1801,0,0,0,0,1,905,1399,2332,2021,0,777,2969,9498,,
69,38,69,66,0,0,0,0,1803,1804,1804,1804,0,0,0,0,0,905,1555,2488,2021,0,777,2969,9810,,
81,58,63,41,0,0,0,0,1805,1803,1804,1803,0,0,0,0,45,905,1555,2332,2021,0,777,2969,9654,,
58,81,53,46,0,0,0,0,1799,1803,1803,1802,0,0,0,0,22,905,1399,2332,2021,0,777,2969,9498,,
69,85,76,61,0,0,0,0,1803,1803,1802,1801,0,0,0,0,0,905,1399,2332,2021,0,777,2969,9498,,
66,91,54,53,0,0,0,0,1803,1804,1803,1802,0,0,0,0,0,905,1555,2488,2021,0,777,2969,9810,,
61,69,61,61,0,0,0,0,1803,1803,1804,1804,0,0,0,0,46,905,1555,2488,2021,0,777,2969,9810,,
64,69,50,61,0,0,0,0,1804,1803,1803,1803,0,0,0,0,3,905,1399,2332,2021,0,777,2969,9498,,
50,84,66,63,0,0,0,0,1803,1804,1803,1801,0,0,0,0,32,905,1555,2488,2021,0,777,2969,9810,,
69,75,63,50,0,0,0,0,1803,1803,1804,1800,0,0,0,0,23,905,1555,2332,2021,0,777,2969,9654,,
61,61,83,53,0,0,0,0,1803,1804,1803,1804,0,0,0,0,0,905,1555,2332,2021,0,777,2969,9654,,
66,66,63,58,0,0,0,0,1803,1801,1803,1804,0,0,0,0,0,905,1555,2332,2021,0,777,2969,9654,,
66,38,64,60,0,0,0,0,1803,1801,1804,1803,0,0,0,0,3,905,1555,2332,2021,0,777,2969,9654,,
63,76,54,50,0,0,0,0,1803,1803,1802,1802,0,0,0,0,1,905,1555,2332,2021,0,777,2969,9654,,
66,69,64,64,0,0,0,0,1803,1804,1803,1802,0,0,0,0,17,905,1399,2332,2021,0,777,2969,9498,,
53,83,58,63,0,0,0,0,1804,1806,1806,1803,0,0,0,0,0,905,1555,2332,2021,0,777,2969,9654,,
54,41,66,69,0,0,0,0,1803,1801,1804,1801,0,0,0,0,3,905,1555,2332,2021,0,777,2969,9654,,
75,83,71,57,0,0,0,0,1803,1804,1804,1805,0,0,0,0,28,905,1555,2332,2021,0,777,2969,9654,,
58,50,76,75,0,0,0,0,1803,1803,1804,1803,0,0,0,0,3,905,1555,2332,2021,0,777,3009,9694,,
46,33,72,90,0,0,0,0,1803,1803,1802,1804,0,0,0,0,16,905,1555,2332,2021,0,777,2969,9654,,
66,57,69,86,0,0,0,0,1802,1803,1803,1802,0,0,0,0,36,905,1555,2332,2021,0,777,3009,9694,,
61,90,61,33,0,0,0,0,1804,1803,1802,1804,0,0,0,0,34,905,1555,2332,2021,0,777,3009,9694,,
66,83,64,50,0,0,0,0,1802,1805,1802,1803,0,0,0,0,1,905,1555,2332,2021,0,777,3009,9694,,
69,69,76,58,0,0,0,0,1805,1805,1804,1804,0,0,0,0,0,905,1555,2332,2021,0,777,3009,9694,,
63,50,60,53,0,0,0,0,1804,1804,1804,1803,0,0,0,0,43,905,1555,2332,2021,0,777,2969,9654,,
84,41,58,50,0,0,0,0,1805,1804,1804,1802,0,0,0,0,2,905,1555,2332,2021,0,777,2969,9654,,
83,50,92,53,0,0,0,0,1804,1804,1803,1804,0,0,0,0,45,905,1399,2332,2021,0,777,2969,9498,,
57,33,64,58,0,0,0,0,1804,1803,1803,1804,0,0,0,0,0,905,1400,2332,2021,0,777,2969,9499,,
50,38,63,76,0,0,0,0,1804,1803,1804,1804,0,0,0,0,0,905,1399,2332,2021,0,777,2969,9498,,
58,30,61,58,0,0,0,0,1804,1803,1803,1804,0,0,0,0,45,905,1400,2332,2021,0,777,2969,9499,,
50,41,81,58,0,0,0,0,1806,1803,1803,1799,0,0,0,0,46,905,1400,2178,2022,0,777,2969,9346,,
50,69,84,54,0,0,0,0,1803,1803,1803,1803,0,0,0,0,0,905,1400,2333,2022,0,777,2969,9501,,
69,45,76,50,0,0,0,0,1804,1804,1804,1804,0,0,0,0,0,905,1555,2332,2021,0,777,2969,9654,,
58,81,53,53,0,0,0,0,1805,1805,1804,1803,0,0,0,0,25,905,1400,2333,2021,0,777,2969,9500,,
40,84,45,66,0,0,0,0,1804,1804,1803,1803,0,0,0,0,25,905,1400,2333,2021,0,777,2969,9500,,
60,91,50,61,0,0,0,0,1801,1802,1803,1802,0,0,0,0,0,905,1400,2333,2021,0,777,2969,9500,,
38,84,38,50,0,0,0,0,1803,1803,1803,1803,0,0,0,0,0,905,1400,2178,1867,0,777,2969,9191,,
36,76,50,58,0,0,0,0,1804,1804,1802,1802,0,0,0,0,0,905,1400,2178,2021,0,777,2969,9345,,
46,91,53,61,0,0,0,0,1804,1803,1803,1803,0,0,0,0,33,905,1400,2333,2021,0,777,2969,9500,,
76,38,46,53,0,0,0,0,1801,1804,1803,1803,0,0,0,0,39,905,1400,2178,2022,0,777,2969,9346,,
72,58,58,63,0,0,0,0,1802,1803,1803,1803,0,0,0,0,8,905,1400,2178,2021,0,777,2969,9345,,
41,91,58,69,0,0,0,0,1803,1803,1804,1804,0,0,0,0,0,905,1555,2332,2021,0,777,2969,9654,,
41,83,61,58,0,0,0,0,1803,1801,1803,1803,0,0,0,0,44,905,1400,2333,2021,0,777,2969,9500,,
71,63,57,66,0,0,0,0,1803,1804,1802,1803,0,0,0,0,4,905,1400,2333,2021,0,777,2969,9500,,
91,46,50,64,0,0,0,0,1803,1801,1803,1803,0,0,0,0,0,905,1555,2332,2021,0,777,2969,9654,,
58,72,41,58,0,0,0,0,1803,1803,1803,1803,0,0,0,0,0,905,1400,2333,2021,0,777,2969,9500,,
33,53,69,58,0,0,0,0,1804,1804,1803,1804,0,0,0,0,45,905,1400,2178,2021,0,777,2969,9345,,
36,66,72,58,0,0,0,0,1804,1804,1803,1805,0,0,0,0,35,905,1400,2178,2022,0,777,2969,9346,,
71,36,64,69,0,0,0,0,1802,1803,1802,1807,0,0,0,0,0,905,1400,2178,1867,0,777,2969,9191,,
66,66,41,53,0,0,0,0,1803,1801,1801,1804,0,0,0,0,0,905,1400,2177,2021,0,777,2969,9344,,
83,30,45,50,0,0,0,0,1802,1803,1804,1803,0,0,0,0,19,905,1400,2177,2021,0,777,2969,9344,,
66,45,41,83,0,0,0,0,1802,1804,1804,1803,0,0,0,0,45,905,1400,2177,2021,0,777,2969,9344,,
66,58,50,64,0,0,0,0,1803,1804,1803,1803,0,0,0,0,0,905,1400,2177,2021,0,622,2969,9189,,
66,66,53,53,0,0,0,0,1804,1802,1803,1803,0,0,0,0,0,905,1399,2177,2021,0,777,2969,9343,,
46,57,84,41,0,0,0,0,1803,1803,1804,1803,0,0,0,0,45,905,1399,2177,2021,0,777,2969,9343,,
64,66,83,50,0,0,0,0,1803,1803,1798,1803,0,0,0,0,16,905,1399,2177,2021,0,777,2969,9343,,
50,50,66,60,0,0,0,0,1800,1804,1803,1804,0,0,0,0,0,905,1400,2177,2021,0,777,2969,9344,,
75,84,27,40,0,0,0,0,1803,1804,1804,1803,0,0,0,0,0,905,1399,2177,2021,0,777,2969,9343,,
64,46,61,53,0,0,0,0,1800,1804,1803,1804,0,0,0,0,0,905,1400,2177,2021,0,777,2969,9344,,
71,50,69,58,0,0,0,0,1804,1803,1803,1803,0,0,0,0,36,905,1400,2177,2021,0,777,2969,9344,,
46,57,50,85,0,0,0,0,1803,1803,1804,1804,0,0,0,0,37,905,1399,2332,2021,0,777,2969,9498,,
58,61,90,41,0,0,0,0,1804,1804,1803,1804,0,0,0,0,34,905,1399,2177,2021,0,777,2969,9343,,
41,33,83,75,0,0,0,0,1803,1803,1803,1803,0,0,0,0,0,905,1400,2177,2021,0,777,2969,9344,,
42,61,61,58,0,0,0,0,1805,1803,1803,1802,0,0,0,0,0,905,1400,2177,1866,0,777,2969,9189,,
63,92,41,50,0,0,0,0,1802,1803,1803,1803,0,0,0,0,2,905,1399,2177,2021,0,777,2969,9343,,
76,50,58,50,0,0,0,0,1804,1804,1806,1803,0,0,0,0,14,905,1399,2332,2021,0,777,2969,9498,,
71,76,53,53,0,0,0,0,1808,1800,1802,1803,0,0,0,0,0,905,1399,2177,2021,0,777,2969,9343,,
50,53,84,50,0,0,0,0,1803,1804,1804,1803,0,0,0,0,0,905,1399,2177,2021,0,777,2969,9343,,
58,61,30,58,0,0,0,0,1803,1799,1803,1803,0,0,0,0,0,905,1400,2177,2021,0,777,2969,9344,,
53,58,46,50,0,0,0,0,1803,1804,1803,1803,0,0,0,0,0,905,1400,2178,1867,0,622,2969,9036,,
83,54,46,50,0,0,0,0,1803,1803,1798,1803,0,0,0,0,0,905,1400,2178,2022,0,777,2969,9346,,
50,83,53,46,0,0,0,0,1803,1803,1803,1803,0,0,0,0,42,905,1400,2178,1867,0,777,2969,9191,,
83,84,84,76,0,0,0,0,1803,1801,1803,1803,0,0,0,0,3,905,1555,2332,2021,0,777,3009,9694,,
75,83,75,63,0,0,0,0,1803,1805,1804,1804,0,0,0,0,26,905,1710,2332,2021,0,777,3009,9849,,
66,83,92,76,0,0,0,0,1801,1803,1804,1802,0,0,0,0,46,905,1710,2488,2020,0,777,3049,10044,,
76,83,81,86,0,0,0,0,1802,1804,1802,1801,0,0,0,0,4,905,1865,2487,2020,0,932,3049,10353,,
71,91,84,76,0,0,0,0,1804,1804,1803,1804,0,0,0,0,22,905,1865,2642,2020,0,932,3049,10508,,
91,85,72,85,0,0,0,0,1803,1803,1802,1802,0,0,0,0,39,905,1865,2642,2176,0,932,3049,10664,,
84,83,73,69,0,0,0,0,1803,1803,1803,1803,0,0,0,0,46,905,1865,2642,2176,0,932,3049,10664,,
84,69,69,76,0,0,0,0,1804,1804,1803,1804,0,0,0,0,47,905,1865,2642,2176,0,932,3089,10704,,
84,84,84,75,0,0,0,0,1804,1803,1804,1798,0,0,0,0,4,905,1865,2642,2176,0,932,3089,10704,,
78,90,91,86,0,0,0,0,1803,1801,1800,1802,0,0,0,0,48,905,1865,2642,2176,0,932,3089,10704,,
80,69,92,66,0,0,0,0,1804,1804,1801,1807,0,0,0,0,4,905,2020,2642,2176,0,932,3089,10859,,
75,61,81,91,0,0,0,0,1800,1803,1803,1802,0,0,0,0,37,905,1865,2642,2176,0,932,3089,10704,,
91,75,84,80,0,0,0,0,1803,1804,1803,1803,0,0,0,0,2,905,2020,2642,2176,0,932,3089,10859,,
69,83,91,60,0,0,0,0,1804,1803,1800,1803,0,0,0,0,47,905,2176,2642,2176,0,932,3089,11015,,
69,84,81,76,0,0,0,0,1801,1806,1804,1804,0,0,0,0,22,905,2176,2642,2175,0,932,3089,11014,,
92,61,57,85,0,0,0,0,1803,1806,1797,1802,0,0,0,0,4,905,2176,2642,2176,0,932,3089,11015,,
91,53,84,72,0,0,0,0,1804,1803,1803,1803,0,0,0,0,41,905,2176,2642,2175,0,932,3089,11014,,
92,85,84,33,0,0,0,0,1803,1803,1803,1804,0,0,0,0,43,905,2176,2642,2175,0,932,3049,10974,,
57,76,83,83,0,0,0,0,1803,1803,1802,1803,0,0,0,0,27,905,2175,2641,2175,0,932,3049,10972,,
80,72,90,78,0,0,0,0,1804,1803,1803,1804,0,0,0,0,4,905,2175,2641,2175,0,932,3049,10972,,
76,69,92,66,0,0,0,0,1802,1804,1800,1804,0,0,0,0,47,905,2175,2641,2175,0,932,3049,10972,,
78,69,91,58,0,0,0,0,1803,1803,1804,1802,0,0,0,0,44,905,2020,2641,2020,0,932,3049,10662,,
81,63,73,75,0,0,0,0,1803,1803,1802,1803,0,0,0,0,47,905,2175,2641,2020,0,932,3049,10817,,
71,83,75,91,0,0,0,0,1803,1803,1804,1801,0,0,0,0,5,905,2176,2641,2020,0,932,3049,10818,,
91,91,83,84,0,0,0,0,1804,1804,1802,1803,0,0,0,0,45,905,2175,2797,2020,0,932,3049,10973,,
66,76,91,92,0,0,0,0,1803,1804,1803,1801,0,0,0,0,16,905,2175,2797,2020,0,932,3049,10973,,
100,92,92,36,0,0,0,0,1803,1804,1803,1803,0,0,0,0,0,905,1865,2798,2020,0,777,3009,10469,,
84,100,100,63,0,0,0,0,1800,1803,1802,1800,0,0,0,0,0,905,1555,2954,2020,0,777,2969,10275,,
81,66,91,83,0,0,0,0,1803,1804,1803,1803,0,0,0,0,0,905,1399,2954,1866,0,622,2969,9810,,
91,75,91,92,0,0,0,0,1803,1804,1799,1802,0,0,0,0,0,905,1088,2954,1866,0,622,2929,9459,,
58,100,75,100,0,0,0,0,1801,1802,1803,1803,0,0,0,0,0,905,1089,2956,1867,0,622,2929,9463,,
69,92,90,92,0,0,0,0,1800,1802,1802,1800,0,0,0,0,0,905,933,2956,1867,0,466,2889,9111,,
57,91,92,91,0,0,0,0,1804,1803,1806,1803,0,0,0,0,0,905,933,2956,1867,0,466,2889,9111,,
66,100,81,90,0,0,0,0,1803,1801,1803,1803,0,0,0,0,0,905,777,2956,1867,0,466,2889,8955,,
90,61,92,83,0,0,0,0,1803,1800,1804,1804,0,0,0,0,0,905,777,2956,1867,0,466,2889,8955,,
64,92,100,100,0,0,0,0,1804,1803,1803,1803,0,0,0,0,0,905,777,2956,1867,0,466,2889,8955,,
83,91,64,84,0,0,0,0,1803,1803,1805,1801,0,0,0,0,0,905,777,2956,1711,0,466,2889,8799,,
69,91,84,78,0,0,0,0,1804,1804,1803,1803,0,0,0,0,0,905,622,3111,1711,0,466,2889,8799,,
91,90,100,61,0,0,0,0,1803,1803,1804,1798,0,0,0,0,0,905,622,3111,1867,0,466,2889,8955,,
84,69,92,75,0,0,0,0,1804,1803,1803,1804,0,0,0,0,0,905,622,3111,1711,0,466,2889,8799,,
90,75,66,90,0,0,0,0,1803,1804,1799,1803,0,0,0,0,0,905,622,3111,1711,0,466,2889,8799,,
92,58,90,90,0,0,0,0,1804,1804,1803,1803,0,0,0,0,0,905,622,3111,1711,0,466,2849,8759,,
91,75,75,90,0,0,0,0,1804,1804,1803,1804,0,0,0,0,0,905,622,2956,1711,0,466,2849,8604,,
92,92,53,92,0,0,0,0,1804,1804,1804,1804,0,0,0,0,0,905,622,2956,1711,0,466,2849,8604,,
90,64,78,91,0,0,0,0,1804,1803,1803,1802,0,0,0,0,0,905,622,2956,1711,0,466,2849,8604,,
91,90,63,91,0,0,0,0,1802,1802,1803,1804,0,0,0,0,0,905,622,2956,1711,0,466,2849,8604,,
83,91,53,91,0,0,0,0,1802,1804,1802,1801,0,0,0,0,0,905,622,2956,1711,0,466,2849,8604,,
85,91,66,91,0,0,0,0,1800,1802,1803,1804,0,0,0,0,0,905,622,2956,1711,0,466,2849,8604,,
100,50,100,100,0,0,0,0,1803,1803,1803,1803,0,0,0,0,0,905,622,2956,1711,0,466,2849,8604,,
69,76,91,91,0,0,0,0,1805,1803,1803,1803,0,0,0,0,0,905,622,2956,1711,0,466,2849,8604,,
75,91,100,100,0,0,0,0,1803,1803,1803,1804,0,0,0,0,0,905,622,2956,1711,0,466,2849,8604,,
50,92,91,91,0,0,0,0,1802,1804,1803,1804,0,0,0,0,0,905,622,2956,1711,0,466,2849,8604,,
84,92,91,91,0,0,0,0,1802,1803,1804,1802,0,0,0,0,0,905,622,2956,1711,0,466,2849,8604,,
83,66,100,100,0,0,0,0,1803,1801,1801,1802,0,0,0,0,0,905,622,2956,1711,0,466,2849,8604,,
91,75,91,91,0,0,0,0,1801,1803,1803,1803,0,0,0,0,0,905,622,3111,1711,0,466,2849,8759,,
92,41,91,91,0,0,0,0,1804,1800,1803,1803,0,0,0,0,0,905,622,3111,1711,0,466,2849,8759,,
91,76,92,91,0,0,0,0,1804,1803,1804,1808,0,0,0,0,0,905,622,3111,1711,0,466,2849,8759,,
91,57,100,100,0,0,0,0,1803,1802,1802,1802,0,0,0,0,0,905,622,3111,1711,0,466,2849,8759,,
84,66,91,91,0,0,0,0,1804,1803,1804,1804,0,0,0,0,0,905,622,3111,1711,0,466,2849,8759,,
91,69,100,92,0,0,0,0,1803,1803,1803,1804,0,0,0,0,0,905,622,3111,1711,0,466,2849,8759,,
58,92,84,91,0,0,0,0,1802,1803,1803,1803,0,0,0,0,0,905,622,2956,1711,0,466,2849,8604,,
64,92,100,100,0,0,0,0,1802,1804,1804,1803,0,0,0,0,0,905,622,2956,1711,0,466,2849,8604,,
81,72,91,83,0,0,0,0,1803,1803,1803,1803,0,0,0,0,0,905,622,2956,1711,0,466,2849,8604,,
75,91,91,100,0,0,0,0,1802,1803,1803,1804,0,0,0,0,0,905,622,2956,1711,0,466,2849,8604,,
57,83,91,92,0,0,0,0,1801,1803,1804,1803,0,0,0,0,0,905,622,2956,1711,0,466,2849,8604,,
75,100,91,91,0,0,0,0,1800,1803,1803,1803,0,0,0,0,0,905,622,2956,1711,0,466,2849,8604,,
92,50,92,100,0,0,0,0,1804,1807,1803,1802,0,0,0,0,0,905,622,2956,1711,0,466,2849,8604,,
90,75,90,69,0,0,0,0,1802,1803,1803,1804,0,0,0,0,0,905,622,2956,1711,0,466,2849,8604,,
84,91,69,100,0,0,0,0,1803,1803,1803,1803,0,0,0,0,0,905,622,2956,1711,0,466,2849,8604,,
83,92,92,64,0,0,0,0,1802,1802,1804,1803,0,0,0,0,0,905,622,2956,1711,0,466,2849,8604,,
92,69,92,100,0,0,0,0,1804,1802,1803,1798,0,0,0,0,0,905,622,2956,1711,0,466,2849,8604,,
85,50,92,92,0,0,0,0,1804,1805,1803,1802,0,0,0,0,0,905,622,2956,1711,0,466,2849,8604,,
90,69,92,92,0,0,0,0,1803,1804,1803,1803,0,0,0,0,0,905,622,2956,1711,0,466,2849,8604,,
100,50,90,90,0,0,0,0,1804,1803,1804,1803,0,0,0,0,0,905,622,2956,1711,0,466,2849,8604,,
76,63,92,91,0,0,0,0,1803,1804,1799,1803,0,0,0,0,0,905,622,2956,1711,0,466,2849,8604,,
83,46,100,90,0,0,0,0,1804,1803,1804,1804,0,0,0,0,0,905,622,2956,1711,0,466,2849,8604,,
90,76,84,91,0,0,0,0,1803,1803,1803,1803,0,0,0,0,0,905,622,2956,1711,0,466,2849,8604,,
92,46,91,91,0,0,0,0,1803,1803,1803,1803,0,0,0,0,0,905,622,2956,1711,0,466,2849,8604,,
69,91,91,91,0,0,0,0,1803,1803,1804,1804,0,0,0,0,0,905,622,2956,1711,0,466,2849,8604,,
66,100,92,86,0,0,0,0,1803,1803,1801,1804,0,0,0,0,0,905,622,2956,1711,0,466,2849,8604,,
66,91,91,90,0,0,0,0,1804,1804,1804,1804,0,0,0,0,0,905,622,2956,1711,0,466,2849,8604,,
