frame_number,video 1,video 2,video 3,video 4
0,18,45,87,45
1,17,45,87,45
2,17,45,87,45
3,18,45,88,45
4,18,45,86,45
5,18,45,86,45
6,18,45,88,45
7,16,45,88,45
8,16,45,87,45
9,16,45,86,45
10,17,45,87,45
11,18,45,87,45
12,17,45,88,45
13,17,45,88,45
14,18,44,88,44
15,18,45,88,45
16,18,45,86,45
17,18,45,87,45
18,17,45,87,45
19,17,45,88,45
20,15,45,89,45
21,16,45,88,45
22,17,44,89,44
23,17,44,89,44
24,17,44,88,44
25,17,43,89,43
26,19,44,89,44
27,19,44,89,44
28,19,44,89,44
29,19,45,89,45
30,19,45,89,45
31,18,45,88,45
32,17,45,88,45
33,17,45,88,45
34,17,45,89,45
35,16,44,89,44
36,19,45,89,45
37,18,45,89,45
38,17,44,89,44
39,17,45,89,45
40,17,45,89,45
41,17,45,89,45
42,16,45,89,45
43,17,45,89,45
44,17,45,89,45
45,18,45,89,45
46,15,45,89,45
47,16,45,89,45
48,17,45,89,45
49,16,45,89,45
50,16,45,89,45
51,16,45,88,45
52,16,45,88,45
53,17,45,88,45
54,17,45,88,45
55,17,45,89,45
56,17,45,89,45
57,18,45,89,45
58,17,45,89,45
59,17,45,89,45
60,18,45,89,45
61,18,45,89,45
62,18,45,89,45
63,18,45,90,45
64,18,45,90,45
65,18,45,90,45
66,18,45,90,45
67,18,45,90,45
68,18,45,90,45
69,18,45,90,45
70,18,45,89,45
71,18,45,89,45
72,18,45,89,45
73,18,45,89,45
74,18,45,89,45
75,18,45,88,45
76,18,45,89,45
77,18,45,89,45
78,18,45,90,45
79,17,45,89,45
80,17,45,89,45
81,18,45,89,45
82,18,44,90,44
83,16,45,90,45
84,16,45,89,45
85,16,45,89,45
86,16,45,90,45
87,16,45,90,45
88,16,44,88,44
89,16,44,89,44
90,17,44,89,44
91,16,44,89,44
92,16,44,88,44
93,16,44,88,44
94,16,44,88,44
95,16,44,89,44
96,16,44,88,44
97,16,44,89,44
98,16,44,89,44
99,16,45,89,45
100,16,45,89,45
101,16,45,89,45
102,16,45,89,45
103,17,45,89,45
104,16,45,89,45
105,16,45,89,45
106,16,45,89,45
107,16,45,89,45
108,16,45,89,45
109,16,45,89,45
110,17,45,88,45
111,17,45,89,45
112,16,45,88,45
113,16,45,89,45
114,17,45,89,45
115,17,45,89,45
116,17,45,89,45
117,18,45,89,45
118,16,45,89,45
119,16,45,89,45
120,16,45,89,45
121,17,45,89,45
122,17,45,89,45
123,16,45,89,45
124,17,45,89,45
125,17,45,89,45
126,17,45,88,45
127,17,45,89,45
128,17,45,91,45
129,15,45,89,45
130,16,45,87,45
131,17,45,88,45
132,17,45,90,45
133,17,45,91,45
134,18,45,91,45
135,17,45,86,45
136,18,45,88,45
137,17,45,89,45
138,18,45,90,45
139,17,45,90,45
140,17,45,89,45
141,16,45,89,45
142,18,45,90,45
143,16,45,90,45
144,17,45,90,45
145,17,45,90,45
146,16,45,89,45
147,16,45,90,45
148,16,45,88,45
149,17,44,89,44
150,18,45,89,45
151,18,45,88,45
152,16,45,86,45
153,17,45,86,45
154,17,45,87,45
155,17,45,88,45
156,17,45,86,45
157,17,44,86,44
158,17,44,86,44
159,17,44,84,44
160,17,44,80,44
161,17,44,84,44
162,17,44,78,44
163,17,44,78,44
164,17,44,78,44
165,17,44,81,44
166,17,43,80,43
167,17,43,79,43
168,18,44,84,44
169,18,44,84,44
170,18,44,80,44
171,16,44,84,44
172,16,42,83,42
173,17,42,86,42
174,17,44,85,44
175,16,42,86,42
176,16,42,86,42
177,16,42,89,42
178,16,43,88,43
179,16,43,88,43
180,16,43,88,43
181,16,43,87,43
182,16,43,87,43
183,16,43,88,43
184,16,43,87,43
185,16,43,88,43
186,16,43,86,43
187,16,43,86,43
188,16,44,88,44
189,17,42,90,42
190,17,42,90,42
191,18,44,89,44
192,18,43,89,43
193,18,44,91,44
194,16,42,92,42
195,18,42,87,42
196,17,42,88,42
197,19,42,88,42
198,19,42,88,42
199,19,42,88,42
200,17,42,87,42
201,18,42,91,42
202,19,42,91,42
203,19,42,90,42
204,18,42,90,42
205,16,42,90,42
206,15,41,89,41
207,16,42,91,42
208,15,42,88,42
209,15,41,89,41
210,16,42,89,42
211,16,42,90,42
212,15,43,88,43
213,15,42,86,42
214,15,42,87,42
215,15,42,86,42
216,16,42,84,42
217,15,42,84,42
218,16,42,85,42
219,16,43,85,43
220,16,41,83,41
221,16,43,84,43
222,18,43,84,43
223,16,43,82,43
224,17,42,85,42
225,16,45,84,45
226,16,43,83,43
227,16,42,84,42
228,17,43,84,43
229,17,42,84,42
230,17,43,83,43
231,18,41,83,41
232,18,41,84,41
233,18,42,85,42
234,15,40,86,40
235,15,43,86,43
236,15,41,84,41
237,16,43,84,43
238,16,42,85,42
239,16,41,84,41
240,16,42,82,42
241,16,40,84,40
242,15,40,85,40
243,15,41,81,41
244,17,40,81,40
245,17,40,82,40
246,15,42,81,42
247,16,41,81,41
248,16,41,79,41
249,16,44,80,44
250,17,38,79,38
251,16,41,82,41
252,16,42,84,42
253,17,42,84,42
254,17,41,84,41
255,17,42,83,42
256,17,42,83,42
257,17,40,83,40
258,17,41,81,41
259,18,41,81,41
260,17,40,82,40
261,16,41,82,41
262,16,41,82,41
263,16,41,83,41
264,16,40,82,40
265,17,38,81,38
266,17,40,81,40
267,17,40,81,40
268,17,42,81,42
269,17,44,81,44
270,16,44,81,44
271,17,44,82,44
272,16,43,81,43
273,16,41,80,41
274,17,41,81,41
275,17,43,80,43
276,17,44,82,44
277,17,43,81,43
278,18,42,83,42
279,18,42,82,42
280,17,39,82,39
281,18,40,82,40
282,17,40,81,40
283,16,41,82,41
284,16,41,82,41
285,17,41,83,41
286,17,41,82,41
287,17,42,84,42
288,18,40,82,40
289,18,41,81,41
290,18,41,82,41
291,19,41,82,41
292,18,41,83,41
293,16,42,83,42
294,18,43,82,43
295,18,42,83,42
296,17,44,82,44
297,17,43,83,43
298,17,43,82,43
299,16,43,83,43
300,17,44,82,44
301,17,43,83,43
302,18,41,83,41
303,18,41,82,41
304,16,41,82,41
305,17,43,82,43
306,5,43,84,43
307,19,42,83,42
308,18,42,84,42
309,18,43,82,43
310,18,44,83,44
311,18,42,79,42
312,18,43,80,43
313,18,43,80,43
314,17,43,82,43
315,17,43,82,43
316,17,45,82,45
317,18,44,81,44
318,18,45,83,45
319,18,44,83,44
320,18,43,83,43
321,18,43,83,43
322,18,43,83,43
323,18,42,82,42
324,18,42,80,42
325,17,43,80,43
326,17,42,78,42
327,17,40,76,40
328,17,41,76,41
329,18,41,74,41
330,17,45,69,45
331,17,41,67,41
332,17,41,63,41
333,17,43,60,43
334,17,43,58,43
335,18,40,56,40
336,17,40,54,40
337,17,39,53,39
338,16,39,54,39
339,16,39,54,39
340,16,39,54,39
341,17,36,51,36
342,16,38,50,38
343,16,40,48,40
344,16,39,47,39
345,16,41,47,41
346,16,41,46,41
347,17,37,51,37
348,16,41,55,41
349,16,38,61,38
350,16,38,68,38
351,18,38,72,38
352,18,39,79,39
353,16,41,83,41
354,17,42,85,42
355,18,41,85,41
356,16,42,83,42
357,18,41,84,41
358,18,41,84,41
359,18,42,84,42
360,19,40,84,40
361,19,41,83,41
362,19,40,82,40
363,19,43,83,43
364,15,43,83,43
365,16,44,83,44
366,17,43,84,43
367,17,43,84,43
368,17,43,82,43
369,17,41,83,41
370,17,43,83,43
371,17,44,82,44
372,17,44,81,44
373,17,42,83,42
374,17,42,83,42
375,17,40,83,40
376,17,43,83,43
377,17,41,84,41
378,17,41,85,41
379,17,40,86,40
380,17,42,86,42
381,17,42,86,42
382,17,46,86,46
383,17,45,84,45
384,17,45,84,45
385,17,45,86,45
386,17,42,86,42
387,17,41,86,41
388,17,43,85,43
389,17,42,84,42
390,17,41,82,41
391,17,41,83,41
392,17,41,83,41
393,17,40,84,40
394,17,39,83,39
395,17,41,85,41
396,17,39,86,39
397,17,40,85,40
398,16,39,83,39
399,16,40,83,40
400,17,42,83,42
401,17,41,83,41
402,17,38,83,38
403,17,38,83,39
404,17,39,84,39
405,16,38,82,38
406,16,39,84,38
407,16,38,83,38
408,16,38,83,38
409,16,39,83,40
410,16,40,84,41
411,16,40,84,40
412,16,40,84,40
413,16,40,84,39
414,16,40,83,39
415,16,40,83,39
416,16,40,84,39
417,16,40,83,39
418,16,39,83,40
419,16,40,83,40
420,16,40,84,40
421,16,41,84,40
422,16,42,84,41
423,16,42,85,40
424,16,42,87,40
425,17,39,85,40
426,16,40,85,40
427,17,40,84,40
428,17,41,83,40
429,17,40,82,40
430,17,40,84,40
431,17,41,85,40
432,18,40,85,39
433,17,41,86,40
434,17,41,87,40
435,15,42,87,41
436,16,38,88,39
437,17,40,85,40
438,17,42,87,42
439,17,42,86,43
440,18,18,84,0
441,17,45,86,0
442,17,45,86,0
443,18,45,86,0
444,18,45,86,0
445,17,45,86,0
446,17,45,87,0
447,17,45,87,0
448,17,45,87,0
449,17,45,87,0
450,17,45,87,0
451,16,45,87,0
452,17,45,87,0
453,17,44,88,0
454,17,45,87,0
455,17,45,88,0
456,18,45,89,0
457,17,45,88,0
458,18,45,89,0
459,16,45,53,0
460,17,45,88,0
461,17,45,87,0
462,17,45,86,0
463,17,45,86,0
464,17,45,87,0
465,17,45,87,0
466,17,45,86,0
467,17,45,88,0
468,17,45,89,0
469,17,45,87,0
470,17,45,87,0
471,17,45,88,0
472,17,45,88,0
473,17,45,88,0
474,18,45,88,0
475,18,45,86,0
476,18,45,87,0
477,16,45,87,0
478,16,45,88,0
479,16,45,88,0
480,16,45,88,0
481,16,45,88,0
482,16,45,88,0
483,16,45,87,0
484,16,45,88,0
485,16,45,88,0
486,16,45,88,0
487,16,45,89,0
488,16,45,88,0
489,16,45,89,0
490,16,45,90,0
491,17,45,90,0
492,15,45,88,0
493,16,45,88,0
494,16,45,89,0
495,17,45,89,0
496,17,45,89,0
497,18,45,89,0
498,18,45,89,0
499,18,45,90,0
500,17,45,90,0
501,17,45,90,0
502,17,45,90,0
503,17,45,90,0
504,18,45,90,0
505,19,45,90,0
506,17,45,90,0
507,18,45,88,0
508,19,45,89,0
509,19,45,90,0
510,18,45,90,0
511,17,45,89,0
512,15,45,89,0
513,16,45,89,0
514,16,45,89,0
515,16,45,87,0
516,15,45,88,0
517,16,45,89,0
518,15,45,88,0
519,15,45,89,0
520,15,45,89,0
521,15,45,88,0
522,15,45,89,0
523,16,45,89,0
524,16,45,89,0
525,16,45,90,0
526,16,45,89,0
527,17,45,89,0
528,17,45,89,0
529,16,45,89,0
530,17,45,89,0
531,17,45,89,0
532,16,45,89,0
533,18,45,88,0
534,18,45,88,0
535,17,45,88,0
536,17,45,88,0
537,17,45,88,0
538,18,45,88,0
539,19,45,88,0
540,16,45,88,0
541,18,45,88,0
542,16,45,88,0
543,16,45,88,0
544,17,45,88,64
545,17,45,88,64
546,17,45,88,64
547,17,45,88,64
548,16,45,88,63
549,16,45,89,63
550,17,45,89,63
551,17,45,89,64
552,15,45,89,64
553,16,45,89,66
554,17,45,89,63
555,17,45,89,64
556,18,45,88,64
557,17,45,88,67
558,16,45,88,63
559,16,45,88,65
560,17,45,88,65
561,17,45,88,66
562,17,45,88,64
563,17,45,88,65
564,17,45,88,65
565,18,45,89,65
566,18,45,89,64
567,17,45,89,65
568,18,45,89,64
569,17,45,89,64
570,17,45,89,64
571,17,45,89,64
572,17,45,89,66
573,17,45,89,67
574,17,45,89,66
575,17,45,89,66
576,16,45,89,67
577,17,45,89,67
578,16,45,89,67
579,17,45,89,66
580,18,45,89,66
581,16,45,89,66
582,17,45,89,65
583,17,45,89,65
584,18,45,89,65
585,18,45,89,65
586,17,45,90,67
587,17,45,88,65
588,17,45,89,65
589,17,45,89,66
590,16,45,89,66
591,17,45,90,66
592,17,45,91,66
593,17,45,91,66
594,17,45,90,66
595,17,45,90,66
596,18,44,90,66
597,18,44,88,66
598,18,44,88,66
599,18,44,88,66
600,19,45,90,66
601,18,45,90,65
602,19,44,90,65
603,18,45,88,66
604,18,44,89,65
605,17,44,90,65
606,18,42,89,66
607,17,43,89,66
608,17,43,88,66
609,16,43,88,65
610,16,44,87,66
611,17,44,88,66
612,6,42,86,66
613,17,42,87,66
614,17,43,88,66
615,18,43,86,66
616,18,43,87,66
617,18,41,87,66
618,18,42,84,66
619,17,42,81,67
620,17,43,83,66
621,18,44,79,66
622,18,43,78,66
623,17,43,78,65
624,18,43,82,66
625,18,43,79,66
626,18,43,77,65
627,18,43,80,65
628,18,43,82,66
629,17,43,82,66
630,17,43,82,66
631,16,44,87,65
632,16,44,86,66
633,18,44,86,65
634,17,44,87,66
635,17,42,89,66
636,17,42,89,66
637,17,42,89,66
638,18,42,88,66
639,18,42,89,66
640,17,41,87,66
641,18,41,90,66
642,15,42,87,66
643,16,42,89,66
644,17,41,89,66
645,16,44,87,67
646,16,43,83,67
647,16,43,88,67
648,16,42,90,67
649,16,43,88,67
650,17,42,89,66
651,17,42,89,66
652,17,42,91,66
653,17,42,89,65
654,15,42,90,61
655,18,41,87,62
656,17,42,88,64
657,16,41,89,65
658,17,42,89,62
659,17,41,88,63
660,17,41,88,62
661,17,42,88,61
662,17,42,88,62
663,17,42,89,62
664,17,42,89,63
665,17,44,90,64
666,17,43,90,63
667,18,42,88,64
668,18,43,88,62
669,18,43,88,63
670,17,42,89,63
671,17,40,87,62
672,16,42,87,61
673,17,42,86,60
674,17,42,87,60
675,17,44,85,59
676,17,43,85,61
677,17,43,86,60
678,17,42,86,61
679,17,41,84,61
680,17,42,86,62
681,17,40,83,60
682,17,42,84,58
683,17,41,85,63
684,17,40,83,60
685,17,41,83,59
686,17,41,83,57
687,17,43,85,63
688,17,42,84,61
689,17,41,84,61
690,17,39,83,63
691,17,41,84,64
692,17,42,85,61
693,17,42,87,62
694,17,41,86,64
695,17,42,85,61
696,17,42,83,58
697,17,41,85,61
698,17,41,85,62
699,17,41,83,64
700,17,40,83,63
701,17,41,83,62
702,17,41,82,65
703,17,41,83,63
704,17,40,83,64
705,17,38,82,66
706,17,40,82,66
707,17,40,84,66
708,17,42,83,62
709,17,44,80,64
710,17,44,83,60
711,17,44,84,60
712,17,43,85,59
713,17,41,84,61
714,17,41,82,58
715,17,43,83,60
716,17,44,82,59
717,17,43,81,61
718,17,42,81,58
719,17,42,82,60
720,17,39,82,59
721,17,40,82,60
722,17,40,83,60
723,17,41,82,62
724,17,41,81,61
725,17,41,81,60
726,17,41,81,59
727,17,42,81,59
728,17,40,81,59
729,18,41,81,59
730,18,41,82,59
731,18,41,81,58
732,17,41,80,58
733,18,42,80,57
734,18,43,81,56
735,17,42,82,55
736,17,44,82,58
737,17,43,83,58
738,17,43,82,60
739,16,43,82,58
740,17,44,82,58
741,17,43,81,58
742,16,41,82,60
743,17,41,82,57
744,17,41,83,58
745,18,43,82,59
746,18,43,84,60
747,17,42,82,60
748,17,42,81,57
749,18,43,82,57
750,18,44,82,61
751,17,42,83,61
752,17,43,83,59
753,17,43,82,61
754,18,43,83,60
755,16,43,82,61
756,17,45,83,61
757,17,44,82,62
758,16,45,83,63
759,16,44,82,61
760,17,43,83,62
761,16,43,83,62
762,17,43,82,61
763,18,42,82,61
764,17,42,82,63
765,17,43,84,63
766,17,42,83,62
767,17,40,84,63
768,17,41,82,64
769,17,41,83,65
770,17,45,79,62
771,17,41,80,60
772,17,41,80,60
773,17,43,82,57
774,17,43,82,58
775,17,40,82,57
776,17,40,81,58
777,17,39,83,58
778,17,39,83,59
779,17,39,83,58
780,19,39,83,58
781,18,36,83,58
782,18,38,82,59
783,16,40,80,59
784,16,39,80,58
785,17,41,78,57
786,17,41,76,57
787,16,37,76,59
788,16,41,74,57
789,16,38,69,61
790,16,38,67,57
791,16,38,63,57
792,16,39,60,61
793,16,41,58,62
794,16,42,56,61
795,16,41,54,61
796,16,42,53,61
797,16,41,54,60
798,16,41,54,60
799,16,42,54,60
800,16,40,51,60
801,17,41,50,59
802,17,40,48,60
803,18,43,47,57
804,18,43,47,58
805,18,44,46,59
806,18,43,51,58
807,19,43,55,58
808,19,43,61,60
809,19,41,68,59
810,18,43,72,58
811,19,44,79,60
812,19,44,83,60
813,17,42,85,60
814,18,42,85,60
815,19,40,83,62
816,18,43,84,61
817,18,41,84,59
818,15,41,84,59
819,16,40,84,60
820,15,42,83,60
821,16,42,82,60
822,15,46,83,59
823,15,45,83,58
824,15,45,83,59
825,15,45,84,59
826,15,42,84,61
827,15,41,82,60
828,16,43,83,60
829,16,42,83,60
830,17,41,82,59
831,17,41,81,61
832,15,41,83,58
833,15,40,83,59
834,18,39,83,56
835,17,41,83,56
836,17,39,84,59
837,15,40,85,60
838,16,39,86,58
839,18,40,86,62
840,17,42,86,66
841,17,41,86,65
842,17,38,84,66
843,17,38,84,67
844,17,39,86,65
845,17,38,86,64
846,15,39,86,65
847,17,38,85,67
848,17,38,84,64
849,16,39,82,63
850,16,40,83,66
851,17,40,83,61
852,16,40,84,62
853,16,40,83,61
854,16,40,85,63
855,16,40,86,60
856,16,40,85,63
857,17,40,83,61
858,15,39,83,59
859,16,40,83,61
860,16,40,83,60
861,17,41,83,61
862,17,42,83,58
863,17,42,84,60
864,17,42,82,63
865,17,39,84,63
866,17,40,83,62
867,17,40,83,61
868,17,41,83,60
869,17,40,84,60
870,17,40,84,60
871,18,41,84,60
872,18,40,84,60
873,18,41,83,62
874,17,41,83,59
875,16,42,84,55
876,17,38,83,58
877,17,40,83,59
878,18,42,83,57
879,16,42,84,57
880,17,18,84,59
881,17,45,84,56
882,17,45,85,58
883,17,45,87,59
884,17,45,85,59
885,17,45,85,59
886,17,45,84,61
887,16,45,83,59
888,17,45,82,60
889,16,45,84,60
890,18,45,85,57
891,18,45,85,58
892,17,45,86,55
893,18,44,87,56
894,17,45,87,55
895,18,45,88,55
896,15,45,85,57
897,16,45,87,59
898,17,45,86,57
899,17,45,84,59
900,17,45,86,57
901,17,45,86,56
902,18,45,86,56
903,18,45,86,58
904,20,45,86,56
905,15,45,87,53
906,17,45,87,53
907,18,45,87,55
908,17,45,87,57
909,18,45,87,56
910,18,45,87,55
911,16,45,87,57
912,17,45,88,57
913,17,45,87,54
914,15,45,88,54
915,17,45,89,53
916,17,45,88,54
917,17,45,89,54
918,5,45,53,54
919,18,45,88,54
920,18,45,87,55
921,18,45,86,54
922,18,45,86,54
923,18,45,87,53
924,18,45,87,56
925,18,45,86,57
926,18,45,88,55
927,18,45,89,60
928,17,45,87,58
929,17,45,87,59
930,17,45,88,60
931,17,45,88,58
932,17,45,88,57
933,17,45,88,57
934,17,45,86,55
935,18,45,87,58
936,17,45,87,56
937,17,45,88,57
938,16,45,88,55
939,16,45,88,58
940,17,45,88,57
941,17,45,88,55
942,17,45,87,58
943,17,45,88,61
944,18,45,88,60
945,17,45,88,57
946,16,45,89,57
947,17,45,88,59
948,16,45,89,56
949,17,45,90,57
950,17,45,90,58
951,17,45,88,59
952,17,45,88,61
953,17,45,89,56
954,17,45,89,55
955,17,45,89,55
956,17,45,89,56
957,17,45,89,54
958,17,45,90,56
959,18,45,90,55
960,17,45,90,55
961,17,45,90,55
962,17,45,90,56
963,18,45,90,57
964,18,45,90,55
965,16,45,90,55
966,17,45,88,53
967,18,45,89,55
968,18,45,90,56
969,18,45,90,56
970,18,45,89,54
971,18,45,89,55
972,18,45,89,56
973,18,45,89,55
974,18,45,87,55
975,18,45,88,56
976,16,45,89,57
977,16,45,88,57
978,16,45,89,54
979,16,45,89,55
980,16,45,88,56
981,16,45,89,57
982,16,45,89,172
983,17,45,89,174
984,17,45,90,176
985,17,45,89,172
986,17,45,89,173
987,17,45,89,175
988,17,45,89,175
989,17,45,89,175
990,17,45,89,176
991,17,45,89,175
992,17,45,88,176
993,17,45,88,175
994,17,45,88,174
995,17,45,88,173
996,17,45,88,171
997,17,45,88,173
998,17,45,88,173
999,17,45,88,174
1000,17,45,88,174
1001,17,45,88,175
1002,17,45,88,175
1003,17,45,88,175
1004,17,45,88,173
1005,17,45,88,172
1006,17,45,88,171
1007,17,45,88,172
1008,17,45,89,172
1009,17,45,89,172
1010,17,45,89,172
1011,17,45,89,172
1012,16,45,89,172
1013,16,45,89,171
1014,16,45,89,172
1015,16,45,88,173
1016,17,45,88,173
1017,17,45,88,173
1018,17,45,88,172
1019,16,45,88,172
1020,17,45,88,171
1021,16,45,88,169
1022,16,45,88,170
1023,16,45,88,170
1024,16,45,89,170
1025,16,45,89,170
1026,16,45,89,170
1027,16,45,89,170
1028,16,45,89,170
1029,16,45,89,170
1030,16,45,89,170
1031,16,45,89,170
1032,16,45,89,170
1033,16,45,89,170
1034,16,45,89,170
1035,16,45,89,170
1036,15,44,89,170
1037,17,44,89,170
1038,16,44,89,170
1039,18,44,89,170
1040,18,45,89,170
1041,17,45,89,171
1042,17,44,89,172
1043,17,45,89,171
1044,17,44,89,172
1045,17,44,90,170
1046,17,42,88,168
1047,16,43,89,169
1048,16,43,89,170
1049,17,43,89,170
1050,17,44,90,171
1051,18,44,91,172
1052,18,42,91,172
1053,17,42,90,171
1054,17,43,90,172
1055,18,43,90,172
1056,18,43,88,172
1057,17,41,88,172
1058,17,42,88,171
1059,17,42,90,172
1060,18,43,90,171
1061,16,44,90,172
1062,17,43,88,172
1063,16,43,89,172
1064,16,43,90,172
1065,17,43,89,172
1066,16,43,89,172
1067,17,43,88,172
1068,18,43,88,172
1069,17,43,87,171
1070,16,43,88,170
1071,17,44,86,171
1072,17,44,87,172
1073,17,44,88,171
1074,17,44,86,173
1075,17,42,87,172
1076,17,42,87,173
1077,17,42,84,173
1078,17,42,81,174
1079,17,42,83,173
1080,17,41,79,172
1081,17,41,78,172
1082,17,42,78,172
1083,18,42,82,173
1084,17,41,79,173
1085,17,44,77,172
1086,19,43,80,172
1087,18,43,82,172
1088,18,42,82,173
1089,16,43,82,173
1090,16,42,87,172
1091,17,42,86,172
1092,17,42,86,172
1093,16,42,87,173
1094,16,42,89,170
1095,16,41,89,168
1096,16,42,89,170
1097,16,41,88,172
1098,16,42,89,170
1099,16,41,87,169
1100,16,41,90,169
1101,16,42,87,163
1102,16,42,89,168
1103,17,42,89,166
1104,16,42,87,164
1105,16,44,83,168
1106,16,43,88,165
1107,17,42,90,165
1108,17,43,88,165
1109,18,43,89,166
1110,18,42,89,163
1111,18,40,91,163
1112,18,42,89,159
1113,18,42,90,159
1114,18,42,87,160
1115,18,44,88,155
1116,18,43,89,158
1117,19,43,89,149
1118,17,42,88,147
1119,18,41,88,150
1120,19,42,88,147
1121,19,40,88,149
1122,18,42,89,141
1123,17,41,89,141
1124,15,40,90,141
1125,16,41,90,134
1126,15,41,88,134
1127,16,43,88,134
1128,16,42,88,128
1129,15,41,89,130
1130,15,39,87,127
1131,15,41,87,125
1132,15,42,86,125
1133,15,42,87,124
1134,15,41,85,126
1135,16,42,85,126
1136,16,42,86,124
1137,17,41,86,120
1138,17,41,84,120
1139,16,41,86,123
1140,18,40,83,121
1141,17,41,84,123
1142,17,41,85,124
1143,18,41,83,122
1144,17,40,83,123
1145,17,38,83,123
1146,17,40,85,122
1147,17,40,84,121
1148,17,42,84,122
1149,18,44,83,122
1150,18,44,84,121
1151,17,44,85,122
1152,15,43,87,122
1153,16,41,86,121
1154,15,41,85,120
1155,16,43,83,117
1156,16,44,85,123
1157,16,43,85,124
1158,17,42,83,124
1159,17,42,83,125
1160,16,39,83,126
1161,15,40,82,133
1162,17,40,83,131
1163,17,41,83,131
1164,16,41,82,132
1165,16,41,82,133
1166,17,41,84,135
1167,17,42,83,134
1168,18,40,80,135
1169,16,41,83,136
1170,16,41,84,136
1171,17,41,85,137
1172,17,41,84,138
1173,17,42,82,137
1174,17,43,83,139
1175,17,42,82,141
1176,17,44,81,141
1177,18,43,81,139
1178,17,43,82,135
1179,16,43,82,136
1180,16,44,82,136
1181,16,43,83,136
1182,16,41,82,134
1183,17,41,81,133
1184,17,41,81,136
1185,17,43,81,137
1186,17,43,81,138
1187,17,42,81,141
1188,16,42,81,140
1189,17,43,82,139
1190,16,44,81,139
1191,16,42,80,137
1192,17,43,80,138
1193,17,43,81,136
1194,17,43,82,137
1195,17,43,82,136
1196,18,45,83,137
1197,18,44,82,135
1198,17,45,82,135
1199,18,44,82,136
1200,17,43,81,135
1201,16,43,82,135
1202,16,43,82,139
1203,17,42,83,137
1204,17,42,82,137
1205,17,43,84,137
1206,18,42,82,137
1207,18,40,81,137
1208,18,41,82,136
1209,19,41,82,136
1210,18,45,83,136
1211,16,41,83,135
1212,18,41,82,136
1213,18,43,83,136
1214,17,43,82,136
1215,17,40,83,136
1216,17,40,82,137
1217,16,39,83,137
1218,17,39,82,137
1219,17,39,83,136
1220,18,39,83,138
1221,18,36,82,140
1222,16,38,82,139
1223,17,40,82,141
1224,5,39,84,140
1225,19,41,83,140
1226,18,41,84,142
1227,18,37,82,142
1228,18,41,83,141
1229,18,38,79,141
1230,18,38,80,142
1231,18,38,80,141
1232,17,39,82,140
1233,17,41,82,140
1234,17,42,82,141
1235,18,41,81,140
1236,18,42,83,140
1237,18,41,83,142
1238,18,41,83,141
1239,18,42,83,140
1240,18,40,83,139
1241,18,41,82,139
1242,18,40,80,139
1243,17,43,80,139
1244,17,43,78,139
1245,17,44,76,141
1246,17,43,76,143
1247,18,43,74,144
1248,17,43,69,142
1249,17,41,67,142
1250,17,43,63,142
1251,17,44,60,142
1252,17,44,58,144
1253,18,42,56,143
1254,17,42,54,143
1255,17,40,53,143
1256,16,43,54,144
1257,16,41,54,143
1258,16,41,54,143
1259,17,40,51,143
1260,16,42,50,142
1261,16,42,48,142
1262,16,46,47,141
1263,16,45,47,142
1264,16,45,46,142
1265,17,45,51,143
1266,16,42,55,143
1267,16,41,61,144
1268,16,43,68,144
1269,18,42,72,142
1270,18,41,79,143
1271,16,41,83,143
1272,17,41,85,143
1273,18,40,85,141
1274,16,39,83,141
1275,18,41,84,142
1276,18,39,84,144
1277,18,40,84,146
1278,19,39,84,144
1279,19,40,83,143
1280,19,42,82,141
1281,19,41,83,141
1282,15,38,83,141
1283,16,38,83,144
1284,17,39,84,143
1285,17,38,84,144
1286,17,39,82,139
1287,17,38,83,144
1288,17,38,83,142
1289,17,39,82,141
1290,17,40,81,140
1291,17,40,83,143
1292,17,40,83,143
1293,17,40,83,143
1294,17,40,83,141
1295,17,40,84,139
1296,17,40,85,140
1297,17,40,86,139
1298,17,39,86,141
1299,17,40,86,141
1300,17,40,86,139
1301,17,41,84,141
1302,17,42,84,142
1303,17,42,86,142
1304,17,42,86,141
1305,17,39,86,148
1306,17,40,85,149
1307,17,40,84,149
1308,17,41,82,145
1309,17,40,83,146
1310,17,40,83,145
1311,17,41,84,141
1312,17,40,83,143
1313,17,41,85,138
1314,17,41,86,137
1315,17,42,85,134
1316,16,38,83,132
1317,16,40,83,131
1318,17,42,83,132
1319,17,42,83,133
1320,17,18,83,132
1321,17,45,83,129
1322,17,45,84,128
1323,16,45,82,124
1324,16,45,84,124
1325,16,45,83,123
1326,16,45,83,125
1327,16,45,83,124
1328,16,45,84,124
1329,16,45,84,120
1330,16,45,84,123
1331,16,45,84,121
1332,16,45,83,119
1333,16,44,83,121
1334,16,45,84,119
1335,16,45,83,118
1336,16,45,83,118
1337,16,45,83,119
1338,16,45,84,119
1339,16,45,84,121
1340,16,45,84,121
1341,16,45,85,123
1342,16,45,87,120
1343,17,45,85,119
1344,16,45,85,119
1345,17,45,84,121
1346,17,45,83,121
1347,17,45,82,120
1348,17,45,84,120
1349,17,45,85,117
1350,18,45,85,118
1351,17,45,86,118
1352,17,45,87,119
1353,15,45,87,118
1354,16,45,88,120
1355,17,45,85,119
1356,17,45,87,120
1357,17,45,86,121
1358,18,45,84,122
1359,17,45,86,123
1360,17,45,86,122
1361,18,45,86,120
1362,18,45,86,123
1363,17,45,86,124
1364,17,45,87,120
1365,17,45,87,120
1366,17,45,87,121
1367,17,45,87,123
1368,17,45,87,119
1369,16,45,87,122
1370,17,45,87,123
1371,17,45,88,126
1372,17,45,87,129
1373,17,45,88,130
1374,18,45,89,133
1375,17,45,88,132
1376,18,45,89,131
1377,16,45,53,131
1378,17,45,88,131
1379,17,45,87,133
1380,17,45,86,129
1381,17,45,86,129
1382,17,45,87,126
1383,17,45,87,127
1384,17,45,86,122
1385,17,45,88,117
1386,17,45,89,120
1387,17,45,87,117
1388,17,45,87,115
1389,17,45,88,112
1390,17,45,88,110
1391,17,45,88,105
1392,18,45,88,101
1393,18,45,86,100
1394,18,45,87,98
1395,16,45,87,98
1396,16,45,88,96
1397,16,45,88,95
1398,16,45,88,89
1399,16,45,88,83
1400,16,45,88,84
1401,16,45,87,84
1402,16,45,88,82
1403,16,45,88,81
1404,16,45,88,84
1405,16,45,89,84
1406,16,45,88,82
1407,16,45,89,84
1408,16,45,90,82
1409,17,45,90,84
1410,15,45,88,84
1411,16,45,88,78
1412,16,45,89,81
1413,17,45,89,81
1414,17,45,89,78
1415,18,45,89,77
1416,18,45,89,76
1417,18,45,90,77
1418,17,45,90,76
1419,17,45,90,77
1420,17,45,90,71
1421,17,45,90,76
1422,18,45,90,75
1423,19,45,90,74
1424,17,45,90,77
1425,18,45,88,73
1426,19,45,89,74
1427,19,45,90,74
1428,18,45,90,75
1429,17,45,89,76
1430,15,45,89,75
1431,16,45,89,75
1432,16,45,89,77
1433,16,45,87,1
1434,15,45,88,18
1435,16,45,89,18
1436,15,45,88,18
1437,15,45,89,18
1438,15,45,89,18
1439,15,45,88,18
1440,15,45,89,18
1441,16,45,89,18
1442,16,45,89,18
1443,16,45,90,17
1444,16,45,89,17
1445,17,45,89,17
1446,17,45,89,17
1447,16,45,89,17
1448,17,45,89,17
1449,17,45,89,17
1450,16,45,89,18
1451,18,45,88,17
1452,18,45,88,17
1453,17,45,88,16
1454,17,45,88,16
1455,17,45,88,17
1456,18,45,88,17
1457,19,45,88,17
1458,16,45,88,17
1459,18,45,88,18
1460,16,45,88,17
1461,16,45,88,16
1462,17,45,88,17
1463,17,45,88,16
1464,17,45,88,17
1465,17,45,88,17
1466,16,45,88,17
1467,16,45,89,17
1468,17,45,89,17
1469,17,45,89,17
1470,15,45,89,17
1471,16,45,89,17
1472,17,45,89,17
1473,17,45,89,17
1474,18,45,88,18
1475,17,45,88,17
1476,16,44,88,17
1477,16,44,88,17
1478,17,44,88,17
1479,17,44,88,18
1480,17,45,88,17
1481,17,45,88,17
1482,17,44,88,18
1483,18,45,89,18
1484,18,44,89,18
1485,17,44,89,18
1486,18,42,89,18
1487,17,43,89,18
1488,17,43,89,18
1489,17,43,89,18
1490,17,44,89,18
1491,17,44,89,16
1492,17,42,89,16
1493,17,42,89,16
1494,16,43,89,16
1495,17,43,89,16
1496,16,43,89,16
1497,17,41,89,16
1498,18,42,89,17
1499,16,42,89,17
1500,17,43,89,17
1501,17,44,89,17
1502,18,43,89,17
1503,18,43,89,17
1504,17,43,90,17
1505,17,43,88,17
1506,17,43,89,17
1507,17,43,89,17
1508,16,43,89,17
1509,17,43,90,17
1510,17,43,91,17
1511,17,44,91,17
1512,17,44,90,17
1513,17,44,90,17
1514,18,44,90,17
1515,18,42,88,17
1516,18,42,88,17
1517,18,42,88,17
1518,19,42,90,17
1519,18,42,90,17
1520,19,41,90,17
1521,18,41,88,17
1522,18,42,89,17
1523,17,42,90,17
1524,18,41,89,17
1525,17,44,89,17
1526,17,43,88,17
1527,16,43,88,16
1528,16,42,87,16
1529,17,43,88,16
1530,6,42,86,16
1531,17,42,87,17
1532,17,42,88,17
1533,18,42,86,17
1534,18,42,87,16
1535,18,41,87,17
1536,18,42,84,16
1537,17,41,81,16
1538,17,42,83,16
1539,18,41,79,16
1540,18,41,78,16
1541,17,42,78,16
1542,18,42,82,16
1543,18,42,79,16
1544,18,42,77,16
1545,18,44,80,16
1546,18,43,82,16
1547,17,42,82,16
1548,17,43,82,16
1549,16,43,87,16
1550,16,42,86,16
1551,18,40,86,15
1552,17,42,87,17
1553,17,42,89,16
1554,17,42,89,18
1555,17,44,89,18
1556,18,43,88,17
1557,18,43,89,17
1558,17,42,87,17
1559,18,41,90,17
1560,15,42,87,17
1561,16,40,89,17
1562,17,42,89,16
1563,16,41,87,16
1564,16,40,83,17
1565,16,41,88,17
1566,16,41,90,18
1567,16,43,88,18
1568,17,42,89,17
1569,17,41,89,17
1570,17,39,91,18
1571,17,41,89,18
1572,15,42,90,17
1573,18,42,87,17
1574,17,41,88,17
1575,16,42,89,18
1576,17,42,89,16
1577,17,41,88,17
1578,17,41,88,16
1579,17,41,88,16
1580,17,40,88,17
1581,17,41,89,16
1582,17,41,89,17
1583,17,41,90,18
1584,17,40,90,17
1585,18,38,88,16
1586,18,40,88,17
1587,18,40,88,17
1588,17,42,89,17
1589,17,44,87,17
1590,16,44,87,17
1591,17,44,86,17
1592,17,43,87,17
1593,17,41,85,17
1594,17,41,85,17
1595,17,43,86,17
1596,17,44,86,17
1597,17,43,84,17
1598,17,42,86,18
1599,17,42,83,17
1600,17,39,84,17
1601,17,40,85,19
1602,17,40,83,18
1603,17,41,83,18
1604,17,41,83,16
1605,17,41,85,16
1606,17,41,84,17
1607,17,42,84,17
1608,17,40,83,16
1609,17,41,84,16
1610,17,41,85,16
1611,17,41,87,16
1612,17,41,86,16
1613,17,42,85,16
1614,17,43,83,16
1615,17,42,85,16
1616,17,44,85,16
1617,17,43,83,16
1618,17,43,83,17
1619,17,43,83,16
1620,17,44,82,16
1621,17,43,83,16
1622,17,41,83,17
1623,17,41,82,17
1624,17,41,82,18
1625,17,43,84,18
1626,17,43,83,18
1627,17,42,80,18
1628,17,42,83,18
1629,17,43,84,18
1630,17,44,85,18
1631,17,42,84,18
1632,17,43,82,19
1633,17,43,83,17
1634,17,43,82,18
1635,17,43,81,19
1636,17,45,81,19
1637,17,44,82,18
1638,17,45,82,17
1639,17,44,82,15
1640,17,43,83,16
1641,17,43,82,15
1642,17,43,81,16
1643,17,42,81,16
1644,17,42,81,15
1645,17,43,81,15
1646,17,42,81,15
1647,18,40,81,15
1648,18,41,82,15
1649,18,41,81,15
1650,17,45,80,16
1651,18,41,80,16
1652,18,41,81,17
1653,17,43,82,17
1654,17,43,82,16
1655,17,40,83,18
1656,17,40,82,17
1657,16,39,82,17
1658,17,39,82,18
1659,17,39,81,17
1660,16,39,82,17
1661,17,36,82,17
1662,17,38,83,17
1663,18,40,82,17
1664,18,39,84,18
1665,17,41,82,18
1666,17,41,81,17
1667,18,37,82,15
1668,18,41,82,16
1669,17,38,83,15
1670,17,38,83,16
1671,17,38,82,16
1672,18,39,83,16
1673,16,41,82,17
1674,17,42,83,17
1675,17,41,82,16
1676,16,42,83,15
1677,16,41,82,17
1678,17,41,83,17
1679,16,42,83,16
1680,17,40,82,16
1681,18,41,82,17
1682,17,40,82,17
1683,17,43,84,18
1684,17,43,83,16
1685,17,44,84,16
1686,17,43,82,17
1687,17,43,83,17
1688,17,43,79,17
1689,17,41,80,17
1690,17,43,80,17
1691,17,44,82,17
1692,17,44,82,18
1693,17,42,82,17
1694,17,42,81,16
1695,17,40,83,16
1696,17,43,83,16
1697,17,41,83,16
1698,19,41,83,17
1699,18,40,83,17
1700,18,42,82,17
1701,16,42,80,17
1702,16,46,80,17
1703,17,45,78,16
1704,17,45,76,17
1705,16,45,76,16
1706,16,42,74,16
1707,16,41,69,17
1708,16,43,67,17
1709,16,42,63,17
1710,16,41,60,16
1711,16,41,58,18
1712,16,41,56,18
1713,16,40,54,16
1714,16,39,53,18
1715,16,41,54,17
1716,16,39,54,16
1717,16,40,54,17
1718,16,39,51,17
1719,17,40,50,17
1720,17,42,48,17
1721,18,41,47,17
1722,18,38,47,18
1723,18,38,46,18
1724,18,39,51,18
1725,19,38,55,19
1726,19,39,61,19
1727,19,38,68,19
1728,18,38,72,19
1729,19,39,79,17
1730,19,40,83,17
1731,17,40,85,17
1732,18,40,85,16
1733,19,40,83,17
1734,18,40,84,16
1735,18,40,84,17
1736,15,40,84,18
1737,16,40,84,18
1738,15,39,83,16
1739,16,40,81,11
1740,15,40,83,88
1741,15,41,83,87
1742,15,42,83,86
1743,15,42,84,86
1744,15,42,84,87
1745,15,39,82,87
1746,16,40,83,86
1747,16,40,83,88
1748,17,41,82,89
1749,17,40,81,87
1750,15,40,83,87
1751,15,41,83,88
1752,18,40,83,88
1753,17,41,83,88
1754,17,41,84,88
1755,15,42,85,86
1756,16,38,86,87
1757,18,40,86,87
1758,17,42,86,88
1759,17,42,86,88
1760,17,18,84,88
1761,17,45,84,88
1762,17,45,86,88
1763,17,45,86,87
1764,15,45,86,88
1765,17,45,85,88
1766,17,45,84,88
1767,16,45,82,89
1768,16,45,83,88
1769,17,45,83,89
1770,16,45,84,90
1771,16,45,83,90
1772,16,45,85,88
1773,16,44,86,88
1774,16,45,85,89
1775,17,45,83,89
1776,15,45,83,89
1777,16,45,83,89
1778,16,45,83,89
1779,17,45,83,89
1780,17,45,83,90
1781,17,45,84,90
1782,17,45,82,90
1783,17,45,84,90
1784,17,45,83,90
1785,17,45,83,90
1786,17,45,83,90
1787,17,45,84,89
1788,17,45,84,89
1789,18,45,84,90
1790,18,45,84,90
1791,18,45,83,89
1792,17,45,83,89
1793,16,45,84,89
1794,17,45,83,89
1795,17,45,83,87
1796,18,45,83,88
1797,16,45,84,89
1798,17,45,84,88
1799,17,45,84,89
1800,17,45,85,89
1801,17,45,87,88
1802,17,45,85,89
1803,17,45,85,89
1804,17,45,84,89
1805,16,45,83,90
1806,17,45,82,89
1807,16,45,84,89
1808,18,45,85,89
1809,18,45,85,89
1810,17,45,86,89
1811,18,45,87,89
1812,17,45,87,89
1813,18,45,88,88
1814,15,45,85,88
1815,16,45,87,88
1816,17,45,86,88
1817,17,45,84,88
1818,17,45,86,88
1819,17,45,86,88
1820,18,45,86,88
1821,18,45,86,88
1822,20,45,86,88
1823,15,45,87,88
1824,17,45,87,88
1825,18,45,87,88
1826,17,45,87,88
1827,18,45,87,88
1828,18,45,87,88
1829,16,45,87,89
1830,17,45,88,89
1831,17,45,87,89
1832,15,45,88,89
1833,17,45,89,89
1834,17,45,88,89
1835,17,45,89,89
1836,5,45,53,88
1837,18,45,88,88
1838,18,45,87,88
1839,18,45,86,88
1840,18,45,86,88
1841,18,45,87,88
1842,18,45,87,88
1843,18,45,86,88
1844,18,45,88,88
1845,18,45,89,89
1846,17,45,87,89
1847,17,45,87,89
1848,17,45,88,89
1849,17,45,88,89
1850,17,45,88,89
1851,17,45,88,89
1852,17,45,86,89
1853,18,45,87,89
1854,17,45,87,89
1855,17,45,88,89
1856,16,45,88,89
1857,16,45,88,89
1858,17,45,88,89
1859,17,45,88,89
1860,17,45,87,89
1861,17,45,88,89
1862,18,45,88,89
1863,17,45,88,89
1864,16,45,89,89
1865,17,45,88,89
1866,16,45,89,90
1867,17,45,90,88
1868,17,45,90,89
1869,17,45,88,89
1870,17,45,88,89
1871,17,45,89,90
1872,17,45,89,91
1873,17,45,89,91
1874,17,45,89,90
1875,17,45,89,90
1876,17,45,90,90
1877,18,45,90,88
1878,17,45,90,88
1879,17,45,90,88
1880,17,45,90,90
1881,18,45,90,90
1882,18,45,90,90
1883,16,45,90,88
1884,17,45,88,89
1885,18,45,89,90
1886,18,45,90,89
1887,18,45,90,89
1888,18,45,89,88
1889,18,45,89,88
1890,18,45,89,87
1891,18,45,89,88
1892,18,45,87,86
1893,18,45,88,87
1894,16,45,89,88
1895,16,45,88,86
1896,16,45,89,87
1897,16,45,89,87
1898,16,45,88,84
1899,16,45,89,81
1900,16,45,89,83
1901,17,45,89,79
1902,17,45,90,78
1903,17,45,89,78
1904,17,45,89,82
1905,17,45,89,79
1906,17,45,89,77
1907,17,45,89,80
1908,17,45,89,82
1909,17,45,89,82
1910,17,45,88,82
1911,17,45,88,87
1912,17,45,88,86
1913,17,45,88,86
1914,17,45,88,87
1915,17,45,88,89
1916,17,44,88,89
1917,17,44,88,89
1918,17,44,88,88
1919,17,44,88,89
1920,17,45,88,87
1921,17,45,88,90
1922,17,44,88,87
1923,17,45,88,89
1924,17,44,88,89
1925,17,44,88,87
1926,17,42,89,83
1927,17,43,89,88
1928,17,43,89,90
1929,17,43,89,88
1930,16,44,89,89
1931,16,44,89,89
1932,16,42,89,91
1933,16,42,88,89
1934,17,43,88,90
1935,17,43,88,87
1936,17,43,88,88
1937,16,41,88,89
1938,17,42,88,89
1939,16,42,88,88
1940,16,43,88,88
1941,16,44,88,88
1942,16,43,89,88
1943,16,43,89,89
1944,16,43,89,89
1945,16,43,89,90
1946,16,43,89,90
1947,16,43,89,88
1948,16,43,89,88
1949,16,43,89,88
1950,16,43,89,89
1951,16,44,89,87
1952,16,44,89,87
1953,16,44,89,86
1954,15,44,89,87
1955,17,42,89,85
1956,16,42,89,85
1957,18,42,89,86
1958,18,42,89,86
1959,17,42,89,84
1960,17,41,89,86
1961,17,41,89,83
1962,17,42,89,84
1963,17,42,90,85
1964,17,41,88,83
1965,16,44,89,83
1966,16,43,89,83
1967,17,43,89,85
1968,17,42,90,84
1969,18,43,91,84
1970,18,42,91,83
1971,17,42,90,84
1972,17,42,90,85
1973,18,42,90,87
1974,18,42,88,86
1975,17,41,88,85
1976,17,42,88,83
1977,17,41,90,85
1978,18,42,90,85
1979,16,41,90,83
1980,17,41,88,83
1981,16,42,89,83
1982,16,42,90,82
1983,17,42,89,83
1984,16,42,89,83
1985,17,44,88,82
1986,18,43,88,82
1987,17,42,87,84
1988,16,43,88,83
1989,17,43,86,80
1990,17,42,87,83
1991,17,40,88,84
1992,17,42,86,85
1993,17,42,87,84
1994,17,42,87,82
1995,17,44,84,83
1996,17,43,81,82
1997,17,43,83,81
1998,17,42,79,81
1999,17,41,78,82
2000,17,42,78,82
2001,18,40,82,82
2002,17,42,79,83
2003,17,41,77,82
2004,19,40,80,81
2005,18,41,82,81
2006,18,41,82,81
2007,16,43,82,81
2008,16,42,87,81
2009,17,41,86,81
2010,17,39,86,82
2011,16,41,87,81
2012,16,42,89,80
2013,16,42,89,80
2014,16,41,89,81
2015,16,42,88,82
2016,16,42,89,82
2017,16,41,87,83
2018,16,41,90,82
2019,16,41,87,82
2020,16,40,89,82
2021,17,41,89,81
2022,16,41,87,82
2023,16,41,83,82
2024,16,40,88,83
2025,17,38,90,82
2026,17,40,88,84
2027,18,40,89,82
2028,18,42,89,81
2029,18,44,91,82
2030,18,44,89,82
2031,18,44,90,83
2032,18,43,87,83
2033,18,41,88,82
2034,18,41,89,83
2035,19,43,89,82
2036,17,44,88,83
2037,18,43,88,82
2038,19,42,88,83
2039,19,42,88,82
2040,18,39,89,83
2041,17,40,89,83
2042,15,40,90,82
2043,16,41,90,82
2044,15,41,88,82
2045,16,41,88,84
2046,16,41,88,83
2047,15,42,89,84
2048,15,40,87,82
2049,15,41,87,83
2050,15,41,86,79
2051,15,41,87,80
2052,15,41,85,80
2053,16,42,85,82
2054,16,43,86,82
2055,17,42,86,82
2056,17,44,84,81
2057,16,43,86,83
2058,18,43,83,83
2059,17,43,84,83
2060,17,44,85,83
2061,18,43,83,83
2062,17,41,83,82
2063,17,41,83,80
2064,17,41,85,80
2065,17,43,84,78
2066,17,43,84,76
2067,18,42,83,76
2068,18,42,84,74
2069,17,43,85,69
2070,15,44,87,67
2071,16,42,86,63
2072,15,43,85,60
2073,16,43,83,58
2074,16,43,85,56
2075,16,43,85,54
2076,17,45,83,53
2077,17,44,83,54
2078,16,45,83,54
2079,15,44,82,54
2080,17,43,83,51
2081,17,43,83,50
2082,16,43,82,48
2083,16,42,82,47
2084,17,42,84,47
2085,17,43,83,46
2086,18,42,80,51
2087,16,40,83,55
2088,16,41,84,61
2089,17,41,85,68
2090,17,45,84,72
2091,17,41,82,79
2092,17,41,83,83
2093,17,43,82,85
2094,17,43,81,85
2095,18,40,81,83
2096,17,40,82,84
2097,16,39,82,84
2098,16,39,82,84
2099,16,39,83,84
2100,16,39,82,83
2101,17,36,81,82
2102,17,38,81,83
2103,17,40,81,83
2104,17,39,81,83
2105,17,41,81,84
2106,16,41,81,84
2107,17,37,82,82
2108,16,41,81,83
2109,16,38,80,83
2110,17,38,80,82
2111,17,38,81,81
2112,17,39,82,83
2113,17,41,82,83
2114,18,42,83,83
2115,18,41,82,83
2116,17,42,82,84
2117,18,41,82,85
2118,17,41,81,86
2119,16,42,82,86
2120,16,40,82,86
2121,17,41,83,86
2122,17,40,82,84
2123,17,43,84,84
2124,18,43,82,86
2125,18,44,81,86
2126,18,43,82,86
2127,19,43,82,85
2128,18,43,83,84
2129,16,41,83,82
2130,18,43,82,83
2131,18,44,83,83
2132,17,44,82,84
2133,17,42,83,83
2134,17,42,82,85
2135,16,40,83,86
2136,17,43,82,85
2137,17,41,83,83
2138,18,41,83,83
2139,18,40,82,83
2140,16,42,82,83
2141,17,42,82,83
2142,5,46,84,83
2143,19,45,83,84
2144,18,45,84,82
2145,18,45,82,84
2146,18,42,83,83
2147,18,41,79,83
2148,18,43,80,83
2149,18,42,80,84
2150,17,41,82,84
2151,17,41,82,84
2152,17,41,82,84
2153,18,40,81,83
2154,18,39,83,83
2155,18,41,83,84
2156,18,39,83,83
2157,18,40,83,83
2158,18,39,83,83
2159,18,40,82,84
2160,18,42,80,84
2161,17,41,80,84
2162,17,38,78,86
2163,17,38,76,87
2164,17,39,76,86
2165,18,38,74,85
2166,17,39,69,85
2167,17,38,67,82
2168,17,38,63,82
2169,17,39,60,82
2170,17,40,58,85
2171,18,40,56,84
2172,17,40,54,86
2173,17,40,53,87
2174,16,40,54,87
2175,16,40,54,88
2176,16,40,54,85
2177,17,40,51,87
2178,16,39,50,86
2179,16,40,48,86
2180,16,40,47,85
2181,16,41,47,86
2182,16,42,46,86
2183,17,42,51,86
2184,16,42,55,86
2185,16,39,61,87
2186,16,40,68,88
2187,18,40,72,86
2188,18,41,79,87
2189,16,40,83,87
2190,17,40,85,87
2191,18,41,85,87
2192,16,40,83,87
2193,18,41,84,87
2194,18,41,84,88
2195,18,42,84,89
2196,19,38,84,90
2197,19,40,83,88
2198,19,42,81,0
2199,19,42,83,0
2200,15,18,83,0
2201,16,45,83,0
2202,17,45,84,0
2203,17,45,84,0
2204,17,45,82,0
2205,17,45,83,0
2206,17,45,83,0
2207,17,45,82,0
2208,17,45,81,0
2209,17,45,83,0
2210,17,45,83,0
2211,17,45,83,0
2212,17,45,83,0
2213,17,44,84,0
2214,17,45,85,0
2215,17,45,86,0
2216,17,45,86,0
2217,17,45,86,0
2218,17,45,86,0
2219,17,45,84,0
2220,17,45,84,0
2221,17,45,86,0
2222,17,45,86,0
2223,17,45,86,0
2224,17,45,85,0
2225,17,45,84,0
2226,17,45,82,0
2227,17,45,83,0
2228,17,45,83,0
2229,17,45,84,0
2230,17,45,83,0
2231,17,45,85,0
2232,17,45,86,0
2233,17,45,85,0
2234,16,45,83,0
2235,16,45,83,0
2236,17,45,83,0
2237,17,45,83,0
2238,17,45,83,0
2239,17,45,83,0
2240,17,45,84,0
2241,16,45,82,0
2242,16,45,84,0
2243,16,45,83,0
2244,16,45,83,0
2245,16,45,83,0
2246,16,45,84,0
2247,16,45,84,0
2248,16,45,84,0
2249,16,45,84,0
2250,16,45,83,0
2251,16,45,83,0
2252,16,45,84,0
2253,16,45,83,0
2254,16,45,83,0
2255,16,45,83,0
2256,16,45,84,0
2257,16,45,84,0
2258,16,45,84,0
2259,16,45,85,0
2260,16,45,87,0
2261,17,45,85,0
2262,16,45,85,0
2263,17,45,84,0
2264,17,45,83,0
2265,17,45,82,0
2266,17,45,84,0
2267,17,45,85,0
2268,18,45,85,0
2269,17,45,86,0
2270,17,45,87,0
2271,15,45,87,0
2272,16,45,88,0
2273,17,45,85,0
2274,17,45,87,0
2275,17,45,86,0
2276,18,45,84,0
2277,17,45,86,0
2278,17,45,86,0
2279,18,45,86,0
2280,18,45,86,0
2281,17,45,86,0
2282,17,45,87,0
2283,17,45,87,0
2284,17,45,87,0
2285,17,45,87,0
2286,17,45,87,0
2287,16,45,87,0
2288,17,45,87,0
2289,17,45,88,0
2290,17,45,87,0
2291,17,45,88,0
2292,18,45,89,0
2293,17,45,88,0
2294,18,45,89,0
2295,16,45,53,0
2296,17,45,88,0
2297,17,45,87,0
2298,17,45,86,0
2299,17,45,86,0
2300,17,45,87,0
2301,17,45,87,0
2302,17,45,86,172
2303,17,45,88,174
2304,17,45,89,176
2305,17,45,87,172
2306,17,45,87,173
2307,17,45,88,175
2308,17,45,88,175
2309,17,45,88,175
2310,18,45,88,176
2311,18,45,86,175
2312,18,45,87,176
2313,16,45,87,175
2314,16,45,88,174
2315,16,45,88,174
2316,16,45,88,171
2317,16,45,88,173
2318,16,45,88,173
2319,16,45,87,174
2320,16,45,88,174
2321,16,45,88,175
2322,16,45,88,175
2323,16,45,89,175
2324,16,45,88,173
2325,16,45,89,172
2326,16,45,90,171
2327,17,45,90,172
2328,15,45,88,172
2329,16,45,88,172
2330,16,45,89,172
2331,17,45,89,172
2332,17,45,89,173
2333,18,45,89,171
2334,18,45,89,173
2335,18,45,90,173
2336,17,45,90,173
2337,17,45,90,173
2338,17,45,90,172
2339,17,45,90,172
2340,18,45,90,171
2341,19,45,90,169
2342,17,45,90,170
2343,18,45,88,170
2344,19,45,89,170
2345,19,45,90,170
2346,18,45,90,170
2347,17,45,89,170
2348,15,45,89,170
2349,16,45,89,170
2350,16,45,89,170
2351,16,45,87,170
2352,15,45,88,170
2353,16,45,89,170
2354,15,45,88,170
2355,15,45,89,170
2356,15,44,89,170
2357,15,44,88,170
2358,15,44,89,170
2359,16,44,89,170
2360,16,45,89,171
2361,16,45,90,171
2362,16,44,89,172
2363,17,45,88,172
2364,17,44,89,171
2365,17,44,89,170
2366,17,42,89,170
2367,17,43,90,170
2368,16,44,90,170
2369,18,44,89,170
2370,18,44,89,171
2371,17,42,89,171
2372,17,43,89,171
2373,18,42,89,172
2374,18,43,89,171
2375,17,42,89,171
2376,15,42,88,171
2377,17,41,88,172
2378,17,42,89,171
2379,16,42,88,172
2380,17,43,88,172
2381,17,43,90,172
2382,16,43,89,172
2383,16,43,88,171
2384,16,43,88,171
2385,16,43,90,171
2386,17,43,89,172
2387,15,43,89,171
2388,17,43,90,171
2389,16,42,89,171
2390,17,43,88,171
2391,17,43,88,171
2392,17,44,88,171
2393,17,44,88,171
2394,16,43,88,171
2395,17,40,88,171
2396,17,41,88,171
2397,17,41,88,171
2398,18,41,88,171
2399,18,41,88,171