Frame,Captura,Procesamiento,Tracking(ms),Escritura,Cantidad Objetos,Tiempo Total(ms),Tiempo por Objeto tracking(ms)
0,"0,044161","6,638363","42,042235","0,066163",97,"6790,728763","0,433425"
1,"0,02815","0,057366","81,03094","0,054921",96,"221,468169","0,844072"
2,"0,030218","0,060739","79,530639","0,052789",96,"223,276611","0,828444"
3,"0,008251","0,048856","75,893654","0,041497",96,"174,497489","0,790559"
4,"0,143926","0,03987","76,218215","0,055383",96,"315,396827","0,79394"
5,"0,936114","0,042891","78,129543","0,038777",96,"1095,911763","0,813849"
6,"0,017883","0,044521","67,506251","0,054365",96,"184,276417","0,70319"
7,"0,008602","0,048139","76,69779","0,049584",95,"183,022688","0,807345"
8,"0,006945","0,048401","75,519106","0,058907",96,"189,771479","0,786657"
9,"0,037871","0,052548","79,58168","0,057867",96,"227,867787","0,828976"
10,"0,008071","0,048807","74,5476","0,037923",96,"169,348648","0,776538"
11,"0,007014","0,044963","67,137688","0,054601",96,"173,716646","0,699351"
12,"0,025456","0,04515","73,654499","0,052203",96,"196,462923","0,767234"
13,"0,0076","0,04269","74,74569","0,04038",96,"165,414462","0,778601"
14,"0,012578","0,045792","73,374997","0,045555",96,"177,29974","0,764323"
15,"0,005729","0,051791","78,30568","0,040501",96,"176,326667","0,815684"
16,"0,007975","0,044628","59,739743","0,037468",96,"149,809636","0,622289"
17,"0,005477","0,047739","56,876589","0,037533",96,"147,625591","0,592464"
18,"0,006357","0,044488","54,668669","0,037667",96,"143,180596","0,569465"
19,"0,009307","0,045364","55,859994","0,045113",96,"155,644175","0,581875"
20,"0,007711","0,046038","56,395285","0,040944",96,"151,088774","0,587451"
21,"0,007665","0,040723","58,205521","0,040756",96,"147,349224","0,606308"
22,"0,005421","0,04089","57,201501","0,0354",95,"138,912506","0,602121"
23,"0,00638","0,03961","54,988812","0,043201",95,"144,180228","0,57883"
24,"0,008155","0,044249","55,910619","0,040867",95,"149,181476","0,588533"
25,"0,005863","0,040495","55,916892","0,043175",95,"145,449671","0,588599"
26,"0,011234","0,03628","56,080708","0,043274",95,"146,868559","0,590323"
27,"0,012668","0,041192","59,964649","0,048666",95,"162,490665","0,631207"
28,"0,005608","0,038525","61,56646","0,038965",95,"144,664416","0,648068"
29,"0,007431","0,032291","57,75689","0,046589",96,"144,068065","0,601634"
30,"0,005779","0,037111","59,374572","0,055981",96,"158,245265","0,618485"
31,"0,006103","0,037412","61,406163","0,055636",96,"160,557638","0,639648"
32,"0,007217","0,041062","61,639103","0,040233",96,"150,150229","0,642074"
33,"0,007294","0,034076","55,44346","0,047421",96,"144,233768","0,577536"
34,"0,008604","0,036293","61,039169","0,058519",96,"164,455598","0,635825"
35,"0,006059","0,036695","68,444569","0,046131",96,"157,329889","0,712964"
36,"0,008606","0,038241","60,057455","0,038685",95,"145,589998","0,632184"
37,"0,00911","0,039804","56,887149","0,065667",96,"171,468305","0,592574"
38,"0,010998","0,039871","71,298602","0,059478",97,"181,645782","0,735037"
39,"0,006403","0,047231","66,868361","0,048498",97,"168,999892","0,689365"
40,"0,006761","0,040144","60,538182","0,044054",96,"151,4982","0,630606"
41,"0,005894","0,039537","57,2736","0,049059",97,"151,763877","0,590449"
42,"0,006555","0,043248","62,220956","0,062174",96,"174,197756","0,648135"
43,"0,006292","0,043202","66,276874","0,042863",95,"158,633442","0,697651"
44,"0,005524","0,035974","56,109573","0,061669",94,"159,276163","0,59691"
45,"0,005366","0,044488","65,968507","0,048327",93,"164,150333","0,709339"
46,"0,009554","0,054486","58,514848","0,047049",95,"169,60453","0,615946"
47,"0,006137","0,043692","60,070991","0,048482",96,"158,381271","0,625739"
48,"0,005605","0,036544","58,337046","0,04408",95,"144,566486","0,614074"
49,"0,009512","0,054834","55,818775","0,042715",94,"162,880316","0,593817"
50,"0,013199","0,058903","57,872799","0,040851",95,"170,825583","0,609187"
51,"0,011658","0,043757","53,906774","0,043182",95,"152,50398","0,56744"
52,"0,013622","0,037161","58,830511","0,03967",95,"149,283911","0,619269"
53,"0,009468","0,04409","56,471096","0,061121",95,"171,150368","0,594433"
54,"0,01036","0,05398","63,334676","0,056148",95,"183,822434","0,666681"
55,"0,010907","0,040078","66,021053","0,048055",96,"165,061512","0,687719"
56,"0,006577","0,053647","59,441742","0,049743",96,"169,409253","0,619185"
57,"0,011006","0,042619","60,94281","0,049907",96,"164,47537","0,634821"
58,"0,009095","0,04285","63,112457","0,052977",96,"168,034528","0,657421"
59,"0,01234","0,039594","61,98568","0,054618",96,"168,537562","0,645684"
60,"0,005528","0,036802","63,726344","0,044384",96,"150,440193","0,663816"
61,"0,010389","0,038263","60,114832","0,053141",97,"161,906984","0,619741"
62,"0,009653","0,035038","62,867356","0,041491",97,"149,049083","0,648117"
63,"0,005527","0,038651","59,546419","0,039324",95,"143,047528","0,626804"
64,"0,005395","0,038088","59,408077","0,039854",95,"142,744666","0,625348"
65,"0,010819","0,049152","56,730628","0,051876",96,"168,577594","0,590944"
66,"0,011531","0,052867","60,416448","0,041266",97,"166,080637","0,62285"
67,"0,012024","0,040507","56,61363","0,050464",97,"159,607762","0,583646"
68,"0,00635","0,043998","59,992586","0,044041",97,"154,381545","0,61848"
69,"0,010237","0,045912","60,249335","0,041787",96,"158,185644","0,627597"
70,"0,010573","0,043359","56,309455","0,046566",96,"156,807299","0,586557"
71,"0,00581","0,050343","59,303302","0,045616",96,"161,072379","0,617743"
72,"0,013019","0,042011","59,285702","0,045035",96,"159,351621","0,617559"
73,"0,006108","0,049707","57,714549","0,050606",96,"164,135575","0,601193"
74,"0,006345","0,04062","61,796037","0,054835",96,"163,596316","0,643709"
75,"0,005993","0,042641","65,919895","0,046511",98,"161,064796","0,672652"
76,"0,009658","0,036701","58,170572","0,045153",97,"149,683448","0,599697"
77,"0,0056","0,041531","61,924364","0,046339",98,"155,394812","0,631881"
78,"0,009565","0,0362","60,215925","0,043804",96,"149,784765","0,627249"
79,"0,01074","0,045138","58,654725","0,051626",96,"166,158846","0,610987"
80,"0,006203","0,040549","59,676601","0,051837",96,"158,265773","0,621631"
81,"0,011519","0,037305","60,012906","0,041196",96,"150,031691","0,625134"
82,"0,005445","0,042992","58,713225","0,041258",97,"148,407928","0,605291"
83,"0,010193","0,0436","57,52686","0,047027",97,"158,346897","0,59306"
84,"0,009273","0,03999","58,170637","0,04398",96,"151,413616","0,605944"
85,"0,010146","0,045383","58,851439","0,039161",96,"153,541691","0,613036"
86,"0,006435","0,049746","57,990212","0,036353",95,"150,525156","0,610423"
87,"0,010648","0,037604","57,351875","0,040586",95,"146,18999","0,603704"
88,"0,010459","0,037689","58,213487","0,041114",96,"147,474247","0,60639"
89,"0,01137","0,042262","57,249469","0,040479",97,"151,360492","0,590201"
90,"0,009188","0,039676","57,720245","0,043111",96,"149,695","0,601253"
91,"0,009938","0,040999","58,494684","0,04937",96,"158,800902","0,60932"
92,"0,00988","0,041487","59,248931","0,049742",95,"160,357301","0,623673"
93,"0,010488","0,038397","59,106203","0,049789",95,"157,779954","0,622171"
94,"0,01019","0,039259","59,914309","0,04633",96,"155,692968","0,624107"
95,"0,00649","0,035293","58,754633","0,03808",97,"138,617668","0,605718"
96,"0,009001","0,041299","56,751428","0,050169",97,"157,220534","0,585066"
97,"0,00824","0,038933","61,986126","0,061192",98,"170,351506","0,632511"
98,"0,005978","0,039778","67,913979","0,043039",98,"156,709212","0,693"
99,"0,007543","0,037182","59,614806","0,042847",98,"147,186647","0,608314"
100,"0,006788","0,037671","62,52081","0,039254",98,"146,233864","0,637967"
101,"0,005805","0,040933","58,268049","0,044945",98,"149,950309","0,594572"
102,"0,006313","0,037704","60,209811","0,041",97,"145,227636","0,62072"
103,"0,006292","0,040742","60,419486","0,040797",97,"148,250093","0,622881"
104,"0,005352","0,037815","57,707637","0,047625",97,"148,498779","0,594924"
105,"0,006443","0,039199","60,829011","0,039337",97,"145,808371","0,627103"
106,"0,009882","0,039494","57,852732","0,048873",96,"156,10182","0,602633"
107,"0,009506","0,038232","61,291531","0,041297",97,"150,327127","0,631871"
108,"0,009172","0,042386","59,298117","0,047027",97,"157,883671","0,611321"
109,"0,005487","0,055527","60,078541","0,043496",97,"164,588588","0,619366"
110,"0,008464","0,038601","59,353608","0,045264",97,"151,68358","0,611893"
111,"0,011796","0,045028","59,230081","0,050156",97,"166,210941","0,610619"
112,"0,005514","0,040315","64,614995","0,050602",97,"161,045879","0,666134"
113,"0,012989","0,046718","64,720825","0,047598",97,"172,025926","0,667225"
114,"0,010549","0,039553","61,097697","0,046196",97,"157,395519","0,629873"
115,"0,009874","0,039048","59,210208","0,039879",97,"148,010944","0,610415"
116,"0,008999","0,044895","58,858094","0,040491",97,"153,243625","0,606784"
117,"0,009598","0,037485","58,476795","0,038668",97,"144,22704","0,602854"
118,"0,009915","0,048127","58,09316","0,038082",97,"154,216221","0,598899"
119,"0,0064","0,040804","56,831688","0,036253",97,"140,28924","0,585894"
120,"0,0123","0,041334","56,054624","0,039861",96,"149,548591","0,583902"
121,"0,007237","0,041976","56,179302","0,045131",96,"150,522527","0,585201"
122,"0,007094","0,042056","55,410366","0,040109",96,"144,67042","0,577191"
123,"0,007139","0,045996","56,89217","0,048464",96,"158,492052","0,592627"
124,"0,009775","0,046895","58,526909","0,039404",96,"154,601197","0,609655"
125,"0,013545","0,040728","56,269675","0,041881",96,"152,424063","0,586142"
126,"0,005345","0,040824","60,700235","0,043361",96,"150,230032","0,632294"
127,"0,008361","0,043083","59,849824","0,03884",96,"150,133931","0,623436"
128,"0,006747","0,04091","56,897323","0,039046",96,"143,600286","0,59268"
129,"0,009846","0,038814","55,548422","0,035271",96,"139,479438","0,578629"
130,"0,005342","0,03683","57,408708","0,053048",96,"152,629576","0,598007"
131,"0,006042","0,037693","61,553271","0,045432",96,"150,720073","0,64118"
132,"0,005523","0,035701","61,976588","0,053328",96,"156,527791","0,645589"
133,"0,009167","0,034281","64,005491","0,049976",96,"157,42947","0,666724"
134,"0,005816","0,038169","60,371035","0,048962",96,"153,318284","0,628865"
135,"0,009859","0,039877","58,251951","0,039",96,"146,987531","0,606791"
136,"0,010209","0,036386","55,74776","0,03798",96,"140,322874","0,580706"
137,"0,007339","0,044389","56,374799","0,043276",96,"151,378537","0,587237"
138,"0,005598","0,040789","59,384232","0,038226",96,"143,996561","0,618586"
139,"0,005473","0,037573","57,332159","0,041111",96,"141,489074","0,59721"
140,"0,007846","0,035107","57,104244","0,042585",96,"142,642957","0,594836"
141,"0,008428","0,040398","57,418117","0,038691",96,"144,934754","0,598105"
142,"0,005601","0,041712","60,884244","0,039477",97,"147,674285","0,627673"
143,"0,012126","0,042845","58,242766","0,038913",96,"152,126799","0,606695"
144,"0,009822","0,049278","58,950962","0,043908",96,"161,959523","0,614073"
145,"0,010119","0,04207","60,88066","0,040444",96,"153,513878","0,634174"
146,"0,008066","0,038192","56,982638","0,056037",96,"159,277402","0,593569"
147,"0,009588","0,035491","71,384682","0,048042",95,"164,506147","0,751418"
148,"0,010641","0,038007","66,315592","0,054951",95,"169,914486","0,698059"
149,"0,012369","0,038707","62,831863","0,059365",94,"173,273312","0,668424"
150,"0,010176","0,039919","67,825941","0,047714",94,"165,63411","0,721553"
151,"0,006222","0,03886","60,140846","0,054528",95,"159,750704","0,633062"
152,"0,005493","0,037693","65,412059","0,042441",94,"151,039289","0,695873"
153,"0,010631","0,043168","62,644622","0,039018",95,"155,461657","0,659417"
154,"0,005456","0,039021","58,329683","0,044813",96,"147,619627","0,607601"
155,"0,009326","0,038004","59,461227","0,045022",96,"151,813629","0,619388"
156,"0,00793","0,040435","60,89762","0,052523",96,"161,785496","0,63435"
157,"0,008851","0,035836","63,705731","0,049982",95,"158,375338","0,670587"
158,"0,00955","0,051573","64,889919","0,05352",95,"179,533085","0,683052"
159,"0,005471","0,049035","63,97544","0,048095",97,"166,577002","0,659541"
160,"0,012087","0,043449","61,841125","0,048212",93,"165,589689","0,664958"
161,"0,009935","0,054623","56,811301","0,044135",90,"165,504661","0,631237"
162,"0,010414","0,04131","52,969249","0,039189",86,"143,881418","0,615922"
163,"0,010926","0,046849","51,012958","0,040507",81,"149,295677","0,62979"
164,"0,005718","0,046356","52,605455","0,035346",73,"140,025095","0,720623"
165,"0,012534","0,037734","51,81239","0,032655",65,"134,735833","0,797114"
166,"0,00599","0,043093","43,468927","0,034282",52,"126,834504","0,835941"
167,"0,005842","0,044565","44,975436","0,035255",44,"130,63713","1,022169"
168,"0,005954","0,046995","42,38388","0,027155",38,"122,487818","1,115365"
169,"0,009111","0,044222","43,494624","0,017737",34,"114,56428","1,279254"
170,"0,014472","0,049333","34,588637","0,023211",30,"121,605311","1,152955"
171,"0,007089","0,041005","32,216291","0,022056",29,"102,365421","1,110907"
172,"0,007754","0,040843","34,245931","0,019513",30,"102,35563","1,141531"
173,"0,009415","0,031866","37,447949","0,015151",30,"93,879775","1,248265"
174,"0,009977","0,034091","31,339351","0,022174",31,"97,580377","1,010947"
175,"0,012306","0,036287","34,602525","0,028161",30,"111,356278","1,153417"
176,"0,006855","0,040574","34,163078","0,020196",30,"101,788015","1,138769"
177,"0,01154","0,03496","32,904582","0,026551",28,"105,955683","1,175164"
178,"0,008127","0,038462","38,080909","0,030885",28,"115,555947","1,360032"
179,"0,006733","0,035621","33,991774","0,023373",24,"99,718888","1,416324"
180,"0,006729","0,041386","39,173669","0,025527",40,"112,814816","0,979342"
181,"0,011271","0,04483","51,679519","0,037676",62,"145,456472","0,833541"
182,"0,006374","0,046647","65,340917","0,045302",79,"163,665141","0,8271"
183,"0,008479","0,044772","72,757773","0,046473",84,"172,481557","0,866164"
184,"0,008044","0,041735","80,800006","0,044648",91,"175,226176","0,887912"
185,"0,007642","0,046","68,758787","0,046694",91,"169,094856","0,755591"
186,"0,005736","0,046166","60,666248","0,04861",92,"161,178295","0,659416"
187,"0,005739","0,042798","67,431583","0,045553",94,"161,521734","0,717357"
188,"0,008278","0,050095","68,616315","0,049453",92,"176,442781","0,74583"
189,"0,005307","0,050816","62,982429","0,049189",90,"168,293919","0,699805"
190,"0,005696","0,044408","63,710562","0,047535",92,"161,349791","0,692506"
191,"0,007039","0,045544","63,311182","0,044432",90,"160,325995","0,703458"
192,"0,007122","0,039018","59,3946","0,044006",88,"149,540423","0,674939"
193,"0,00891","0,052409","62,315035","0,05268",91,"176,31327","0,684781"
194,"0,006121","0,039687","65,577024","0,046931",91,"158,316164","0,720627"
195,"0,005871","0,044327","60,614149","0,043428",92,"154,239574","0,658849"
196,"0,0085","0,040864","59,411143","0,052501",92,"161,276666","0,645773"
197,"0,008028","0,04099","62,680877","0,045543",89,"157,241933","0,70428"
198,"0,009462","0,048252","61,090269","0,050378",88,"169,182093","0,694208"
199,"0,008183","0,048265","59,938082","0,045194",90,"161,580585","0,665979"
200,"0,00543","0,04285","59,26816","0,046299",91,"153,84784","0,651298"
201,"0,005728","0,042846","60,211184","0,04139",91,"150,174886","0,661661"
202,"0,005707","0,043268","56,786563","0,04335",90,"149,11272","0,630962"
203,"0,007832","0,040282","56,614618","0,052497",92,"157,225549","0,615376"
204,"0,007659","0,036568","60,694248","0,051738",89,"156,659503","0,681958"
205,"0,005623","0,041832","63,235497","0,048259",91,"158,949924","0,694896"
206,"0,006566","0,035676","62,037836","0,044103",91,"148,383338","0,681734"
207,"0,006101","0,035362","58,031746","0,045211",92,"144,705585","0,63078"
208,"0,009618","0,047907","59,935746","0,043787",90,"161,246999","0,665953"
209,"0,010549","0,042408","61,52021","0,047449",92,"161,927034","0,668698"
210,"0,005946","0,04093","61,715324","0,042972",93,"151,563436","0,663606"
211,"0,012064","0,035593","57,306396","0,041269",91,"146,232028","0,629741"
212,"0,011376","0,03905","56,928041","0,043826",91,"151,180953","0,625583"
213,"0,005529","0,037675","60,680775","0,046241",90,"150,125985","0,674231"
214,"0,005528","0,036322","59,27024","0,041819",90,"142,939159","0,658558"
215,"0,006714","0,042434","55,779567","0,044402",90,"149,329243","0,619773"
216,"0,006822","0,049333","59,437929","0,04108",91,"156,672655","0,653164"
217,"0,010166","0,042927","57,748274","0,04383",91,"154,671145","0,634596"
218,"0,011878","0,038584","58,780967","0,043044",91,"152,287088","0,645945"
219,"0,009142","0,040846","57,312732","0,041022",89,"148,323143","0,643963"
220,"0,008378","0,04514","56,334475","0,047784",88,"157,635904","0,640164"
221,"0,005335","0,035436","60,515487","0,053869",89,"155,155106","0,679949"
222,"0,008837","0,036604","61,549716","0,042949",85,"149,940345","0,724114"
223,"0,008906","0,038955","57,424034","0,043643",86,"148,927205","0,667721"
224,"0,005544","0,04152","60,97775","0,045788",86,"153,829918","0,709044"
225,"0,006092","0,037282","57,953117","0,041852",88,"143,179297","0,658558"
226,"0,008478","0,036564","57,408385","0,044564",88,"147,01402","0,652368"
227,"0,009431","0,035797","64,729268","0,048668",89,"158,625873","0,727295"
228,"0,005371","0,033937","65,689861","0,04489",88,"149,887893","0,746476"
229,"0,005621","0,038058","63,149668","0,044236",89,"151,064592","0,709547"
230,"0,011023","0,034302","61,93575","0,041667",90,"148,928037","0,688175"
231,"0,009975","0,037357","57,935643","0,041371",89,"146,638672","0,650962"
232,"0,009174","0,046006","58,793895","0,042993",91,"156,967165","0,646087"
233,"0,009851","0,048487","60,038982","0,041486",91,"159,863664","0,659769"
234,"0,0059","0,039524","54,752153","0,043185",90,"143,361514","0,608357"
235,"0,008142","0,045073","60,599202","0,041247",88,"155,061466","0,688627"
236,"0,008376","0,035071","61,232578","0,043112",88,"147,791627","0,695825"
237,"0,005983","0,038245","61,577172","0,046643",92,"152,448247","0,669317"
238,"0,007448","0,03866","61,037913","0,047758",92,"154,904787","0,663456"
239,"0,009637","0,038158","59,909983","0,041639",95,"149,344121","0,630631"
240,"0,009604","0,043821","54,432681","0,048313",94,"156,169906","0,579071"
241,"0,009114","0,042072","64,930014","0,040428",94,"156,544742","0,690745"
242,"0,009093","0,036932","57,521638","0,042818",93,"146,363617","0,618512"
243,"0,005482","0,038995","59,460616","0,041151",91,"145,089376","0,653413"
244,"0,006002","0,037604","59,129271","0,049254",91,"151,989213","0,649772"
245,"0,006195","0,032326","61,950791","0,044079",94,"144,55111","0,659051"
246,"0,013587","0,044593","59,699989","0,04486",95,"162,739585","0,628421"
247,"0,009076","0,045781","58,198952","0,055675",94,"168,730864","0,619138"
248,"0,009219","0,04025","67,124717","0,044851",94,"161,445214","0,714093"
249,"0,00634","0,039898","59,427078","0,057047",92,"162,712285","0,645947"
250,"0,010617","0,038714","68,911815","0,044727",94,"162,969803","0,733104"
251,"0,008375","0,031823","60,261521","0,04265",92,"143,109564","0,655017"
252,"0,008037","0,051555","59,046579","0,04046",93,"159,098823","0,634909"
253,"0,010605","0,037383","59,33037","0,043343",94,"150,66166","0,631174"
254,"0,01124","0,039997","58,94683","0,044173",92,"154,357942","0,640726"
255,"0,006275","0,038511","63,151907","0,051808",90,"159,74631","0,701688"
256,"0,009367","0,04398","66,98503","0,052788",91,"173,11963","0,736099"
257,"0,005667","0,040387","66,44801","0,043309",92,"155,810752","0,722261"
258,"0,005456","0,035416","60,401336","0,03804",91,"139,31353","0,663751"
259,"0,009547","0,052562","63,439058","0,04279",91,"168,338459","0,697133"
260,"0,006411","0,03973","61,78643","0,047071",89,"154,999157","0,69423"
261,"0,005549","0,056788","58,182631","0,049858",91,"170,37869","0,63937"
262,"0,005727","0,04071","58,449396","0,044953",86,"149,840239","0,679644"
263,"0,010216","0,04","61,428555","0,059754",88,"171,398197","0,698052"
264,"0,00663","0,039732","73,52888","0,042443",87,"162,334025","0,84516"
265,"0,008476","0,04048","74,005417","0,086423",87,"209,383739","0,850637"
266,"0,010711","0,0439","93,940124","0,044486",88,"193,037214","1,067501"
267,"0,009672","0,052892","66,41252","0,045631",88,"174,608504","0,754688"
268,"0,011437","0,047194","61,80003","0,04935",87,"169,780866","0,710345"
269,"0,011226","0,036861","67,231442","0,047381",90,"162,698685","0,747016"
270,"0,005774","0,048618","61,042232","0,055004",89,"170,438373","0,685868"
271,"0,008392","0,042992","70,207464","0,043475",88,"165,066481","0,797812"
272,"0,009748","0,044377","58,982383","0,047931",88,"161,037415","0,670254"
273,"0,005438","0,03799","61,673655","0,039439",88,"144,540129","0,700837"
274,"0,010868","0,041057","55,345111","0,045021",86,"152,290283","0,643548"
275,"0,005925","0,053228","61,617588","0,044493",86,"165,263485","0,716484"
276,"0,008018","0,07191","65,415765","0,039763",86,"185,106123","0,760648"
277,"0,005321","0,082126","60,717671","0,059436",86,"207,599807","0,706019"
278,"0,008675","0,050284","71,308128","0,04138",86,"171,647041","0,829164"
279,"0,005598","0,047702","61,203263","0,041634",86,"156,137101","0,711666"
280,"0,005922","0,049883","60,731847","0,051563",86,"168,099628","0,706184"
281,"0,005284","0,041618","66,80726","0,041955",87,"155,663606","0,7679"
282,"0,008785","0,060489","57,814324","0,038263",86,"165,351586","0,67226"
283,"0,00815","0,042385","59,551435","0,042552",86,"152,637498","0,692459"
284,"0,006412","0,046386","61,954214","0,053224",85,"167,976006","0,728873"
285,"0,006255","0,037672","63,350828","0,039711",85,"146,988604","0,745304"
286,"0,007721","0,048693","62,725516","0,045712",84,"164,852103","0,746732"
287,"0,007964","0,050995","71,188762","0,057867",85,"188,015005","0,837515"
288,"0,013334","0,042677","77,521531","0,053207",84,"186,739838","0,922875"
289,"0,005551","0,057923","72,11812","0,041854",84,"177,446275","0,858549"
290,"0,0098","0,045032","60,523548","0,050486",84,"165,840953","0,720518"
291,"0,007759","0,045194","66,139961","0,046845",85,"165,936923","0,778117"
292,"0,006287","0,050446","61,865792","0,038549",83,"157,148414","0,745371"
293,"0,00565","0,043314","60,782345","0,063325",84,"173,071525","0,723599"
294,"0,005331","0,046653","76,388672","0,057007",84,"185,379861","0,909389"
295,"0,007555","0,047148","68,539698","0,0459",83,"169,142558","0,825779"
296,"0,006819","0,050298","60,429048","0,062284",83,"179,829853","0,728061"
297,"0,00688","0,051458","72,252942","0,041573",84,"172,163959","0,860154"
298,"0,011863","0,053137","61,30954","0,044081",82,"170,389535","0,747677"
299,"0,005326","0,061522","64,243449","0,043011",81,"174,101947","0,793129"
300,"0,009306","0,054014","60,695781","0,039492",82,"163,508353","0,740192"
301,"0,00526","0,039021","55,480828","0,040479",81,"140,240453","0,684948"
302,"0,011592","0,053092","58,650685","0,040971",82,"164,305833","0,715252"
303,"0,010959","0,047461","55,661062","0,036044",83,"150,125755","0,670615"
304,"0,007642","0,048704","57,261815","0,042635",83,"156,242673","0,689901"
305,"0,008535","0,074419","57,181298","0,042906",83,"183,040862","0,688931"
306,"0,006113","0,055508","59,835992","0,041477",82,"162,93485","0,729707"
307,"0,009808","0,048442","54,97565","0,042365",82,"155,590125","0,670435"
308,"0,011229","0,061348","58,27889","0,063382",81,"194,237749","0,719492"
309,"0,005583","0,048163","67,379255","0,041813",82,"162,938371","0,821698"
310,"0,005708","0,053347","57,425022","0,038454",82,"154,933869","0,700305"
311,"0,011151","0,046765","54,937696","0,0402",82,"153,052845","0,669972"
312,"0,006734","0,040526","55,629924","0,036474",82,"139,363896","0,678414"
313,"0,010723","0,041114","53,572891","0,035876",82,"141,286586","0,653328"
314,"0,005523","0,039259","56,671736","0,037584",82,"139,037511","0,691119"
315,"0,009275","0,042434","53,225866","0,03591",82,"140,844515","0,649096"
316,"0,005737","0,041718","56,352776","0,047",82,"150,807708","0,687229"
317,"0,011624","0,043458","57,755599","0,056871",83,"169,708666","0,695851"
318,"0,007553","0,036371","64,67067","0,039487",82,"148,081682","0,788667"
319,"0,012592","0,043351","56,16131","0,046581",82,"158,684905","0,684894"
320,"0,005796","0,059606","62,658215","0,036317",81,"164,377801","0,773558"
321,"0,012175","0,041737","56,297062","0,05976",82,"169,968519","0,68655"
322,"0,010647","0,041824","67,471355","0,041558",81,"161,500665","0,83298"
323,"0,009955","0,039621","59,710034","0,03567",81,"144,956018","0,737161"
324,"0,011311","0,039329","53,613981","0,035527",81,"139,779917","0,661901"
325,"0,011819","0,044505","55,472155","0,054026",82,"165,821778","0,67649"
326,"0,010599","0,037786","58,665021","0,033239",83,"140,289095","0,706807"
327,"0,006029","0,04047","58,545367","0,037531",83,"142,575482","0,705366"
328,"0,010558","0,044435","54,411205","0,035146",83,"144,549341","0,655557"
329,"0,0103","0,051723","54,774423","0,038675",82,"155,472453","0,667981"
330,"0,005765","0,037492","53,917676","0,044305",82,"141,479554","0,657533"
331,"0,006431","0,050762","59,445476","0,037546",81,"154,183941","0,733895"
332,"0,006096","0,041081","55,082183","0,040569",82,"142,82807","0,671734"
333,"0,010205","0,057148","60,197419","0,039008",82,"166,55801","0,734115"
334,"0,012541","0,046473","55,518942","0,036284",83,"150,817276","0,668903"
335,"0,005616","0,038515","53,354992","0,032968",83,"130,454163","0,642831"
336,"0,005691","0,042282","53,805991","0,039671",82,"141,450367","0,656171"
337,"0,010983","0,045345","57,928951","0,040395",81,"154,652284","0,715172"
338,"0,00636","0,04298","58,348588","0,045525",82,"153,213236","0,711568"
339,"0,00741","0,039653","57,362907","0,037011",83,"141,437215","0,691119"
340,"0,005768","0,041919","53,372208","0,035573",82,"136,63297","0,650881"
341,"0,010937","0,038383","53,237929","0,035568",81,"138,12607","0,657258"
342,"0,006817","0,052591","52,571591","0,038059",82,"150,038258","0,641117"
343,"0,009462","0,042262","51,935431","0,036752",82,"140,411274","0,633359"
344,"0,005525","0,049216","55,524093","0,033975",82,"144,239756","0,677123"
345,"0,005851","0,039183","53,416146","0,039391",82,"137,840264","0,651416"
346,"0,006471","0,038452","56,278019","0,041837",83,"143,03768","0,678048"
347,"0,010401","0,042145","52,241174","0,035914",83,"140,701175","0,629412"
348,"0,007292","0,043582","55,220557","0,039998",83,"146,092264","0,665308"
349,"0,010857","0,044834","55,131497","0,034944",81,"145,766937","0,680636"
350,"0,009486","0,047856","51,323336","0,037838",80,"146,503774","0,641542"
351,"0,010375","0,038358","53,232809","0,048846",80,"150,812568","0,66541"
352,"0,008805","0,038837","66,7197","0,055411",81,"169,773082","0,8237"
353,"0,008074","0,037965","65,292364","0,035423",82,"146,754186","0,796248"
354,"0,010491","0,035135","57,111117","0,046756",81,"149,493525","0,705076"
355,"0,005636","0,041085","59,158453","0,036902",81,"142,782274","0,730351"
356,"0,006993","0,03964","52,462466","0,036293",81,"135,388715","0,647685"
357,"0,008984","0,040928","54,543883","0,042848",80,"147,304837","0,681799"
358,"0,00545","0,039369","56,453003","0,047962",81,"149,234663","0,696951"
359,"0,007099","0,040294","59,664078","0,03432",80,"141,376505","0,745801"
360,"0,005696","0,041213","53,507638","0,037983",80,"138,400291","0,668845"
361,"0,010236","0,037861","57,401595","0,044214",80,"149,711391","0,71752"
362,"0,009521","0,042436","59,62638","0,039381",81,"150,964927","0,736128"
363,"0,010796","0,053707","60,629823","0,04277",81,"167,903418","0,748516"
364,"0,010915","0,052316","60,92763","0,041685",81,"165,843184","0,752193"
365,"0,006532","0,04615","61,115384","0,047509",79,"161,306859","0,773612"
366,"0,00972","0,046048","60,764741","0,036102",80,"152,634643","0,759559"
367,"0,009421","0,040086","55,74388","0,038076",80,"143,326397","0,696799"
368,"0,009894","0,042044","59,758034","0,054068",80,"165,763212","0,746975"
369,"0,008283","0,0435","62,98655","0,037371",80,"152,140025","0,787332"
370,"0,006554","0,048472","56,992135","0,042505",79,"154,523187","0,721419"
371,"0,005801","0,040333","54,247771","0,053215",80,"153,597508","0,678097"
372,"0,009735","0,045636","64,132913","0,038711",79,"158,215278","0,811809"
373,"0,006892","0,047485","60,20865","0,041632",78,"156,217323","0,771906"
374,"0,006472","0,048487","56,884513","0,049315",78,"161,157601","0,729289"
375,"0,009383","0,045661","61,107319","0,062819",79,"178,970312","0,77351"
376,"0,006543","0,047208","68,677398","0,040897",79,"163,326224","0,869334"
377,"0,006787","0,051288","58,769248","0,044929",78,"161,77325","0,753452"
378,"0,009","0,041306","56,067895","0,048978",80,"155,351869","0,700849"
379,"0,006508","0,050937","62,965877","0,060147",81,"180,557592","0,777357"
380,"0,009575","0,05118","70,148257","0,106635",81,"237,538398","0,866028"
381,"0,006924","0,043992","95,455809","0,037814",81,"184,186319","1,178467"
382,"0,005383","0,039327","67,261358","0,037649",81,"149,620057","0,830387"
383,"0,006288","0,051798","64,572197","0,057554",80,"180,212101","0,807152"
384,"0,010916","0,048669","64,184307","0,037354",80,"161,123906","0,802304"
385,"0,007243","0,047139","54,53665","0,050633",81,"159,551889","0,673292"
386,"0,009118","0,051549","64,380444","0,048063",81,"173,110655","0,79482"
387,"0,006687","0,062168","60,352304","0,042616",81,"171,823772","0,74509"
388,"0,012243","0,046833","63,453037","0,046327",82,"168,855655","0,773818"
389,"0,011709","0,044056","57,706538","0,036268",83,"149,739775","0,695259"
390,"0,015729","0,050041","57,354488","0,033988",83,"157,111603","0,691018"
391,"0,0064","0,058231","57,941333","0,048291",81,"170,863307","0,715325"
392,"0,006251","0,115909","61,50577","0,066124",82,"249,790248","0,75007"
393,"0,007957","0,031247","75,385993","0,038623",83,"153,212206","0,908265"
394,"0,008177","0,054955","55,931696","0,034171",82,"153,235471","0,682094"
395,"0,010984","0,057577","59,125586","0,038386",84,"166,071993","0,703876"
396,"0,005336","0,034657","54,460709","0,040755",88,"135,208413","0,618872"
397,"0,013224","0,063006","61,515403","0,037938",85,"175,683263","0,723711"
398,"0,009268","0,051659","54,28358","0,033713",86,"148,922964","0,631204"
399,"0,009986","0,050654","55,479321","0,036849",85,"152,96784","0,652698"
400,"0,006261","0,03968","53,516533","0,037625",85,"137,082876","0,629606"
401,"0,007073","0,041413","55,383028","0,03822",86,"142,089243","0,643989"
402,"0,010788","0,041228","58,02889","0,039622",86,"149,667961","0,674755"
403,"0,01082","0,045283","59,150738","0,038423",86,"153,677443","0,687799"
404,"0,009278","0,06257","56,286433","0,036766",87,"164,901436","0,64697"
405,"0,006336","0,038162","55,402933","0,054237",87,"154,136795","0,636815"
406,"0,007475","0,044373","59,111953","0,039078",87,"150,037869","0,679448"
407,"0,010113","0,033982","54,798647","0,038317",87,"137,210338","0,62987"
408,"0,01051","0,048374","58,224356","0,03588",88,"152,989154","0,66164"
409,"0,008928","0,037943","54,195","0,048963",88,"150,030189","0,615852"
410,"0,006291","0,040123","60,485718","0,036689",88,"143,588037","0,687338"
411,"0,00547","0,03589","53,770017","0,03936",86,"134,490519","0,625233"
412,"0,006794","0,038337","54,559434","0,041983",87,"141,67418","0,62712"
413,"0,00588","0,044247","55,229963","0,040252",86,"145,609066","0,642209"
414,"0,005963","0,039082","58,536851","0,066688",85,"170,26974","0,688669"
415,"0,010425","0,038593","76,099917","0,103737",87,"228,855298","0,874712"
416,"0,007266","0,038718","99,940803","0,038001",87,"183,925502","1,148745"
417,"0,006102","0,042352","71,044332","0,05649",87,"175,988046","0,816602"
418,"0,009359","0,035894","82,031993","0,072385",87,"199,669852","0,942896"
419,"0,006557","0,041387","72,182662","0,061646",87,"181,773617","0,829686"
420,"0,009526","0,036263","74,47881","0,057172",88,"177,440054","0,84635"
421,"0,005385","0,048534","69,821999","0,040324",90,"164,06469","0,7758"
422,"0,009615","0,034929","54,626349","0,041078",90,"140,248667","0,606959"
423,"0,009461","0,035971","57,380247","0,038824",90,"141,636512","0,637558"
424,"0,005724","0,039857","55,695618","0,061556",89,"162,833329","0,625793"
425,"0,005565","0,039078","68,527597","0,042774",89,"155,945365","0,769973"
426,"0,009421","0,060503","70,644183","0,043742",87,"184,309743","0,812002"
427,"0,011392","0,091229","64,508096","0,049302",86,"216,431241","0,750094"
428,"0,008338","0,062491","64,801776","0,038797",86,"174,427004","0,753509"
429,"0,005825","0,062382","59,154578","0,047813",86,"175,174338","0,687844"
430,"0,010318","0,088596","65,310057","0,041532",86,"205,756335","0,759419"
431,"0,006829","0,074172","67,430836","0,076019",87,"224,450816","0,775067"
432,"0,010669","0,042708","81,072775","0,087137",88,"221,586543","0,921282"
433,"0,006703","0,035631","92,764247","0,101273",88,"236,371356","1,054139"
434,"0,006311","0,038933","105,672228","0,083236",88,"234,152108","1,200821"
435,"0,008469","0,039622","91,661119","0,084995",88,"224,746478","1,041604"
436,"0,006089","0,052333","88,330966","0,091319",87,"238,071664","1,015298"
437,"0,01057","0,059448","93,571806","0,068259",87,"231,847988","1,075538"
438,"0,008503","0,049052","76,518816","0,073331",87,"207,404959","0,879527"
439,"0,006062","0,045589","90,861461","0,051826",88,"194,338698","1,032517"
440,"0,006484","0,04017","79,72189","0,060407",87,"186,782347","0,916344"
441,"0,009642","0,043848","82,845824","0,079229",89,"215,564923","0,930852"
442,"0,006014","0,052122","87,429607","0,050047",88,"195,612457","0,993518"
443,"0,009045","0,066669","68,184666","0,046906",88,"190,804632","0,774826"
444,"0,009127","0,107371","62,851276","0,064503",88,"243,851827","0,714219"
445,"0,011987","0,093207","70,519216","0,046142",88,"221,855098","0,801355"
446,"0,010726","0,073479","65,301256","0,040913",88,"190,418628","0,74206"
447,"0,012165","0,083678","63,45617","0,05114",88,"210,439032","0,721093"
448,"0,005454","0,091496","62,757832","0,049237",88,"208,944366","0,713157"
449,"0,005508","0,065939","66,126353","0,039797",87,"177,370734","0,760073"
450,"0,006125","0,074145","64,618917","0,041812",88,"186,700453","0,734306"
451,"0,012249","0,059895","63,081303","0,040177",88,"175,403049","0,716833"
452,"0,009784","0,067067","64,441148","0,070042",87,"211,33434","0,740703"
453,"0,006137","0,084155","90,190707","0,072161",87,"252,643534","1,036675"
454,"0,009908","0,048722","82,770971","0,065119",87,"206,520017","0,95139"
455,"0,007354","0,045941","87,21622","0,059017",87,"199,527566","1,002485"
456,"0,012521","0,058211","80,227867","0,054382",86,"205,341237","0,932882"
457,"0,007019","0,047257","65,640664","0,045529",84,"165,445617","0,781436"
458,"0,010048","0,047477","66,156786","0,045495",84,"169,176718","0,787581"
459,"0,0073","0,045822","55,222217","0,039983",84,"148,326767","0,657407"
460,"0,012843","0,047271","53,054076","0,041782",85,"154,949247","0,624166"
461,"0,006612","0,042697","64,692136","0,031212",85,"145,213554","0,761084"
462,"0,005369","0,048888","70,397578","0,037271",85,"161,924832","0,828207"
463,"0,005401","0,049352","73,070833","0,077284",85,"205,108008","0,859657"
464,"0,007928","0,077252","82,402792","0,05313",86,"220,712317","0,958172"
465,"0,006386","0,095055","74,772613","0,0838",86,"260,012543","0,869449"
466,"0,006648","0,071395","84,943432","0,052116",85,"215,101793","0,999334"
467,"0,010308","0,07821","67,328205","0,09393",84,"249,77609","0,801526"
468,"0,005515","0,05452","96,858787","0,053536",84,"210,43026","1,153081"
469,"0,005535","0,050375","78,288919","0,063089",84,"197,288411","0,932011"
470,"0,008094","0,039703","79,027773","0,058627",84,"185,452101","0,940807"
471,"0,011664","0,036282","69,235598","0,071805",84,"188,985943","0,824233"
472,"0,006728","0,049594","80,611181","0,054175",85,"191,108035","0,948367"
473,"0,008438","0,062873","78,684683","0,048372",84,"198,367441","0,936722"
474,"0,008059","0,07118","70,319493","0,056441",85,"206,000277","0,827288"
475,"0,007369","0,082244","86,001054","0,032631",85,"208,244837","1,011777"
476,"0,010038","0,061969","80,687184","0,061282",84,"213,97607","0,960562"
477,"0,009246","0,082713","89,177982","0,096453",85,"277,589559","1,049153"
478,"0,015269","0,050146","113,809371","0,070678",83,"249,901854","1,371197"
479,"0,008197","0,084193","96,792414","0,096076",84,"285,258265","1,152291"
480,"0,006156","0,06054","81,772103","0,088822",85,"237,290624","0,962025"
481,"0,005718","0,077476","115,117853","0,083897",85,"282,209311","1,354328"
482,"0,007195","0,058025","112,72698","0,061635",86,"239,582676","1,310779"
483,"0,006502","0,080378","74,227818","0,057688",86,"218,795513","0,863114"
484,"0,006768","0,064974","66,403582","0,055025",85,"193,17041","0,781219"
485,"0,011992","0,050764","69,373524","0,072616",86,"204,745521","0,806669"
486,"0,005369","0,072235","79,797827","0,03469",86,"192,092946","0,927882"
487,"0,013196","0,061544","70,941764","0,064983",85,"210,664893","0,834609"
488,"0,006544","0,060224","76,330611","0,039678",82,"182,776761","0,930861"
489,"0,005487","0,098537","70,67679","0,058367",79,"233,067559","0,894643"
490,"0,008937","0,076939","84,174271","0,053729",82,"223,779251","1,026515"
491,"0,006973","0,103748","68,489863","0,047343",78,"226,552991","0,878075"
492,"0,00795","0,097811","66,083501","0,038446",80,"210,289992","0,826044"
493,"0,008451","0,08913","66,198739","0,048681",80,"212,460374","0,827484"
494,"0,005454","0,058051","70,125626","0,082882",81,"216,512836","0,865748"
495,"0,011197","0,046927","92,53207","0,077457",85,"228,113038","1,088613"
496,"0,008256","0,05803","92,17938","0,078302",84,"236,767427","1,097374"
497,"0,013595","0,070894","85,390749","0,09162",87,"261,499558","0,981503"
498,"0,008122","0,052609","101,396966","0,037779",87,"199,905851","1,165482"
499,"0,007231","0,067702","72,30996","0,058468",86,"205,711296","0,840813"
500,"0,00795","0,06773","92,338844","0,060196",86,"228,214482","1,073707"
501,"0,007119","0,076333","78,296821","0,073407",86,"235,155439","0,910428"
502,"0,007405","0,053274","90,776044","0,066018",85,"217,473394","1,067953"
503,"0,0076","0,052085","87,804694","0,084945",84,"232,434661","1,045294"
504,"0,026795","0,051508","92,597001","0,062926",86,"233,825453","1,076709"
505,"0,007337","0,052266","79,994156","0,053103",86,"192,699086","0,930165"
506,"0,006895","0,079225","82,714069","0,101105",86,"269,939085","0,961792"
507,"0,007656","0,08862","99,765747","0,048021",88,"244,063346","1,133702"
508,"0,006414","0,071921","79,052764","0,055242",86,"212,62947","0,919218"
509,"0,005366","0,08323","89,46833","0,11607",81,"294,13346","1,104547"
510,"0,011681","0,056225","117,546997","0,053619",83,"239,073076","1,416229"
511,"0,007638","0,087487","89,150746","0,049851",83,"234,127066","1,074105"
512,"0,005757","0,065147","79,578102","0,069428",84,"219,908939","0,947358"
513,"0,005526","0,079424","91,707738","0,136069",83,"312,727357","1,104913"
514,"0,007634","0,079271","122,771549","0,057688",84,"267,364169","1,461566"
515,"0,006182","0,074929","94,071442","0,02576",84,"200,941932","1,119898"
516,"0,00737","0,066219","68,459492","0,104",81,"246,049396","0,845179"
517,"0,008318","0,06578","99,317659","0,083746",84,"257,161669","1,182353"
518,"0,010203","0,092667","103,517967","0,079909",83,"286,296485","1,247204"
519,"0,013486","0,062148","91,100092","0,073248",80,"239,982529","1,138751"
520,"0,014099","0,063783","91,589557","0,103951",79,"273,422939","1,159361"
521,"0,006252","0,106171","89,168026","0,070054",80,"271,645568","1,1146"
522,"0,005349","0,065203","101,085876","0,063786",81,"235,423832","1,247974"
523,"0,006849","0,077722","97,967989","0,067718",81,"250,256613","1,209481"
524,"0,008329","0,068821","88,30699","0,088099",81,"253,555853","1,09021"
525,"0,006706","0,134158","104,053066","0,064684",80,"309,601597","1,300663"
526,"0,013674","0,081248","89,000753","0,097274",78,"281,196608","1,141035"
527,"0,007588","0,045975","104,282133","0,036378",77,"194,223125","1,354313"
528,"0,016977","0,121819","70,289727","0,088821",76,"297,906413","0,924865"
529,"0,009327","0,079532","93,12813","0,070718",73,"252,705602","1,275728"
530,"0,01229","0,083366","89,738775","0,045951",66,"231,345131","1,359678"
531,"0,007868","0,101119","67,025147","0,046084",68,"222,096472","0,985664"
532,"0,011995","0,089575","59,552833","0,047424",67,"208,54641","0,888848"
533,"0,007453","0,087644","62,327789","0,060612",63,"218,037673","0,98933"
534,"0,008491","0,07049","67,757247","0,056959",59,"203,697555","1,148428"
535,"0,00684","0,075556","63,567147","0,057023",55,"202,985679","1,155766"
536,"0,009613","0,100943","82,483558","0,033257",54,"226,29636","1,527473"
537,"0,006417","0,0806","56,798262","0,0441",53,"187,915639","1,071665"
538,"0,014418","0,098796","63,993217","0,023115",48,"200,322057","1,333192"
539,"0,007687","0,048396","54,650857","0,043413",50,"154,146893","1,093017"
540,"0,010642","0,091577","63,484647","0,039368",51,"205,072343","1,244797"
541,"0,009482","0,076468","82,260219","0,045646",46,"213,856468","1,788266"
542,"0,007128","0,063056","62,93982","0,050802",49,"183,925484","1,284486"
543,"0,006611","0,045034","67,667195","0,037129",49,"156,441984","1,380963"
544,"0,010398","0,061044","81,622363","0,036326",52,"189,390399","1,569661"
545,"0,0093","0,08373","90,266959","0,02312",55,"206,417019","1,641217"
546,"0,015982","0,068444","75,971742","0,056728",58,"217,125369","1,309858"
547,"0,005719","0,060158","60,523218","0,034691",70,"161,091563","0,864617"
548,"0,005661","0,103844","100,981325","0,112676",72,"323,162308","1,402518"
549,"0,01383","0,076018","103,902271","0,122203",74,"315,954326","1,404085"
550,"0,006542","0,084645","96,35901","0,098222",74,"285,768449","1,302149"
551,"0,011332","0,034854","114,667871","0,074218",77,"235,072642","1,489193"
552,"0,011857","0,051919","99,818193","0,04664",74,"210,233978","1,348894"
553,"0,010675","0,089242","78,208494","0,064105",74,"242,230954","1,056872"
554,"0,011024","0,06141","80,877428","0,056041",74,"209,352333","1,092938"
555,"0,013012","0,065044","77,366307","0,078119",74,"233,540531","1,045491"
556,"0,00695","0,086448","87,341819","0,067456",72,"248,195416","1,213081"
557,"0,012078","0,109608","87,839573","0,046291",71,"255,81641","1,237177"
558,"0,008253","0,060994","65,426697","0,083843",73,"218,515837","0,896256"
559,"0,007421","0,111966","91,17222","0,093635",72,"304,194465","1,266281"
560,"0,008345","0,145363","92,898195","0,05261",74,"299,215848","1,255381"
561,"0,009606","0,099997","86,73254","0,062744",75,"259,079325","1,156434"
562,"0,006436","0,082843","88,873319","0,067025",74,"245,177212","1,200991"
563,"0,006485","0,063148","82,025838","0,089427",77,"241,085743","1,065271"
564,"0,005462","0,062819","88,844871","0,033935",77,"191,059762","1,153829"
565,"0,007024","0,059208","68,454912","0,025018",77,"159,705409","0,889025"
566,"0,013206","0,060476","59,82078","0,042329",74,"175,831728","0,808389"
567,"0,005448","0,112801","60,053144","0,055248",75,"233,550737","0,800709"
568,"0,020947","0,051826","65,167419","0,037496",73,"175,436411","0,892704"
569,"0,006344","0,04648","60,188351","0,047803",73,"160,814682","0,824498"
570,"0,025498","0,104626","68,435776","0,040924",73,"239,484092","0,937476"
571,"0,012963","0,108035","64,441462","0,044668",74,"230,108324","0,870831"
572,"0,014832","0,053649","64,823114","0,042467",74,"175,7715","0,875988"
573,"0,010861","0,083048","66,806476","0,040678",73,"201,393271","0,915157"
574,"0,007106","0,067037","59,228622","0,061869",73,"195,241346","0,811351"
575,"0,006696","0,084895","81,585079","0,063455",74,"236,630796","1,102501"
576,"0,008327","0,057344","80,968887","0,066852",73,"213,492379","1,109163"
577,"0,005363","0,050297","75,184916","0,042763",74,"173,608413","1,016012"
578,"0,010274","0,046386","64,277261","0,046679",73,"167,615823","0,88051"
579,"0,009407","0,053731","68,679276","0,036818",72,"168,635043","0,953879"
580,"0,011664","0,050033","67,37873","0,024908",73,"153,984352","0,922996"
581,"0,013575","0,053157","64,921678","0,074185",73,"205,838777","0,889338"
582,"0,006259","0,042767","83,367281","0,042571",74,"174,963362","1,126585"
583,"0,006775","0,04968","68,725998","0,039127",73,"164,308871","0,941452"
584,"0,007377","0,054697","76,376752","0,036791",73,"175,241008","1,046257"
585,"0,0055","0,045019","70,858617","0,055662",71,"177,039402","0,998009"
586,"0,011851","0,070892","74,915751","0,081356",71,"239,01533","1,055151"
587,"0,006336","0,07227","79,211295","0,075048",71,"232,866156","1,115652"
588,"0,007098","0,064804","90,13911","0,06151",71,"223,550902","1,269565"
589,"0,006161","0,055991","88,645307","0,043939",65,"194,735591","1,363774"
590,"0,009147","0,065295","65,032947","0,043196",65,"182,671301","1,000507"
591,"0,006091","0,064428","64,486679","0,020793",66,"155,798362","0,977071"
592,"0,005572","0,050967","67,428715","0,065293",67,"189,260849","1,006399"
593,"0,006874","0,08387","67,52984","0,086011",69,"244,284331","0,978693"
594,"0,009692","0,055904","81,18813","0,087798",66,"234,582402","1,230123"
595,"0,00541","0,061394","84,006064","0,050963",65,"201,773576","1,292401"
596,"0,005986","0,061027","75,506883","0,056095",65,"198,615018","1,161644"
597,"0,006248","0,064607","84,233724","0,046246",66,"201,335157","1,276269"
598,"0,013232","0,094363","79,496268","0,078938",62,"266,029075","1,282198"
599,"0,011552","0,06269","84,594702","0,041097",65,"199,933995","1,301457"
600,"0,006856","0,087096","65,629328","0,054399",65,"213,980719","1,009682"
601,"0,011773","0,053576","78,700579","0,077536",66,"221,586766","1,192433"
602,"0,006021","0,045126","81,230115","0,04951",66,"181,887547","1,230759"
603,"0,006216","0,119316","79,406984","0,041775",64,"246,713156","1,240734"
604,"0,010558","0,106271","68,070251","0,074962",65,"259,862555","1,047235"
605,"0,00696","0,09207","89,524422","0,04053",64,"229,083786","1,398819"
606,"0,005473","0,068075","75,081837","0,047069",65,"195,698358","1,155105"
607,"0,008351","0,081781","64,139557","0,039846",65,"194,117125","0,986762"
608,"0,009423","0,063782","59,448504","0,037996",65,"170,650277","0,914592"
609,"0,011472","0,08401","55,464655","0,039264",65,"190,211007","0,853302"
610,"0,008452","0,077615","54,678407","0,033321",63,"174,066382","0,867911"
611,"0,011726","0,077578","52,466136","0,033543",65,"175,313615","0,807171"
612,"0,006089","0,083336","60,445354","0,031252",64,"181,122677","0,944459"
613,"0,005479","0,050209","55,322216","0,045586",65,"156,59651","0,851111"
614,"0,00547","0,062135","59,526236","0,035464",64,"162,595662","0,930097"
615,"0,014412","0,069713","51,491782","0,042867",65,"178,483663","0,792181"
616,"0,00997","0,055333","53,82038","0,03617",65,"155,292798","0,828006"
617,"0,009146","0,059928","60,541679","0,046264",64,"175,879754","0,945964"
618,"0,013422","0,046319","63,040045","0,040917",64,"163,697446","0,985001"
619,"0,009592","0,047937","59,857964","0,052141",64,"169,527819","0,935281"
620,"0,00904","0,039333","71,025472","0,031193",64,"150,592143","1,109773"
621,"0,006147","0,043123","59,295888","0,056655",63,"165,221202","0,941205"
622,"0,007246","0,040993","64,070177","0,046691",62,"159,000086","1,03339"
623,"0,007252","0,04892","67,115195","0,04649",67,"169,776952","1,001719"
624,"0,007803","0,063323","69,097023","0,03778",66,"178,003894","1,046925"
625,"0,006189","0,052414","60,658165","0,040194",68,"159,455887","0,892032"
626,"0,006279","0,040376","52,950479","0,033897",66,"133,502639","0,80228"
627,"0,005466","0,039793","56,125647","0,036172",64,"137,556573","0,876963"
628,"0,01047","0,045711","60,354405","0,03549",62,"152,026167","0,973458"
629,"0,01266","0,05049","52,908686","0,038064",63,"154,122144","0,83982"
630,"0,008023","0,055385","52,206698","0,044883",64,"160,49709","0,81573"
631,"0,005763","0,068707","57,088928","0,048858",63,"180,417838","0,906173"
632,"0,012671","0,051501","63,866678","0,05488",63,"182,918124","1,013757"
633,"0,007286","0,053246","62,983337","0,042353",61,"165,868337","1,032514"
634,"0,007365","0,066721","59,813353","0,037147",61,"171,045942","0,980547"
635,"0,005622","0,059824","66,915024","0,045175",61,"177,536286","1,096968"
636,"0,006596","0,049957","59,240524","0,032853",61,"148,646539","0,971156"
637,"0,007745","0,039948","58,408227","0,029888",61,"135,990444","0,957512"
638,"0,007016","0,047028","54,937043","0,034337",61,"143,317438","0,900607"
639,"0,006203","0,057862","60,631731","0,045232",61,"169,929565","0,993963"
640,"0,007818","0,043498","55,675481","0,028288",61,"135,280265","0,912713"
641,"0,006461","0,043089","53,427175","0,045118",61,"148,094767","0,875855"
642,"0,008135","0,051082","66,330322","0,061318",61,"186,865299","1,087382"
643,"0,006713","0,048861","65,218522","0,03997",61,"160,762446","1,069156"
644,"0,010273","0,061985","59,204234","0,037404",61,"168,86663","0,970561"
645,"0,011835","0,052293","64,763971","0,038017",62,"166,9081","1,04458"
646,"0,006719","0,065259","70,036973","0,027421",61,"169,437252","1,148147"
647,"0,010547","0,061757","58,425731","0,036255",63,"166,985672","0,927393"
648,"0,007974","0,052927","62,919237","0,029105",63,"152,924832","0,998718"
649,"0,010177","0,043342","60,745719","0,043343",64,"157,607917","0,949152"
650,"0,006032","0,061843","75,804975","0,042816",63,"186,495774","1,203254"
651,"0,006373","0,072959","65,16847","0,035036",65,"179,535422","1,002592"
652,"0,006964","0,060306","63,229141","0,033338",65,"163,837193","0,972756"
653,"0,006929","0,078534","67,540398","0,031215",63,"184,2179","1,07207"
654,"0,006547","0,064564","64,03731","0,056421",64,"191,569375","1,000583"
655,"0,008062","0,062318","71,538552","0,039342",64,"181,260341","1,11779"
656,"0,009284","0,075668","72,997602","0,047322",65,"205,271314","1,12304"
657,"0,00628","0,06142","74,737689","0,034657",66,"177,094595","1,132389"
658,"0,005358","0,070991","63,546821","0,064838",67,"204,733589","0,94846"
659,"0,005322","0,052347","78,594268","0,052051",66,"188,313881","1,190822"
660,"0,005416","0,065589","68,551457","0,047582",62,"187,138014","1,105669"
661,"0,005823","0,091661","65,050129","0,028087",62,"190,621261","1,049196"
662,"0,005804","0,058405","55,362888","0,033706",64,"153,277779","0,865045"
663,"0,00819","0,064819","61,95298","0,048395",64,"183,356734","0,968015"
664,"0,010812","0,049448","71,887369","0,037281",62,"169,427681","1,159474"
665,"0,007819","0,069905","58,056175","0,054534",64,"190,314876","0,907128"
666,"0,006023","0,082389","76,051739","0,059437",61,"223,901084","1,24675"
667,"0,008023","0,080567","76,979914","0,046866",61,"212,435352","1,261966"
668,"0,008861","0,06547","58,365759","0,050876",61,"183,573097","0,956816"
669,"0,009532","0,079125","65,313278","0,048092",63,"202,063119","1,036719"
670,"0,006311","0,065852","71,530231","0,052276",66,"195,969083","1,083791"
671,"0,006906","0,065007","77,320123","0,038871",69,"188,10363","1,120581"
672,"0,009423","0,05992","65,490566","0,033717",70,"168,550963","0,93558"
673,"0,005843","0,04629","66,715493","0,045937",73,"164,785398","0,913911"
674,"0,007143","0,066025","65,449252","0,062799",72,"201,416238","0,909017"
675,"0,006961","0,063659","69,558036","0,046585",72,"186,762666","0,966084"
676,"0,011213","0,070366","55,658199","0,040658",72,"177,895243","0,773031"
677,"0,008038","0,076446","52,229961","0,038044",70,"174,758316","0,746142"
678,"0,006917","0,088759","54,964755","0,036026",71,"186,667076","0,774151"
679,"0,007586","0,077607","62,053177","0,043813",73,"191,059489","0,850044"
680,"0,012317","0,08286","57,605464","0,047181",74,"199,963075","0,778452"
681,"0,005966","0,066501","63,951352","0,070373",73,"206,791674","0,876046"
682,"0,005849","0,045247","77,721838","0,042709",72,"171,526504","1,07947"
683,"0,005548","0,045386","64,191973","0,088696",72,"203,82154","0,891555"
684,"0,005923","0,049232","82,488255","0,033641",73,"171,284348","1,129976"
685,"0,006287","0,050388","63,319257","0,041952",73,"161,945926","0,867387"
686,"0,006972","0,062654","69,224258","0,02249",74,"161,340967","0,935463"
687,"0,008664","0,046952","66,401459","0,049494",70,"171,511783","0,948592"
688,"0,019109","0,037761","70,665835","0,081396",71,"208,931879","0,995293"
689,"0,008171","0,036453","70,782032","0,057488",71,"172,893517","0,99693"
690,"0,007658","0,051795","69,939558","0,039288",70,"168,681144","0,999137"
691,"0,006005","0,048829","71,693439","0,040785",70,"167,312948","1,024192"
692,"0,00622","0,05623","66,509369","0,046084",70,"175,043768","0,950134"
693,"0,005877","0,075761","77,946073","0,07477",70,"234,353349","1,113515"
694,"0,008739","0,044322","84,570407","0,092178",71,"229,809215","1,191132"
695,"0,005901","0,08384","90,4508","0,074022",71,"254,214191","1,273955"
696,"0,005561","0,048738","84,513028","0,068868",72,"207,680069","1,173792"
697,"0,009528","0,051954","89,869202","0,088417",72,"239,767382","1,248183"
698,"0,006059","0,093941","96,758509","0,044275",72,"241,034454","1,343868"
699,"0,007458","0,087705","78,372303","0,033087",70,"206,621968","1,119604"
700,"0,008211","0,078609","70,139248","0,080353",72,"237,311772","0,974156"
701,"0,007167","0,068739","93,018897","0,068287",73,"237,212373","1,274231"
702,"0,007804","0,061198","70,165585","0,066401",73,"205,568347","0,961172"
703,"0,006127","0,060829","78,530166","0,052108",73,"197,593638","1,075756"
704,"0,010726","0,038864","61,402999","0,041067",72,"152,060209","0,852819"
705,"0,013783","0,077914","54,876013","0,03992",72,"186,493399","0,762167"
706,"0,011415","0,083399","60,669617","0,043502",70,"198,986765","0,866709"
707,"0,005958","0,088331","62,116763","0,045234",69,"201,638868","0,900243"
708,"0,014812","0,084504","61,883406","0,046967",70,"208,167803","0,884049"
709,"0,006094","0,098418","78,669437","0,058682",71,"241,863039","1,10802"
710,"0,008694","0,072631","80,56326","0,052499",69,"214,386197","1,167583"
711,"0,008127","0,043582","72,38432","0,050015",70,"174,108359","1,034062"
712,"0,006142","0,083833","65,081968","0,085356",71,"240,412982","0,916647"
713,"0,010838","0,062147","96,660392","0,085404",72,"255,049975","1,342505"
714,"0,006391","0,074761","87,725733","0,040163",72,"209,040424","1,218413"
715,"0,009603","0,049262","66,774309","0,042966",72,"168,604626","0,927421"
716,"0,007055","0,038728","69,354567","0,043402",72,"158,540054","0,963258"
717,"0,007013","0,045408","59,590459","0,034227",71,"146,23873","0,839302"
718,"0,007653","0,050437","57,990219","0,038159",72,"154,240094","0,80542"
719,"0,00576","0,048581","57,247172","0,041388",71,"152,97526","0,806298"
720,"0,016066","0,064988","65,427616","0,055535",68,"202,015939","0,962171"
721,"0,006444","0,067106","64,493617","0,044211",69,"182,254462","0,93469"
722,"0,007335","0,068621","61,480186","0,06211",69,"199,54708","0,891017"
723,"0,006899","0,052867","81,622897","0,028122",69,"169,510847","1,182941"
724,"0,0122","0,091202","60,779126","0,0559",69,"220,08101","0,880857"
725,"0,009087","0,109476","67,63544","0,051355",69,"237,552547","0,980224"
726,"0,007886","0,043558","64,127455","0,041173",69,"156,745083","0,929383"
727,"0,008948","0,066088","85,845478","0,06038",68,"221,26139","1,262433"
728,"0,005952","0,048715","79,54676","0,046594",69,"180,80687","1,152852"
729,"0,006653","0,043443","69,995495","0,03241",68,"152,501668","1,029346"
730,"0,006558","0,04623","65,064942","0,070299",68,"188,152264","0,956837"
731,"0,00677","0,063496","88,742231","0,063584",69,"222,592655","1,286119"
732,"0,006366","0,065545","65,186965","0,046217",70,"183,313781","0,931242"
733,"0,008592","0,051488","68,716806","0,035434",70,"164,231251","0,981669"
734,"0,00965","0,080402","67,678417","0,09243",70,"250,160026","0,966835"
735,"0,012883","0,071397","99,255304","0,06308",69,"246,616039","1,438483"
736,"0,005992","0,059374","76,000884","0,066732",70,"208,099284","1,085727"
737,"0,006139","0,065817","80,077922","0,032072",70,"184,105756","1,14397"
738,"0,006382","0,062755","61,510651","0,086367",71,"217,014421","0,866347"
739,"0,007105","0,095087","68,917264","0,064345",72,"235,453494","0,957184"
740,"0,006729","0,09326","97,669912","0,081227",72,"278,885858","1,356527"
741,"0,006391","0,093654","87,192873","0,057013",72,"244,251026","1,211012"
742,"0,01154","0,049986","79,245208","0,057049",72,"197,819982","1,100628"
743,"0,006029","0,065952","82,089159","0,07472",71,"228,790086","1,156185"
744,"0,006046","0,063173","80,581147","0,081064",72,"230,863821","1,119183"
745,"0,009556","0,060509","95,912223","0,049526",73,"215,50327","1,313866"
746,"0,007012","0,087296","66,385327","0,063418",74,"224,110935","0,897099"
747,"0,006441","0,071663","69,086135","0,064676",74,"211,865902","0,933596"
748,"0,010184","0,075851","78,115454","0,023728",76,"187,878904","1,027835"
749,"0,015189","0,072515","59,175492","0,094599",74,"241,478403","0,799669"
750,"0,006889","0,07049","90,991943","0,062781",72,"231,152507","1,263777"
751,"0,009095","0,081668","71,684475","0,075241",73,"237,689188","0,981979"
752,"0,006652","0,097966","80,888234","0,05216",74,"237,666787","1,093084"
753,"0,010609","0,053559","67,024464","0,051543",74,"182,735668","0,905736"
754,"0,014222","0,07812","68,842252","0,045272",74,"206,456065","0,930301"
755,"0,007585","0,098783","61,440438","0,051603",73,"219,411819","0,84165"
756,"0,007905","0,073318","72,918681","0,052196",76,"206,338648","0,959456"
757,"0,008838","0,046971","77,216273","0,066209",75,"199,234162","1,02955"
758,"0,015407","0,054602","76,468428","0,054507",76,"200,98449","1,006164"
759,"0,005382","0,062325","75,628288","0,064562",76,"207,897253","0,995109"
760,"0,007319","0,042837","84,815055","0,031933",77,"166,904149","1,101494"
761,"0,007564","0,093073","67,78447","0,042989",78,"211,411095","0,869032"
762,"0,005933","0,079344","64,30423","0,095293",76,"244,87406","0,846108"
763,"0,012979","0,058717","99,631033","0,082606",75,"253,933011","1,328414"
764,"0,008603","0,062528","81,381666","0,047799",76,"200,311207","1,070811"
765,"0,015149","0,0559","73,490133","0,074887",76,"219,426059","0,966975"
766,"0,017739","0,048106","81,348737","0,088928",76,"236,12114","1,070378"
767,"0,007802","0,064376","90,182621","0,041053",76,"203,413251","1,186613"
768,"0,012748","0,065519","68,042658","0,039063",76,"185,371319","0,895298"
769,"0,005727","0,075058","61,906189","0,048286",77,"190,976946","0,803976"
770,"0,007736","0,060842","65,033867","0,048467",77,"182,078928","0,844596"
771,"0,005481","0,076099","64,557587","0,044676",76,"190,813704","0,849442"
772,"0,005613","0,064485","72,317561","0,07521",77,"217,625261","0,939189"
773,"0,007072","0,051251","80,360462","0,063111",78,"201,794256","1,030262"
774,"0,007182","0,086501","76,931233","0,056833",77,"227,446876","0,999107"
775,"0,007266","0,082681","72,157745","0,081801",75,"243,906105","0,962103"
776,"0,008751","0,06477","81,359616","0,055028",77,"209,908297","1,056618"
777,"0,006005","0,079828","75,830794","0,052752",77,"214,415372","0,984816"
778,"0,00851","0,076261","70,940243","0,084396",77,"240,107161","0,921302"
779,"0,008725","0,062291","77,85576","0,028771",76,"177,643057","1,024418"
780,"0,008222","0,042966","58,90671","0,049102",76,"159,19656","0,775088"
781,"0,005448","0,048479","73,84535","0,066815",75,"194,587717","0,984605"
782,"0,005851","0,04454","74,574539","0,05765",74,"182,616267","1,007764"
783,"0,007392","0,055405","64,660984","0,030369",74,"157,827402","0,873797"
784,"0,006582","0,069453","64,140829","0,046593",75,"186,768218","0,855211"
785,"0,007913","0,068512","67,505639","0,038435",74,"182,365982","0,912238"
786,"0,005801","0,059737","60,780371","0,038517",75,"164,834857","0,810405"
787,"0,010478","0,082629","61,808456","0,04735",74,"202,266375","0,835249"
788,"0,005451","0,060394","73,024892","0,052379",75,"191,249467","0,973665"
789,"0,007769","0,056067","69,180283","0,058159",76,"191,176025","0,910267"
790,"0,005637","0,079133","68,871691","0,058752",76,"212,394052","0,906206"
791,"0,005803","0,042928","73,785346","0,047343",75,"169,858471","0,983805"
792,"0,006162","0,059628","65,353625","0,042095",75,"173,238672","0,871382"
793,"0,013004","0,072925","59,176515","0,049014",74,"194,119405","0,799683"
794,"0,005798","0,087043","65,650761","0,042869",74,"201,361753","0,887172"
795,"0,011688","0,052862","61,803367","0,044444",74,"170,796566","0,835181"
796,"0,012008","0,048207","63,283346","0,042569",73,"166,067113","0,866895"
797,"0,008502","0,050946","57,295524","0,042498",71,"159,242064","0,806979"
798,"0,006632","0,047135","67,30918","0,055222",72,"176,298025","0,93485"
799,"0,013986","0,051536","76,863741","0,069014",74,"211,399538","1,038699"
800,"0,007269","0,057246","88,043472","0,050515",72,"203,072815","1,222826"
801,"0,013028","0,066673","78,304485","0,039096",73,"197,101409","1,072664"
802,"0,00811","0,071415","72,236692","0,051144",73,"202,905382","0,989544"
803,"0,006297","0,058093","74,308603","0,073872",75,"212,571723","0,990781"
804,"0,009418","0,045669","82,136901","0,067259",74,"204,484051","1,109958"
805,"0,006458","0,057689","80,437744","0,035099",74,"179,683828","1,086997"
806,"0,007802","0,051884","68,931213","0,065439",75,"194,05556","0,919083"
807,"0,005902","0,049869","77,168171","0,04683",76,"179,768919","1,015371"
808,"0,00599","0,046969","67,538983","0,041011",77,"161,509728","0,87713"
809,"0,005556","0,055642","68,379762","0,031284",76,"160,861729","0,899734"
810,"0,006537","0,0619","68,672544","0,036596",77,"173,705287","0,891851"
811,"0,012757","0,076995","64,76614","0,037716",79,"192,233612","0,819825"
812,"0,01093","0,062586","64,360231","0,048194",79,"186,070708","0,814686"
813,"0,010498","0,062538","69,610159","0,041093",78,"183,739551","0,892438"
814,"0,005927","0,063611","65,755821","0,0323",76,"167,594289","0,865208"
815,"0,00565","0,084461","58,002982","0,043879",76,"191,992764","0,763197"
816,"0,010495","0,069862","69,267645","0,079493",76,"229,118378","0,911416"
817,"0,005647","0,066386","78,012917","0,101522",76,"251,568435","1,026486"
818,"0,006802","0,100147","91,820556","0,078554",76,"277,324163","1,208165"
819,"0,006372","0,05715","99,465229","0,054069",76,"217,056203","1,308753"
820,"0,005671","0,054485","89,934797","0,040281",76,"190,372204","1,183353"
821,"0,009645","0,06164","71,015413","0,039313",76,"181,612947","0,934413"
822,"0,007396","0,050536","85,732794","0,070192",74,"213,857259","1,158551"
823,"0,005772","0,044917","87,866853","0,06381",74,"202,366406","1,18739"
824,"0,006663","0,053117","82,040128","0,073888",74,"215,707686","1,10865"
825,"0,011781","0,04923","85,84976","0,059441",73,"206,301742","1,176024"
826,"0,01577","0,068761","86,404092","0,048154",73,"219,08888","1,183618"
827,"0,01728","0,047854","70,488474","0,044225",73,"179,847352","0,965596"
828,"0,007187","0,084236","66,43515","0,034736",73,"192,594363","0,910071"
829,"0,008833","0,116786","66,493714","0,101613",74,"293,725818","0,898564"
830,"0,007069","0,079415","87,023066","0,071084",72,"244,591026","1,208654"
831,"0,007323","0,068217","111,528011","0,063122",73,"250,189131","1,527781"
832,"0,007516","0,064956","73,960265","0,017792",73,"164,225159","1,013154"
833,"0,005456","0,084198","72,212817","0,025216",72,"187,082022","1,002956"
834,"0,007689","0,086367","68,301356","0,037008",72,"199,364687","0,94863"
835,"0,009966","0,084722","52,69766","0,08708",74,"234,465718","0,712131"
836,"0,009016","0,095964","108,049819","0,025883",74,"238,913458","1,460133"
837,"0,006524","0,069061","76,147319","0,039416",75,"191,148433","1,015298"
838,"0,007033","0,071623","68,270603","0,100076",75,"247,003242","0,910275"
839,"0,009569","0,055077","118,535691","0,028566",75,"211,747388","1,580476"
840,"0,009329","0,061568","81,219605","0,064373",77,"216,488971","1,0548"
841,"0,010577","0,143238","91,456856","0,053588",76,"298,859097","1,20338"
842,"0,009589","0,059877","93,445052","0,069167",76,"232,076794","1,22954"
843,"0,005554","0,089498","83,984513","0,112458",75,"291,4946","1,119794"
844,"0,006224","0,051031","81,727022","0,072438",77,"211,419498","1,06139"
845,"0,014067","0,055486","103,444307","0,02603",78,"199,0279","1,326209"
846,"0,014019","0,10324","94,911334","0,112132",78,"324,302298","1,216812"
847,"0,006732","0,062135","97,521097","0,056559",79,"222,946735","1,234444"
848,"0,007891","0,05141","78,139066","0,057324",79,"194,763173","0,989102"
849,"0,007783","0,111832","75,517687","0,066033",79,"261,164754","0,95592"
850,"0,010672","0,077256","89,609019","0,106064",78,"283,601815","1,148834"
851,"0,008352","0,075443","98,313936","0,091245",77,"273,353875","1,276804"
852,"0,013418","0,069997","92,411431","0,037504",77,"213,331113","1,200148"
853,"0,007084","0,071249","76,584652","0,053306",77,"208,224009","0,994606"
854,"0,008714","0,127475","76,871386","0,082058",76,"295,118331","1,011466"
855,"0,005517","0,079046","87,511024","0,063163",76,"235,236663","1,151461"
856,"0,005737","0,111851","90,15647","0,101313",78,"309,056663","1,155852"
857,"0,005388","0,041757","107,012101","0,071997",78,"226,154253","1,37195"
858,"0,005475","0,125362","85,565839","0,066992",80,"283,395598","1,069573"
859,"0,005455","0,072353","89,348557","0,038769",80,"205,926165","1,116857"
860,"0,005374","0,081478","86,072072","0,051891",79,"224,815689","1,08952"
861,"0,005729","0,062387","86,59949","0,089958",79,"244,672847","1,096196"
862,"0,006512","0,115863","101,152797","0,047459",80,"270,98633","1,26441"
863,"0,005882","0,088383","73,42862","0,063248",80,"230,941789","0,917858"
864,"0,005714","0,043675","79,480605","0,0428",80,"171,670232","0,993508"
865,"0,00666","0,060659","71,406566","0,054975",79,"193,700395","0,903881"
866,"0,008103","0,108559","74,416638","0,060389",79,"251,467524","0,941983"
867,"0,008873","0,04625","63,571292","0,049894",79,"168,588797","0,8047"
868,"0,010496","0,099789","63,713027","0,045692",80,"219,690246","0,796413"
869,"0,006535","0,072106","60,903094","0,044833",80,"184,376311","0,761289"
870,"0,014268","0,073105","55,607531","0,037687",81,"180,667131","0,686513"
871,"0,010278","0,083043","59,519504","0,052914",81,"205,754666","0,734809"
872,"0,010433","0,070677","60,65921","0,050215",80,"191,983958","0,75824"
873,"0,00905","0,116067","60,66001","0,073756",80,"259,532856","0,75825"
874,"0,009927","0,056146","81,491298","0,069388",80,"216,952189","1,018641"
875,"0,006687","0,067384","76,847448","0,041382",80,"192,300293","0,960593"
876,"0,00582","0,060235","62,392641","0,057598",78,"186,045291","0,799906"
877,"0,009071","0,065469","76,757714","0,037594",80,"188,891225","0,959471"
878,"0,007386","0,050892","65,0954","0,030588",80,"153,961787","0,813692"
879,"0,013112","0,055241","64,955425","0,0507",80,"184,007842","0,811943"
880,"0,011013","0,044305","68,384718","0,04673",80,"170,432663","0,854809"
881,"0,009862","0,037223","62,434594","0,069517",79,"179,035975","0,790311"
882,"0,013447","0,046989","79,406679","0,053015",79,"192,857119","1,005148"
883,"0,013783","0,042624","64,972834","0,067944",80,"189,323726","0,81216"
884,"0,00826","0,045393","77,74698","0,046669",80,"178,068887","0,971837"
885,"0,006806","0,097665","78,423558","0,046877",80,"229,771808","0,980294"
886,"0,012734","0,060954","65,835406","0,082465",80,"221,989303","0,822943"
887,"0,006675","0,052413","75,405582","0,080289",80,"214,781933","0,94257"
888,"0,010205","0,064112","94,450988","0,022232",80,"191,000897","1,180637"
889,"0,011872","0,05658","69,903066","0,076768",78,"215,123421","0,896193"
890,"0,008929","0,054726","73,132795","0,068129",78,"204,917691","0,9376"
891,"0,009353","0,058867","83,568488","0,055672",76,"207,460891","1,099585"
892,"0,005834","0,050642","84,493751","0,066047",76,"207,016934","1,11176"
893,"0,00556","0,076261","79,140681","0,08171",78,"242,670916","1,014624"
894,"0,008856","0,05462","88,969336","0,046208",79,"198,652768","1,126194"
895,"0,00663","0,078768","58,815372","0,033733",79,"177,946897","0,744498"
896,"0,01165","0,073494","52,396617","0,037591",78,"175,131618","0,671752"
897,"0,005818","0,055696","56,71069","0,038086",79,"156,310449","0,717857"
898,"0,005412","0,085597","52,387368","0,044527",78,"187,923781","0,671633"
899,"0,014342","0,081148","61,058909","0,037195",78,"193,744298","0,782807"
900,"0,007729","0,066768","53,476672","0,042064",79,"170,038403","0,67692"
901,"0,006487","0,092168","55,205623","0,042606",80,"196,467059","0,69007"
902,"0,008504","0,073541","59,267043","0,036856",80,"178,168124","0,740838"
903,"0,009966","0,056044","54,270504","0,038562",80,"158,842383","0,678381"
904,"0,008213","0,080852","52,884354","0,035086",78,"177,03581","0,678005"
905,"0,011584","0,083981","52,74265","0,03688",79,"185,187226","0,667628"
906,"0,007927","0,048663","51,184588","0,046872",79,"154,646621","0,647906"
907,"0,008337","0,039725","52,859392","0,038751",78,"139,672202","0,677685"
908,"0,006516","0,041524","51,430649","0,038652",78,"138,123038","0,659367"
909,"0,006797","0,039164","54,281287","0,035551",76,"135,793992","0,714227"
910,"0,006002","0,048583","53,73982","0,039916",76,"148,24105","0,707103"
911,"0,007791","0,03746","68,502674","0,044921",77,"158,675143","0,889645"
912,"0,006767","0,039879","66,700119","0,058266",77,"171,612686","0,866235"
913,"0,009098","0,043732","70,947149","0,071563",77,"195,340569","0,921392"
914,"0,008123","0,04021","84,112994","0,056782",77,"189,228676","1,092377"
915,"0,008102","0,038755","74,139246","0,058281",76,"179,277906","0,975516"
916,"0,014875","0,038683","73,719928","0,062955",76,"190,233302","0,969999"
917,"0,010234","0,036206","78,188537","0,042824",76,"167,452542","1,028797"
918,"0,00533","0,040572","63,826503","0,048486",77,"158,214414","0,828916"
919,"0,012392","0,034734","59,436139","0,035511",78,"142,073699","0,762002"
920,"0,012155","0,037309","53,150286","0,03961",75,"142,223304","0,70867"
921,"0,005698","0,041689","56,054465","0,034253",77,"137,69476","0,72798"
922,"0,009852","0,059115","53,385434","0,038983",77,"161,335946","0,693317"
923,"0,007804","0,054241","53,397947","0,031858",77,"147,301256","0,69348"
924,"0,006555","0,082259","49,763204","0,040617",76,"179,194156","0,654779"
925,"0,009247","0,074675","56,574362","0,037603",75,"178,10018","0,754325"
926,"0,007143","0,085778","57,183129","0,038068",74,"188,172015","0,772745"
927,"0,008357","0,075415","50,822137","0,036617",75,"171,211289","0,677628"
928,"0,007448","0,057347","52,194718","0,035613",75,"152,601844","0,69593"
929,"0,008571","0,064827","52,656694","0,03564",75,"161,694877","0,702089"
930,"0,008631","0,045424","51,856141","0,037257",75,"143,167865","0,691415"
931,"0,009722","0,037942","52,616596","0,046818",74,"147,098272","0,711035"
932,"0,008794","0,042788","56,458868","0,034566",77,"142,606684","0,733232"
933,"0,00855","0,037949","52,517135","0,034751",78,"133,767522","0,673297"
934,"0,008082","0,037435","51,710886","0,03056",78,"127,788531","0,66296"
935,"0,007776","0,036248","55,371005","0,033854",76,"133,249382","0,728566"
936,"0,008092","0,047439","50,617743","0,037638",75,"143,786999","0,674903"
937,"0,007173","0,046573","55,420512","0,048012",73,"157,178199","0,759185"
938,"0,007568","0,038524","78,62139","0,060256",75,"184,969101","1,048285"
939,"0,010335","0,037448","74,875473","0,041845",73,"164,503848","1,025691"
940,"0,008413","0,039159","61,872932","0,03114",75,"140,58447","0,824972"
941,"0,009569","0,040694","55,464738","0,044091",75,"149,818342","0,73953"
942,"0,006363","0,04193","61,844354","0,085619",75,"195,75588","0,824591"
943,"0,009401","0,045261","105,400047","0,101077",76,"261,13859","1,386843"
944,"0,005792","0,040121","113,75541","0,058464",76,"218,131949","1,496782"
945,"0,00941","0,03841","84,132194","0,057281",73,"189,232545","1,152496"
946,"0,01064","0,042356","72,967665","0,046101",74,"172,064516","0,98605"
947,"0,008629","0,037339","62,939321","0,050159",77,"159,06655","0,817394"
948,"0,009788","0,041217","63,786596","0,061746",73,"176,537508","0,873789"
949,"0,009603","0,069805","67,33327","0,050762",72,"197,503104","0,935184"
950,"0,0086","0,058544","63,528055","0,042773",74,"173,444616","0,858487"
951,"0,007626","0,043666","57,405667","0,036453",74,"145,15017","0,775752"
952,"0,007934","0,041373","56,298156","0,039574",75,"145,178364","0,750642"
953,"0,007615","0,045095","51,986547","0,040957",73,"145,653748","0,712144"
954,"0,009087","0,11778","59,584304","0,042232",73,"228,683516","0,816223"
955,"0,008761","0,113277","62,317786","0,045416",73,"229,770997","0,853668"
956,"0,005506","0,075062","65,426646","0,038183",74,"184,178148","0,884144"
957,"0,005464","0,071472","62,218452","0,038983",76,"178,137746","0,818664"
958,"0,009882","0,048673","55,435968","0,034393",78,"148,383484","0,710718"
959,"0,005438","0,04635","58,803785","0,037915",77,"148,506883","0,763686"
960,"0,00834","0,069082","56,055551","0,035785",79,"169,263477","0,709564"
961,"0,006308","0,050592","53,635558","0,034212",78,"144,746886","0,687635"
962,"0,009934","0,048092","58,122247","0,037056",77,"153,203535","0,754834"
963,"0,005776","0,041785","53,488638","0,042083",79,"143,133525","0,677071"
964,"0,010348","0,034007","58,532699","0,034444",77,"137,332177","0,760165"
965,"0,005433","0,041881","55,760688","0,042069",80,"145,142712","0,697009"
966,"0,012428","0,046113","70,381871","0,057245",78,"186,167367","0,902332"
967,"0,007445","0,047037","72,232268","0,05009",81,"176,80456","0,891756"
968,"0,006837","0,043254","68,744924","0,044888",83,"163,723711","0,828252"
969,"0,007278","0,03707","68,53061","0,043372",83,"156,250695","0,82567"
970,"0,008123","0,042141","68,684121","0,049478",81,"168,425385","0,847952"
971,"0,006179","0,039321","64,159733","0,036853",84,"146,513116","0,763806"
972,"0,00875","0,037281","63,46597","0,036042",83,"145,538571","0,76465"
973,"0,007809","0,04214","56,825605","0,041039",83,"147,81379","0,684646"
974,"0,006117","0,036213","61,040121","0,039313",83,"142,682782","0,735423"
975,"0,009188","0,040608","64,543977","0,053281",82,"167,620642","0,787122"
976,"0,005896","0,036626","67,47206","0,080865",82,"190,859568","0,82283"
977,"0,012548","0,055408","92,430977","0,046793",82,"207,179268","1,127207"
978,"0,011725","0,054004","69,909494","0,051258",79,"186,89636","0,88493"
979,"0,007418","0,047283","70,50866","0,055174",81,"180,384096","0,870477"
980,"0,009924","0,046058","68,816287","0,070836",82,"195,63408","0,839223"
981,"0,012578","0,054628","75,137277","0,025941",82,"168,284482","0,916308"
982,"0,005479","0,048418","65,616894","0,061388",84,"180,901979","0,781153"
983,"0,009946","0,046388","74,627715","0,045174",85,"176,136492","0,877973"
984,"0,00637","0,040235","64,835224","0,040328",82,"151,768741","0,790673"
985,"0,010573","0,040609","59,919776","0,044097",83,"155,198447","0,721925"
986,"0,006345","0,046734","60,202831","0,03911",83,"152,391685","0,725335"
987,"0,006171","0,051335","56,479283","0,051491",83,"165,476628","0,680473"
988,"0,00558","0,076614","62,218164","0,046645",81,"191,057209","0,768125"
989,"0,005656","0,055226","58,535066","0,049668",82,"169,085449","0,713842"
990,"0,008334","0,067378","67,59373","0,039884",81,"183,189518","0,83449"
991,"0,011594","0,059442","58,346769","0,040762",81,"170,145087","0,72033"
992,"0,005539","0,066059","55,459392","0,05408",80,"181,137254","0,693242"
993,"0,009917","0,050444","64,913883","0,03707",82,"162,345431","0,791633"
994,"0,005513","0,057463","56,829252","0,039604",82,"159,408835","0,69304"
995,"0,00634","0,049344","57,266746","0,036773",82,"149,723484","0,698375"
996,"0,010099","0,0436","54,78531","0,043922",84,"152,406819","0,652206"
997,"0,005425","0,043138","58,522745","0,036249",84,"143,335067","0,696699"
998,"0,008732","0,039284","53,20315","0,036082",80,"137,301515","0,665039"
999,"0,011809","0,05087","58,032354","0,037574",83,"158,285036","0,699185"
1000,"0,013531","0,04165","66,686004","0,06266",83,"184,527375","0,803446"
1001,"0,011332","0,049081","77,592119","0,059215",80,"197,219916","0,969901"
1002,"0,00693","0,041944","85,342396","0,05238",82,"186,597463","1,040761"
1003,"0,010888","0,038978","80,493384","0,083242",82,"213,602178","0,981627"
1004,"0,005505","0,053495","78,587849","0,060301",81,"197,888909","0,97022"
1005,"0,013614","0,041088","76,345879","0,043735",79,"174,783269","0,966404"
1006,"0,011065","0,041906","62,358234","0,036173",78,"151,502389","0,799465"
1007,"0,005938","0,035412","54,150269","0,037711",79,"133,211038","0,685446"
1008,"0,005539","0,044027","55,625928","0,032777",79,"137,96907","0,704126"
1009,"0,010448","0,033538","56,943242","0,037983",77,"138,912892","0,739523"
1010,"0,010394","0,037133","60,80686","0,036743",77,"145,076659","0,789699"
1011,"0,008625","0,054445","55,951704","0,040399",76,"159,421122","0,736207"
1012,"0,005506","0,060667","58,016768","0,035318",78,"159,507719","0,743805"
1013,"0,00857","0,080775","52,798554","0,038051",78,"180,194549","0,676905"
1014,"0,005837","0,066674","57,424802","0,033241",77,"163,175837","0,745777"
1015,"0,010494","0,082251","51,166152","0,038985",81,"182,89622","0,631681"
1016,"0,010374","0,069546","54,481999","0,03433",77,"168,731286","0,707558"
1017,"0,009926","0,045344","52,903615","0,038504",76,"146,677665","0,6961"
1018,"0,007233","0,035879","55,59927","0,048342",77,"147,052853","0,722068"
1019,"0,007295","0,037003","57,100114","0,052982",75,"154,38026","0,761335"
1020,"0,00949","0,043177","60,023908","0,034653",75,"147,342882","0,800319"
1021,"0,008875","0,043612","55,983226","0,033964",77,"142,433516","0,727055"
1022,"0,006418","0,041868","56,109888","0,039929",77,"144,325131","0,7287"
1023,"0,015007","0,041925","59,124727","0,034287",77,"150,34396","0,767854"
1024,"0,007314","0,03625","52,79689","0,034273",77,"130,633117","0,685674"
1025,"0,006633","0,043659","53,998806","0,038144",78,"142,434829","0,692292"
1026,"0,005448","0,033352","56,048988","0,040364",80,"135,213089","0,700612"
1027,"0,008709","0,036979","56,570775","0,043708",77,"145,966302","0,734685"
1028,"0,011173","0,037404","65,547546","0,040584",80,"154,709397","0,819344"
1029,"0,006298","0,038957","64,913146","0,049362",79,"159,529862","0,821685"
1030,"0,00986","0,040252","66,441222","0,068517",80,"185,069639","0,830515"
1031,"0,00539","0,046623","85,554278","0,027094",81,"164,661001","1,056226"
1032,"0,009746","0,036559","70,530515","0,06562",81,"182,455908","0,870747"
1033,"0,009763","0,041447","90,035013","0,048235",79,"189,479171","1,139684"
1034,"0,009848","0,047314","71,316858","0,076274",81,"204,752897","0,880455"
1035,"0,006298","0,034165","85,41715","0,057946",76,"183,826216","1,12391"
1036,"0,009595","0,036935","84,067866","0,060823",76,"191,421188","1,106156"
1037,"0,008529","0,036056","77,556243","0,046952",76,"169,093381","1,020477"
1038,"0,008663","0,038125","69,988824","0,038936",75,"155,712998","0,933184"
1039,"0,006079","0,052547","62,353177","0,038868",75,"159,847189","0,831376"
1040,"0,009948","0,045985","64,145939","0,047221",75,"167,30049","0,855279"
1041,"0,008842","0,048768","70,55586","0,044489",76,"172,654519","0,928367"
1042,"0,007376","0,084473","62,264308","0,041552",76,"195,66537","0,819267"
1043,"0,009226","0,0585","74,02989","0,039824",77,"181,579991","0,961427"
1044,"0,005802","0,086063","67,666979","0,04938",79,"208,911794","0,856544"
1045,"0,007069","0,055148","78,715053","0,057084",81,"198,01579","0,971791"
1046,"0,006967","0,080704","78,207219","0,046296",77,"212,175252","1,015678"
1047,"0,009624","0,070064","76,217231","0,055975",77,"211,879908","0,989834"
1048,"0,009804","0,06269","66,302046","0,036648",77,"175,443682","0,861066"
1049,"0,008759","0,050159","64,15013","0,080863",78,"203,932118","0,822438"
1050,"0,007508","0,04884","82,652114","0,063524",77,"202,523728","1,073404"
1051,"0,007494","0,040717","77,040153","0,044552",78,"169,803622","0,987694"
1052,"0,007797","0,061627","65,775267","0,037636",75,"172,834431","0,877004"
1053,"0,010855","0,045785","54,849151","0,05496",77,"166,448414","0,712327"
1054,"0,005514","0,053907","63,500434","0,041484",75,"164,405336","0,846672"
1055,"0,00956","0,058712","53,494396","0,038055",74,"159,821587","0,722897"
1056,"0,007944","0,067064","56,047195","0,036355",73,"167,410319","0,76777"
1057,"0,006288","0,066107","54,851935","0,035549",73,"162,795046","0,751396"
1058,"0,015194","0,058356","53,742888","0,034703",72,"161,995613","0,746429"
1059,"0,011103","0,053044","58,32587","0,038222",73,"160,695133","0,798985"
1060,"0,008296","0,054747","56,075965","0,032106",78,"151,224706","0,718923"
1061,"0,00686","0,074856","55,893972","0,039443",78,"177,053939","0,716589"
1062,"0,008168","0,067925","55,133326","0,038749",77,"169,976335","0,716017"
1063,"0,007625","0,052897","60,564414","0,044009",76,"165,094938","0,7969"
1064,"0,007742","0,03999","67,033762","0,047528",81,"162,293803","0,827577"
1065,"0,00634","0,053257","65,981454","0,070329",87,"195,907363","0,758408"
1066,"0,006601","0,035511","78,847218","0,0545",88,"175,459137","0,895991"
1067,"0,007744","0,043815","75,562381","0,051921",87,"179,042195","0,868533"
1068,"0,006341","0,040141","67,910542","0,054354",88,"168,746447","0,771711"
1069,"0,011256","0,038538","73,467716","0,053118",86,"176,37995","0,854276"
1070,"0,007901","0,041116","66,990624","0,045073",85,"161,079887","0,788125"
1071,"0,006799","0,036775","64,592487","0,073575",85,"181,742043","0,759912"
1072,"0,009503","0,040689","75,092086","0,056144",87,"181,428203","0,863127"
1073,"0,006982","0,034947","71,310744","0,047842",84,"161,081167","0,848937"
1074,"0,008462","0,04576","60,973682","0,037853",83,"153,048796","0,734623"
1075,"0,005387","0,048987","56,486321","0,043015",84,"153,875877","0,672456"
1076,"0,00909","0,043359","59,576044","0,038784",85,"150,809229","0,700895"
1077,"0,0076","0,063419","57,776754","0,048174",85,"176,969323","0,679727"
1078,"0,005641","0,058526","60,949808","0,047887",86,"173,003587","0,708719"
1079,"0,005617","0,042525","62,983286","0,068396",88,"179,521226","0,715719"
1080,"0,006198","0,057215","77,455724","0,060713",86,"201,5807","0,900648"
1081,"0,010706","0,046179","83,273072","0,044775",86,"184,933178","0,968292"
1082,"0,010819","0,044495","75,302688","0,039405",84,"170,021199","0,896461"
1083,"0,005816","0,062448","71,547779","0,063183",84,"202,994755","0,851759"
1084,"0,008054","0,04886","80,625547","0,044758",86,"182,297111","0,937506"
1085,"0,005892","0,037278","73,486149","0,067387",88,"184,043052","0,83507"
1086,"0,005608","0,035776","77,706904","0,046368",85,"165,459177","0,914199"
1087,"0,010888","0,034961","61,599121","0,041697",84,"149,144664","0,733323"
1088,"0,01087","0,037414","59,992896","0,041035",87,"149,312416","0,689574"
1089,"0,00847","0,037971","59,54369","0,043253",86,"149,237275","0,692368"
1090,"0,01163","0,047476","59,742836","0,046198",85,"165,045811","0,702857"
1091,"0,010546","0,061857","62,734378","0,060084",83,"195,220925","0,755836"
1092,"0,008128","0,068304","81,283148","0,04254",84,"200,255096","0,967657"
1093,"0,005585","0,060792","71,339929","0,061676",84,"199,393549","0,849285"
1094,"0,010272","0,052506","81,419729","0,076042",85,"220,239297","0,957879"
1095,"0,005756","0,066153","83,273966","0,066757",81,"221,938998","1,028074"
1096,"0,00744","0,054745","81,153125","0,044185",84,"187,522938","0,966109"
1097,"0,010318","0,064212","60,695779","0,036211",85,"171,43698","0,714068"
1098,"0,010136","0,042191","56,068667","0,046998",82,"155,393392","0,683764"
1099,"0,010872","0,041523","67,03008","0,04171",83,"161,135246","0,807591"
1100,"0,010124","0,039899","57,814194","0,0381",84,"145,937493","0,688264"
1101,"0,009158","0,04121","55,787244","0,037712",83,"143,86734","0,672135"
1102,"0,009037","0,041132","56,742845","0,042401",80,"149,312638","0,709286"
1103,"0,007865","0,065789","66,776915","0,044848",82,"185,278537","0,814353"
1104,"0,005392","0,054818","66,859352","0,037559",83,"164,628701","0,805534"
1105,"0,006066","0,065195","67,987793","0,042547",82,"181,795802","0,829119"
1106,"0,012183","0,07006","62,676038","0,026417",84,"171,336141","0,746143"
1107,"0,00566","0,079486","67,907788","0,039347",84,"192,400654","0,808426"
1108,"0,005968","0,039807","74,500342","0,040779",79,"161,054984","0,943042"
1109,"0,009955","0,038504","60,642719","0,037704",82,"146,806047","0,739545"
1110,"0,005442","0,045842","60,320816","0,042442",81,"154,046154","0,744701"
1111,"0,011337","0,036885","66,63294","0,074343",82,"189,197387","0,812597"
1112,"0,005899","0,03643","81,466964","0,040561",84,"164,357134","0,969845"
1113,"0,010982","0,03877","58,541399","0,04492",83,"153,213697","0,705318"
1114,"0,015524","0,049194","57,635241","0,03961",83,"161,96223","0,6944"
1115,"0,005678","0,05639","55,482589","0,039222",84,"156,771795","0,660507"
1116,"0,016684","0,056645","55,718121","0,034223",83,"163,270648","0,671303"
1117,"0,009346","0,056338","55,559617","0,037817",83,"159,060005","0,669393"
1118,"0,010811","0,056874","54,06271","0,036269",83,"158,016752","0,651358"
1119,"0,013638","0,069396","55,454204","0,036659",83,"175,14718","0,668123"
1120,"0,010801","0,04179","57,918423","0,036313",81,"146,823327","0,715042"
1121,"0,005363","0,040663","54,207454","0,038101",81,"138,334295","0,669228"
1122,"0,005959","0,051149","53,520347","0,050546",81,"161,173838","0,660745"
1123,"0,008532","0,077918","61,126232","0,035329",82,"182,904529","0,745442"
1124,"0,005389","0,040075","56,700825","0,038571",83,"140,735725","0,683142"
1125,"0,010267","0,042275","57,245909","0,039456",85,"149,243736","0,673481"
1126,"0,007003","0,035013","57,693708","0,054132",82,"153,841727","0,703582"
1127,"0,00684","0,037847","69,527292","0,052947",81,"167,160505","0,858362"
1128,"0,008315","0,03844","67,164134","0,05053",83,"164,449651","0,809206"
1129,"0,005539","0,035737","62,199789","0,053127",83,"156,602343","0,749395"
1130,"0,006857","0,036808","63,689016","0,031151",80,"138,505405","0,796113"
1131,"0,008595","0,042574","65,398925","0,054437",79,"171,00393","0,827834"
1132,"0,009017","0,038582","66,894809","0,050623",79,"165,117492","0,84677"
1133,"0,005317","0,035795","72,141279","0,073168",79,"186,421824","0,913181"
1134,"0,010856","0,048606","79,475407","0,038795",78,"177,731979","1,018915"
1135,"0,007233","0,038997","56,914629","0,042781",78,"145,925042","0,729675"
1136,"0,007559","0,04015","57,596806","0,03462",78,"139,926724","0,738421"
1137,"0,009688","0,037985","51,412497","0,040528",77,"139,613109","0,667695"
1138,"0,005586","0,062764","52,5114","0,034688",77,"155,549715","0,681966"
1139,"0,007454","0,055981","51,438449","0,062303",76,"177,176493","0,676822"
1140,"0,009453","0,050618","66,075919","0,04286",75,"169,006421","0,881012"
1141,"0,011259","0,050195","71,820783","0,035768",75,"169,043127","0,95761"
1142,"0,005999","0,047152","62,257424","0,049967",77,"165,375327","0,808538"
1143,"0,011555","0,056472","64,592612","0,036553",77,"169,173566","0,838865"
1144,"0,009463","0,073999","58,956074","0,072458",77,"214,87643","0,765663"
1145,"0,008541","0,065989","77,930081","0,057774",75,"210,233543","1,039068"
1146,"0,00725","0,042363","83,515673","0,02617",74,"159,297903","1,12859"
1147,"0,005505","0,041802","71,064009","0,067881",75,"186,251445","0,94752"
1148,"0,009589","0,036432","80,822033","0,040254",76,"167,097525","1,063448"
1149,"0,010951","0,038168","63,644821","0,037239",74,"150,002364","0,860065"
1150,"0,008351","0,035172","61,587437","0,033735",73,"138,846028","0,843664"
1151,"0,007439","0,053139","56,406314","0,035108",73,"152,092356","0,772689"
1152,"0,00637","0,061801","55,498845","0,032126",73,"155,795775","0,760258"
1153,"0,005498","0,051056","60,43138","0,05114",73,"168,125128","0,827827"
1154,"0,005918","0,053863","60,967918","0,033959",71,"154,708326","0,858703"
1155,"0,005528","0,055798","50,595239","0,033335",71,"145,255661","0,712609"
1156,"0,007707","0,076845","50,120687","0,031605",71,"166,276843","0,705925"
1157,"0,00889","0,072137","48,109482","0,039596",71,"168,73223","0,677598"
1158,"0,009779","0,070561","53,613214","0,044016",70,"177,969301","0,765903"
1159,"0,01085","0,078346","61,299807","0,032873",71,"183,368131","0,863378"
1160,"0,006012","0,053737","40,015796","0,037415",74,"137,1798","0,540754"
1161,"0,010186","0,049606","43,662987","0,03832",74,"141,775037","0,59004"
1162,"0,006924","0,045456","44,506421","0,038543",74,"135,429312","0,601438"
1163,"0,005392","0,04199","45,586444","0,033276",74,"126,244437","0,616033"
1164,"0,005352","0,049094","40,424073","0,03442",72,"129,290127","0,561445"
1165,"0,009879","0,052551","43,038348","0,043654",72,"149,122095","0,597755"
1166,"0,005458","0,038715","43,926393","0,033308",72,"121,40749","0,610089"
1167,"0,007882","0,036765","37,32795","0,035514",71,"117,489278","0,525746"
1168,"0,013811","0,035563","42,308808","0,033361",71,"125,043897","0,595899"
1169,"0,006165","0,044064","37,592188","0,032584",71,"120,405327","0,529467"
1170,"0,011307","0,050327","39,565182","0,015622",70,"116,82102","0,565217"
