Frame,Captura,Procesamiento,Tracking(ms),Escritura,Cantidad Objetos,Tiempo Total(ms),Tiempo por Objeto tracking(ms)
0,"0,049220","6,783268","12,656242","0,018723",13,"6863,867527","0,973557"
1,"0,026607","0,024051","20,414111","0,009250",12,"80,320989","1,701176"
2,"0,007063","0,027861","14,656592","0,010385",11,"59,966272","1,332417"
3,"0,040248","0,024448","16,216314","0,009393",13,"90,304722","1,247409"
4,"0,007107","0,024383","21,813281","0,016604",11,"69,906581","1,983026"
5,"0,007013","0,027810","16,030865","0,008901",11,"59,755222","1,457351"
6,"0,006945","0,023967","13,454008","0,008492",11,"52,857906","1,223092"
7,"0,112140","0,021894","13,591134","0,007504",11,"155,129207","1,235558"
8,"0,006920","0,020812","15,296174","0,017263",10,"60,291374","1,529617"
9,"0,042503","0,022540","10,213599","0,010223",10,"85,479181","1,021360"
10,"0,006881","0,019978","13,476121","0,010824",11,"51,158563","1,225102"
11,"0,007112","0,020549","16,743410","0,007449",11,"51,853667","1,522128"
12,"0,013017","0,023578","12,402054","0,008116",10,"57,113753","1,240205"
13,"0,008297","0,020192","12,196477","0,007914",10,"48,599338","1,219648"
14,"0,008093","0,019991","13,899693","0,007664",10,"49,647996","1,389969"
15,"0,008713","0,021688","11,924880","0,009983",10,"52,308952","1,192488"
16,"0,007574","0,021169","11,346229","0,009695",12,"49,784834","0,945519"
17,"0,007708","0,019197","13,510683","0,014212",12,"54,627621","1,125890"
18,"0,005544","0,020013","12,135290","0,008709",12,"46,400772","1,011274"
19,"0,006243","0,020745","13,149418","0,016300",10,"56,438363","1,314942"
20,"0,005738","0,019872","16,247675","0,011264",10,"53,120415","1,624767"
21,"0,005661","0,023782","9,669638","0,008431",11,"47,543384","0,879058"
22,"0,005932","0,020785","13,820585","0,009400",11,"49,937577","1,256417"
23,"0,007563","0,021809","14,109878","0,008567",11,"52,048587","1,282716"
24,"0,006276","0,021981","14,291264","0,007571",11,"50,119507","1,299206"
25,"0,006250","0,022003","12,930399","0,007529",11,"48,712112","1,175491"
26,"0,005874","0,020519","16,554730","0,010381",11,"53,329737","1,504975"
27,"0,005741","0,025381","12,260384","0,007430",10,"50,812338","1,226038"
28,"0,005357","0,021119","9,238706","0,009152",10,"44,866587","0,923871"
29,"0,008199","0,017825","10,949602","0,008365",10,"45,338897","1,094960"
30,"0,005854","0,019341","12,122905","0,006544",10,"43,861259","1,212290"
31,"0,006550","0,023047","15,526042","0,008195",10,"53,317895","1,552604"
32,"0,010038","0,023360","17,257322","0,008067",11,"58,721669","1,568847"
33,"0,006150","0,023909","10,807644","0,007600",11,"48,466531","0,982513"
34,"0,009440","0,019948","11,562399","0,007965",11,"48,915096","1,051127"
35,"0,008774","0,019573","14,000145","0,008813",10,"51,160516","1,400014"
36,"0,005820","0,023426","13,946255","0,007186",11,"50,377726","1,267841"
37,"0,007005","0,022769","11,185261","0,008686",11,"49,645467","1,016842"
38,"0,006979","0,019099","11,190894","0,007936",9,"45,204812","1,243433"
39,"0,006520","0,019356","10,599377","0,007577",10,"44,053012","1,059938"
40,"0,006357","0,020675","10,920801","0,008906",11,"46,859226","0,992800"
41,"0,006973","0,020812","9,995606","0,007449",11,"45,229677","0,908691"
42,"0,006076","0,019112","11,190382","0,010097",10,"46,474857","1,119038"
43,"0,007917","0,020826","13,204332","0,010031",9,"51,977545","1,467148"
44,"0,005254","0,020443","10,502893","0,009285",9,"45,484471","1,166988"
45,"0,005953","0,018416","13,071174","0,008462",9,"45,902540","1,452353"
46,"0,005888","0,020351","10,795035","0,009236",10,"46,269501","1,079503"
47,"0,005959","0,019279","9,438172","0,008280",10,"42,955329","0,943817"
48,"0,006354","0,019584","11,055911","0,008172",11,"45,165544","1,005083"
49,"0,007450","0,018996","11,299826","0,008401",10,"46,145750","1,129983"
50,"0,009946","0,019740","10,365927","0,007384",10,"47,435252","1,036593"
51,"0,006191","0,018550","11,481467","0,006132",10,"42,354725","1,148147"
52,"0,005633","0,018264","11,273233","0,006448",11,"41,618307","1,024839"
53,"0,008226","0,019469","12,197821","0,006030",11,"45,923724","1,108893"
54,"0,006104","0,019810","10,221151","0,005962",11,"42,097110","0,929196"
55,"0,005834","0,019373","11,093129","0,006481",11,"42,781817","1,008466"
56,"0,006389","0,021491","11,434649","0,009332",11,"48,646604","1,039514"
57,"0,006191","0,019903","11,173100","0,006627",11,"43,894508","1,015736"
58,"0,008805","0,020294","12,230398","0,007030",11,"48,359006","1,111854"
59,"0,006011","0,019520","15,718850","0,006800",11,"48,049650","1,428986"
60,"0,006597","0,021774","10,791259","0,007256",10,"46,417957","1,079126"
61,"0,010338","0,020926","9,894224","0,007463",10,"48,621002","0,989422"
62,"0,005690","0,017931","10,107130","0,006506",10,"40,233697","1,010713"
63,"0,005675","0,020631","10,640435","0,006221",10,"43,167402","1,064043"
64,"0,006026","0,020309","9,639748","0,006185",9,"42,159771","1,071083"
65,"0,005950","0,017891","9,471325","0,006430",9,"39,741258","1,052369"
66,"0,006611","0,021003","9,292628","0,006121",9,"43,027108","1,032514"
67,"0,005876","0,019218","10,643028","0,007913",9,"43,650145","1,182559"
68,"0,006422","0,020121","13,137705","0,006245",10,"45,925453","1,313770"
69,"0,007159","0,021047","12,479690","0,005741",10,"46,426372","1,247969"
70,"0,006289","0,020432","12,230334","0,005729",10,"44,680722","1,223033"
71,"0,007207","0,021254","10,309892","0,006281",10,"45,052579","1,030989"
72,"0,005565","0,019757","11,242192","0,008216",10,"44,779896","1,124219"
73,"0,005597","0,018571","10,527535","0,007250",10,"41,945139","1,052753"
74,"0,007396","0,018895","10,232577","0,005900",10,"42,423785","1,023258"
75,"0,006541","0,018407","10,755961","0,006680",11,"42,383943","0,977815"
76,"0,006062","0,019137","10,712439","0,006295",10,"42,207071","1,071244"
77,"0,011645","0,021830","10,347206","0,005686",10,"49,509301","1,034721"
78,"0,006761","0,018221","10,427818","0,006149",11,"41,558784","0,947983"
79,"0,005339","0,018400","10,839933","0,005835",10,"40,413897","1,083993"
80,"0,005693","0,019016","14,559051","0,008151",10,"47,419602","1,455905"
81,"0,005518","0,022817","11,534398","0,006122",11,"45,991727","1,048582"
82,"0,006113","0,020971","12,255615","0,007296",11,"46,635630","1,114147"
83,"0,005941","0,018985","12,924159","0,006945",11,"44,795415","1,174924"
84,"0,005685","0,021747","11,895119","0,007135",10,"46,461606","1,189512"
85,"0,006586","0,023381","11,030758","0,012744",10,"53,741820","1,103076"
86,"0,006319","0,018305","10,459051","0,009316",9,"44,398820","1,162117"
87,"0,005410","0,018318","10,226656","0,008994",9,"42,948737","1,136295"
88,"0,006006","0,017775","9,887569","0,008446",11,"42,113882","0,898870"
89,"0,005701","0,017814","11,419992","0,008450",10,"43,384598","1,141999"
90,"0,006074","0,019706","13,461784","0,007882",11,"47,123717","1,223799"
91,"0,006293","0,020454","11,433017","0,010692",11,"48,871960","1,039365"
92,"0,007350","0,020429","11,617634","0,011730",10,"51,127137","1,161763"
93,"0,006049","0,021215","14,817783","0,007686",11,"49,767392","1,347071"
94,"0,006411","0,021144","15,199914","0,009386",11,"52,140689","1,381810"
95,"0,005357","0,022424","11,500252","0,008908",11,"48,189654","1,045477"
96,"0,005924","0,022239","11,452986","0,007761",11,"47,377074","1,041181"
97,"0,005698","0,018055","9,272339","0,008896",11,"41,921041","0,842940"
98,"0,007138","0,018284","11,287218","0,008646",11,"45,355378","1,026111"
99,"0,006276","0,019130","16,378881","0,009409",11,"51,193698","1,488989"
100,"0,005346","0,022793","15,584988","0,010214",12,"53,938278","1,298749"
101,"0,006179","0,021270","11,738024","0,009274",11,"48,461348","1,067093"
102,"0,006083","0,018855","13,949039","0,009572",10,"48,458531","1,394904"
103,"0,007595","0,020721","10,655732","0,014540",7,"53,512113","1,522247"
104,"0,005704","0,017860","11,175917","0,011742",4,"46,482245","2,793979"
105,"0,005530","0,016516","12,596208","0,012956",3,"47,598907","4,198736"
106,"0,013899","0,020595","9,005959","0,010556",3,"54,054795","3,001986"
107,"0,005922","0,016135","9,762506","0,011681",3,"43,500634","3,254169"
108,"0,006244","0,017602","11,338868","0,007290",5,"42,474442","2,267774"
109,"0,005561","0,018045","15,800774","0,013863",5,"53,269925","3,160155"
110,"0,006694","0,022831","16,764691","0,012294",7,"58,582751","2,394956"
111,"0,005225","0,023560","14,228444","0,014507",8,"57,520396","1,778555"
112,"0,006224","0,022598","14,662128","0,010335",9,"53,818782","1,629125"
113,"0,006078","0,021395","15,053123","0,012518",9,"55,044056","1,672569"
114,"0,007876","0,023640","13,449880","0,014961",8,"59,926590","1,681235"
115,"0,009116","0,021381","13,691011","0,013512",9,"57,700214","1,521223"
116,"0,006392","0,020483","15,509849","0,011751",9,"54,135407","1,723317"
117,"0,007445","0,022986","11,832395","0,011992",8,"54,255892","1,479049"
118,"0,006489","0,021924","11,692741","0,011660",8,"51,765950","1,461593"
119,"0,006180","0,019143","14,584333","0,010925",8,"50,832275","1,823042"
120,"0,006058","0,022200","14,666737","0,007989",9,"50,913910","1,629637"
121,"0,006757","0,022229","12,665427","0,010094",9,"51,746271","1,407270"
122,"0,006618","0,019891","10,190046","0,008913",9,"45,610750","1,132227"
123,"0,006356","0,018203","14,997793","0,009227",9,"48,783763","1,666421"
124,"0,006186","0,023847","13,318770","0,009396",9,"52,748206","1,479863"
125,"0,008341","0,020680","15,510680","0,010061",9,"54,592292","1,723409"
126,"0,006259","0,022547","14,075349","0,008914",10,"51,795712","1,407535"
127,"0,006561","0,021920","13,383924","0,009451",10,"51,315049","1,338392"
128,"0,007174","0,020654","11,330836","0,014152",9,"53,310856","1,258982"
129,"0,005769","0,019769","10,394472","0,009734",9,"45,665793","1,154941"
130,"0,005879","0,019862","11,790153","0,009423",8,"46,954685","1,473769"
131,"0,005210","0,019187","11,876238","0,008990",7,"45,263502","1,696605"
132,"0,005242","0,019841","13,238894","0,006922",7,"45,244365","1,891271"
133,"0,006447","0,025017","9,836974","0,009423",7,"50,724269","1,405282"
134,"0,005915","0,018076","10,586673","0,012939",7,"47,517718","1,512382"
135,"0,005313","0,019174","11,609697","0,009779",8,"45,875274","1,451212"
136,"0,006232","0,019587","12,049078","0,009131",8,"46,998528","1,506135"
137,"0,006454","0,020013","9,134733","0,008432",8,"44,034355","1,141842"
138,"0,006880","0,020094","9,905553","0,014442",8,"51,321770","1,238194"
139,"0,006054","0,017567","11,285202","0,012862",8,"47,767843","1,410650"
140,"0,007039","0,019459","10,358983","0,009667",8,"46,524521","1,294873"
141,"0,006228","0,018032","12,855900","0,008278",8,"45,393909","1,606988"
142,"0,006252","0,020643","11,403640","0,008457",9,"46,755828","1,267071"
143,"0,005724","0,021821","9,894737","0,008649",9,"46,088406","1,099415"
144,"0,005740","0,017839","10,900351","0,008196",8,"42,675827","1,362544"
145,"0,005659","0,019237","10,318565","0,008561",8,"43,774633","1,289821"
146,"0,007355","0,018545","11,037318","0,008244",8,"45,181066","1,379665"
147,"0,006681","0,018679","8,710521","0,009668",7,"43,739046","1,244360"
148,"0,007699","0,018833","9,639333","0,008623",8,"44,794647","1,204917"
149,"0,005903","0,017564","11,953522","0,007979",7,"43,400118","1,707646"
150,"0,005776","0,022538","10,254881","0,010198",8,"48,766769","1,281860"
151,"0,005486","0,018623","11,862829","0,008430",8,"44,401413","1,482854"
152,"0,006702","0,019927","10,693334","0,008039",8,"45,360913","1,336667"
153,"0,006896","0,020299","11,294706","0,012184",9,"50,674667","1,254967"
154,"0,006475","0,019613","15,623422","0,007987",9,"49,698047","1,735936"
155,"0,005732","0,023173","9,171183","0,007865",8,"45,941070","1,146398"
156,"0,006020","0,020047","11,043398","0,008531",8,"45,641182","1,380425"
157,"0,006328","0,019405","13,523643","0,011377",9,"50,634601","1,502627"
158,"0,006622","0,022017","12,569006","0,009241",8,"50,449345","1,571126"
159,"0,005474","0,022257","11,481851","0,009562",8,"48,774482","1,435231"
160,"0,006166","0,018653","12,091352","0,009657",8,"46,566891","1,511419"
161,"0,005919","0,020316","14,623695","0,007654",8,"48,513575","1,827962"
162,"0,005896","0,024514","12,567758","0,007897",9,"50,874421","1,396418"
163,"0,006162","0,020577","10,698262","0,007884",9,"45,321679","1,188696"
164,"0,006504","0,021312","12,886845","0,007733",8,"48,435458","1,610856"
165,"0,007609","0,022981","10,836637","0,007703",8,"49,129186","1,354580"
166,"0,005373","0,018681","12,111609","0,008076",8,"44,241981","1,513951"
167,"0,005775","0,022770","14,177242","0,008890",8,"51,612312","1,772155"
168,"0,005542","0,020612","9,485470","0,008231",9,"43,870476","1,053941"
169,"0,009061","0,017519","8,741787","0,009583",9,"44,904957","0,971310"
170,"0,006150","0,017940","11,625986","0,008227",8,"43,943663","1,453248"
171,"0,006057","0,019876","10,591953","0,008748",8,"45,272782","1,323994"
172,"0,006263","0,019068","12,014580","0,008252",9,"45,597501","1,334953"
173,"0,006398","0,019938","8,412907","0,008098",9,"42,845948","0,934767"
174,"0,005519","0,016483","12,681523","0,007481",8,"42,164571","1,585190"
175,"0,005192","0,019104","10,605394","0,008182",7,"43,083014","1,515056"
176,"0,007056","0,018577","13,006306","0,008491",8,"47,129924","1,625788"
177,"0,010366","0,022336","13,003042","0,009075",8,"54,780684","1,625380"
178,"0,005399","0,020788","12,203581","0,007740",8,"46,130774","1,525448"
179,"0,005822","0,019685","10,845629","0,007503",8,"43,855850","1,355704"
180,"0,005828","0,021143","13,086087","0,008362",9,"48,419938","1,454010"
181,"0,009896","0,022748","11,019429","0,010557",8,"54,220658","1,377429"
182,"0,005221","0,018385","9,313621","0,008883",8,"41,802890","1,164203"
183,"0,006279","0,018583","10,066136","0,009038",8,"43,965041","1,258267"
184,"0,005841","0,018545","9,845967","0,009379",9,"43,610624","1,093996"
185,"0,005697","0,019967","10,086650","0,008084",10,"43,833515","1,008665"
186,"0,005580","0,020945","9,873487","0,008271",10,"44,669137","0,987349"
187,"0,006373","0,017648","10,059865","0,008825",9,"42,905823","1,117763"
188,"0,007165","0,018589","10,245441","0,011406",8,"47,404944","1,280680"
189,"0,006514","0,016825","11,728230","0,007917",8,"42,984291","1,466029"
190,"0,005258","0,019886","9,659206","0,008567",7,"43,370549","1,379887"
191,"0,005808","0,018290","10,087706","0,008144",8,"42,329253","1,260963"
192,"0,006083","0,017923","11,510621","0,007622",8,"43,138761","1,438828"
193,"0,006075","0,018683","9,238994","0,008456",8,"42,453321","1,154874"
194,"0,006837","0,017030","10,312580","0,008979",8,"43,157866","1,289073"
195,"0,005446","0,019009","11,813803","0,008320",8,"44,588558","1,476725"
196,"0,006199","0,021672","10,052600","0,008171",8,"46,094356","1,256575"
197,"0,005652","0,017382","11,504572","0,008059",8,"42,597935","1,438071"
198,"0,005508","0,021137","9,979508","0,008695",9,"45,319983","1,108834"
199,"0,007283","0,018171","9,658310","0,008506",9,"43,618882","1,073146"
200,"0,005629","0,017718","9,426587","0,008248",8,"41,021575","1,178323"
201,"0,006209","0,017245","10,651348","0,008106",8,"42,211870","1,331419"
202,"0,006158","0,019143","9,507326","0,008561",8,"43,369236","1,188416"
203,"0,007069","0,020423","9,197296","0,008437",8,"45,126599","1,149662"
204,"0,006459","0,017555","11,650371","0,010582",8,"46,245820","1,456296"
205,"0,005683","0,020059","10,614386","0,008323",8,"44,679858","1,326798"
206,"0,006861","0,017969","10,394920","0,008839",8,"44,063764","1,299365"
207,"0,005550","0,018695","11,285234","0,007859",8,"43,389846","1,410654"
208,"0,005552","0,021086","12,259263","0,008225",8,"47,122180","1,532408"
209,"0,006139","0,018424","10,509710","0,010404",8,"45,476056","1,313714"
210,"0,006134","0,019281","11,224847","0,007704",8,"44,343937","1,403106"
211,"0,006832","0,022851","11,958001","0,008634",8,"50,275609","1,494750"
212,"0,005668","0,020679","13,266799","0,008649",8,"48,263546","1,658350"
213,"0,006085","0,022117","13,120616","0,007957",8,"49,278794","1,640077"
214,"0,005490","0,022426","12,338916","0,008012",8,"48,267132","1,542364"
215,"0,005586","0,019997","11,892718","0,007929",8,"45,404147","1,486590"
216,"0,008897","0,021212","11,544606","0,009458",8,"51,111616","1,443076"
217,"0,006698","0,019788","13,436439","0,009524",10,"49,446546","1,343644"
218,"0,007744","0,020485","13,663842","0,008654",8,"50,547431","1,707980"
219,"0,007338","0,022589","13,912270","0,007892",5,"51,732093","2,782454"
220,"0,005526","0,024941","14,721395","0,008754",8,"53,942148","1,840174"
221,"0,006732","0,022068","14,287231","0,009552",10,"52,638504","1,428723"
222,"0,005610","0,023804","15,091813","0,011378",12,"55,883649","1,257651"
223,"0,011066","0,022022","14,438054","0,009198",11,"56,724167","1,312550"
224,"0,005284","0,021573","16,400674","0,009048",11,"52,305847","1,490970"
225,"0,005320","0,023165","16,520008","0,009302",12,"54,307479","1,376667"
226,"0,006261","0,024069","15,561530","0,009919",12,"55,810427","1,296794"
227,"0,006087","0,024918","14,296127","0,013825",9,"59,125687","1,588459"
228,"0,005745","0,020317","14,945470","0,008424",8,"49,431313","1,868184"
229,"0,006219","0,022891","14,313344","0,009300",9,"52,723660","1,590372"
230,"0,006036","0,023131","12,661746","0,008452",9,"50,281240","1,406861"
231,"0,006345","0,019674","11,350069","0,009329",9,"46,697681","1,261119"
232,"0,006403","0,020283","10,799580","0,011119",10,"48,603979","1,079958"
233,"0,006392","0,019906","10,764954","0,010372",9,"47,435540","1,196106"
234,"0,005688","0,020001","14,204379","0,008227",8,"48,121012","1,775547"
235,"0,008503","0,022559","13,922797","0,009017",9,"54,002375","1,546977"
236,"0,006522","0,024016","15,584091","0,009083",11,"55,204737","1,416736"
237,"0,008901","0,023626","16,828662","0,008586",12,"57,941696","1,402389"
238,"0,005872","0,023087","14,579820","0,008058",12,"51,597205","1,214985"
239,"0,005645","0,020929","14,542699","0,009810",12,"50,927800","1,211892"
240,"0,006070","0,022174","15,985455","0,007936",14,"52,165554","1,141818"
241,"0,007172","0,023050","16,334751","0,009244",15,"55,800637","1,088983"
242,"0,005726","0,024259","13,282479","0,008588",13,"51,854657","1,021729"
243,"0,006085","0,021370","13,982576","0,008700",13,"50,137937","1,075583"
244,"0,005588","0,021025","13,189387","0,008404",11,"48,206838","1,199035"
245,"0,006441","0,021161","14,987487","0,009915",11,"52,504481","1,362499"
246,"0,006404","0,024964","12,336260","0,008804",12,"52,508963","1,028022"
247,"0,005205","0,020296","16,561354","0,008729",12,"50,791153","1,380113"
248,"0,005383","0,024936","15,318672","0,009336",11,"54,973973","1,392607"
249,"0,006704","0,023054","13,290544","0,008610",13,"51,658425","1,022350"
250,"0,006186","0,022936","14,549323","0,010992",13,"54,663078","1,119179"
251,"0,006145","0,021185","15,221834","0,008838",13,"51,390380","1,170910"
252,"0,006236","0,022264","13,268494","0,007448",14,"49,216453","0,947750"
253,"0,005447","0,022900","13,750758","0,009469",12,"51,566613","1,145896"
254,"0,006125","0,021036","14,713523","0,008638",11,"50,513027","1,337593"
255,"0,005856","0,022038","12,184060","0,008401",12,"48,479076","1,015338"
256,"0,008581","0,021480","16,533064","0,011920",13,"58,513692","1,271774"
257,"0,005272","0,024413","16,093268","0,016098",12,"61,875546","1,341106"
258,"0,006435","0,024055","16,231130","0,009911",10,"56,631780","1,623113"
259,"0,006374","0,025733","14,778805","0,011579",12,"58,463736","1,231567"
260,"0,005607","0,022571","12,701556","0,008711",12,"49,590936","1,058463"
261,"0,006151","0,020101","15,216842","0,008509",11,"49,977579","1,383349"
262,"0,005921","0,022886","14,888539","0,008968",11,"52,663689","1,353504"
263,"0,006959","0,023221","15,055683","0,009325",12,"54,561217","1,254640"
264,"0,005787","0,023311","16,972509","0,008857",15,"54,927795","1,131501"
265,"0,006927","0,024444","15,478519","0,010242",13,"57,092025","1,190655"
266,"0,007228","0,022544","18,346589","0,011072",13,"59,189819","1,411276"
267,"0,005690","0,027367","18,227160","0,012552",15,"63,835189","1,215144"
268,"0,006192","0,027421","18,493604","0,012866",18,"64,973514","1,027422"
269,"0,005460","0,026172","21,458800","0,011546",20,"64,637563","1,072940"
270,"0,007433","0,026372","19,782625","0,012851",20,"66,438191","0,989131"
271,"0,005591","0,025784","20,239383","0,012653",22,"64,267851","0,919972"
272,"0,005557","0,026263","21,305896","0,011927",21,"65,052366","1,014566"
273,"0,006051","0,027652","21,773566","0,012430",24,"67,906035","0,907232"
274,"0,005741","0,028542","23,839807","0,012018",24,"70,140094","0,993325"
275,"0,005865","0,030121","19,590328","0,013514",23,"69,090764","0,851753"
276,"0,007193","0,027584","19,027006","0,011620",22,"65,425024","0,864864"
277,"0,005872","0,027657","19,280009","0,013279",20,"66,086847","0,964000"
278,"0,005905","0,026531","19,179844","0,019121",22,"70,736376","0,871811"
279,"0,005501","0,027937","18,153109","0,012675",21,"64,266858","0,864434"
280,"0,008823","0,030680","19,560343","0,013033",20,"72,095834","0,978017"
281,"0,006768","0,026672","21,252709","0,013580",22,"68,272804","0,966032"
282,"0,005523","0,031439","17,987341","0,013721",23,"68,670073","0,782058"
283,"0,005378","0,027379","18,534342","0,014815",22,"66,106656","0,842470"
284,"0,005835","0,025505","23,717562","0,013731",22,"68,789214","1,078071"
285,"0,007878","0,029032","19,832291","0,013073",21,"69,815661","0,944395"
286,"0,006630","0,027384","21,844033","0,012773",23,"68,631061","0,949741"
287,"0,005996","0,027324","18,026702","0,012848",22,"64,195013","0,819396"
288,"0,007086","0,025568","20,512900","0,010385",23,"63,552391","0,891865"
289,"0,006988","0,027798","16,736562","0,014419",19,"65,941976","0,880872"
290,"0,005768","0,023777","23,122334","0,011911",21,"64,578233","1,101064"
291,"0,005351","0,028786","20,558693","0,012280",21,"66,975912","0,978985"
292,"0,006255","0,028920","20,869108","0,011731",22,"67,774894","0,948596"
293,"0,005347","0,027179","20,275704","0,012224",21,"65,024686","0,965510"
294,"0,005601","0,027124","17,638972","0,011764",21,"62,127524","0,839951"
295,"0,005484","0,025295","18,619274","0,012171",22,"61,569131","0,846331"
296,"0,007470","0,028888","19,727838","0,012646",21,"68,731419","0,939421"
297,"0,006301","0,026733","18,037455","0,013071",20,"64,143107","0,901873"
298,"0,005775","0,025043","17,931434","0,011045",22,"59,795031","0,815065"
299,"0,005503","0,026553","19,128322","0,012194",23,"63,378496","0,831666"
300,"0,006161","0,026294","24,000103","0,010764",22,"67,218964","1,090914"
301,"0,005611","0,029361","20,505731","0,011907",21,"67,384507","0,976463"
302,"0,007326","0,028791","17,325133","0,013123",22,"66,564693","0,787506"
303,"0,008635","0,024464","19,306283","0,013080",20,"65,486020","0,965314"
304,"0,008483","0,027374","18,335485","0,012006",21,"66,198661","0,873118"
305,"0,005778","0,025580","18,820180","0,011626",19,"61,803638","0,990536"
306,"0,005818","0,025440","14,888699","0,012967",17,"59,113622","0,875806"
307,"0,005521","0,023816","14,278590","0,010723",17,"54,338358","0,839917"
308,"0,006558","0,023492","17,651037","0,010856",17,"58,557918","1,038296"
309,"0,005640","0,026010","16,311645","0,011583",18,"59,544907","0,906203"
310,"0,005736","0,025187","19,442417","0,012665",17,"63,030672","1,143672"
311,"0,005432","0,027248","21,871042","0,011936",17,"66,486833","1,286532"
312,"0,006171","0,028972","18,290491","0,008573",18,"62,006623","1,016138"
313,"0,007192","0,027821","22,205715","0,011770",17,"68,988551","1,306219"
314,"0,005795","0,030842","24,412955","0,012456",18,"73,504860","1,356275"
315,"0,006989","0,035169","28,686595","0,023860",17,"94,704447","1,687447"
316,"0,006823","0,032294","28,874284","0,015410",16,"83,402093","1,804643"
317,"0,007488","0,037453","19,065983","0,011905",15,"75,910700","1,271066"
318,"0,008866","0,027647","17,374576","0,011108",15,"64,996267","1,158305"
319,"0,005828","0,029776","17,928457","0,015509",17,"69,041705","1,054615"
320,"0,005826","0,027497","16,850775","0,010885",16,"61,059411","1,053173"
321,"0,006050","0,024216","17,656861","0,010354",16,"58,277232","1,103554"
322,"0,006005","0,025346","16,053234","0,011364",15,"58,767592","1,070216"
323,"0,005389","0,023556","16,034321","0,010719",15,"55,699032","1,068955"
324,"0,006857","0,025633","16,307486","0,010834",17,"59,632016","0,959264"
325,"0,005233","0,022904","17,197191","0,010979",16,"56,314163","1,074824"
326,"0,008073","0,024742","16,016272","0,011419",15,"60,249933","1,067751"
327,"0,005828","0,024497","15,865161","0,011888",15,"58,077127","1,057677"
328,"0,008522","0,024796","16,686351","0,015163",15,"65,167988","1,112423"
329,"0,010120","0,024075","16,832822","0,010099",17,"61,127798","0,990166"
330,"0,006792","0,024552","17,887271","0,010505",18,"59,737012","0,993737"
331,"0,005503","0,025896","15,880009","0,009578",17,"56,856942","0,934118"
332,"0,005621","0,023688","14,117303","0,009759",16,"53,185794","0,882331"
333,"0,006121","0,022299","17,797283","0,011114",15,"57,330212","1,186486"
334,"0,006212","0,024885","15,040706","0,009904",15,"56,042055","1,002714"
335,"0,005893","0,023198","17,781315","0,012240",16,"59,112087","1,111332"
336,"0,006166","0,027926","22,638215","0,008748",18,"65,477475","1,257679"
337,"0,006923","0,031587","18,927320","0,010714",18,"68,150815","1,051518"
338,"0,006914","0,029051","16,311293","0,010411",17,"62,687231","0,959488"
339,"0,006249","0,024505","17,448532","0,010360",18,"58,562334","0,969363"
340,"0,005366","0,026243","17,877128","0,011171",17,"60,657537","1,051596"
341,"0,005762","0,025125","23,266820","0,012414",17,"66,566579","1,368636"
342,"0,008126","0,029356","15,895019","0,012666",18,"66,043805","0,883057"
343,"0,005686","0,028628","33,423233","0,016723",18,"84,459933","1,856846"
344,"0,007374","0,034476","21,927974","0,012768",19,"76,546603","1,154104"
345,"0,007050","0,030712","15,065059","0,011749",17,"64,576503","0,886180"
346,"0,007502","0,025710","18,694894","0,010980",17,"62,887337","1,099700"
347,"0,008835","0,026863","17,951786","0,010389",16,"64,038014","1,121987"
348,"0,005476","0,024754","18,058832","0,009451",15,"57,740983","1,203922"
349,"0,005889","0,025421","14,500905","0,009750",14,"55,561105","1,035779"
350,"0,008062","0,021863","16,175927","0,009771",14,"55,872094","1,155423"
351,"0,007160","0,027788","15,751011","0,010107",15,"60,806183","1,050067"
352,"0,005402","0,022467","17,762786","0,009719",15,"55,350470","1,184186"
353,"0,010549","0,024292","15,121638","0,009812",15,"59,773911","1,008109"
354,"0,006557","0,022609","15,195465","0,010469",15,"54,830254","1,013031"
355,"0,005366","0,025028","15,405043","0,009735",16,"55,533807","0,962815"
356,"0,007340","0,022705","19,362221","0,009712",17,"59,118615","1,138954"
357,"0,006781","0,027385","14,920124","0,010302",18,"59,388421","0,828896"
358,"0,005489","0,023420","16,721233","0,010592",17,"56,221744","0,983602"
359,"0,006813","0,024467","15,987758","0,012041",16,"59,309056","0,999235"
360,"0,005376","0,023118","17,611579","0,010779",17,"56,883695","1,035975"
361,"0,006246","0,024603","18,326813","0,011535",17,"60,710946","1,078048"
362,"0,005396","0,025097","18,065968","0,012530",17,"61,089108","1,062704"
363,"0,005440","0,024093","19,002460","0,012118",17,"60,653569","1,117792"
364,"0,007186","0,028678","18,322109","0,012737",16,"66,922278","1,145132"
365,"0,006352","0,026191","16,836983","0,015741",14,"65,121395","1,202642"
366,"0,005791","0,024270","19,178980","0,010934",14,"60,175336","1,369927"
367,"0,006955","0,025879","19,388718","0,011842",17,"64,063872","1,140513"
368,"0,008229","0,026997","15,563099","0,011636",15,"62,424980","1,037540"
369,"0,008472","0,024154","17,592762","0,012881",13,"63,100146","1,353289"
370,"0,005624","0,025218","18,528358","0,014480",15,"63,849814","1,235224"
371,"0,005584","0,024882","19,856420","0,010977",13,"61,299613","1,527417"
372,"0,005719","0,026628","21,877603","0,010481",16,"64,705726","1,367350"
373,"0,005774","0,028342","19,274888","0,012171",17,"65,560966","1,133817"
374,"0,005357","0,026762","18,859541","0,013026",15,"64,005277","1,257303"
375,"0,006132","0,029744","19,270761","0,012453",19,"67,599366","1,014251"
376,"0,005854","0,027704","19,169380","0,012272",18,"64,999627","1,064966"
377,"0,005981","0,025169","23,894881","0,011872",17,"66,917156","1,405581"
378,"0,005644","0,029830","18,825971","0,012905",17,"67,205395","1,107410"
379,"0,005502","0,024843","20,813809","0,012188",19,"63,346877","1,095464"
380,"0,005946","0,027612","20,369948","0,012065",19,"65,992923","1,072103"
381,"0,005492","0,026364","17,784643","0,012733",18,"62,373969","0,988036"
382,"0,005581","0,025650","17,632988","0,011152",16,"60,016929","1,102062"
383,"0,005638","0,023624","17,192999","0,013184",18,"59,639247","0,955167"
384,"0,006487","0,024164","18,647563","0,009635",16,"58,933006","1,165473"
385,"0,005493","0,024237","18,217079","0,012622",16,"60,568380","1,138567"
386,"0,005364","0,026618","16,315966","0,011384",16,"59,682065","1,019748"
387,"0,005948","0,022600","19,123362","0,010758",13,"58,429591","1,471028"
388,"0,006308","0,026756","15,362161","0,009914",12,"58,340116","1,280180"
389,"0,005725","0,022270","17,406993","0,009834",12,"55,236033","1,450583"
390,"0,006830","0,026633","12,828346","0,009276",12,"55,567120","1,069029"
391,"0,005402","0,020651","18,042191","0,010401",12,"54,496671","1,503516"
392,"0,005471","0,024984","16,661294","0,009449",12,"56,565759","1,388441"
393,"0,006005","0,023758","15,159944","0,009790",13,"54,713737","1,166150"
394,"0,005560","0,023009","14,038035","0,009947",12,"52,554051","1,169836"
395,"0,006800","0,021960","15,015937","0,008791",11,"52,566821","1,365085"
396,"0,005793","0,023405","14,730835","0,009374",13,"53,303365","1,133141"
397,"0,006130","0,021566","15,273038","0,010209",12,"53,178593","1,272753"
398,"0,006241","0,021760","18,829108","0,009625",12,"56,455546","1,569092"
399,"0,005991","0,024911","15,325871","0,010560",13,"56,787144","1,178913"
400,"0,005451","0,024813","14,184314","0,009238",13,"53,685209","1,091101"
401,"0,006043","0,023204","14,376995","0,008489",12,"52,112655","1,198083"
402,"0,006433","0,021258","15,911563","0,009035",12,"52,637383","1,325964"
403,"0,005564","0,023327","13,413910","0,008281",11,"50,585766","1,219446"
404,"0,005250","0,020957","13,480633","0,008332",11,"48,020079","1,225512"
405,"0,005347","0,019613","14,675921","0,007360",8,"46,995518","1,834490"
406,"0,005857","0,021113","12,418919","0,008270",10,"47,659838","1,241892"
407,"0,008694","0,021962","13,396373","0,012196",11,"56,248304","1,217852"
408,"0,006363","0,020302","14,568076","0,008245",12,"49,477810","1,214006"
409,"0,005683","0,022546","13,771399","0,009369",11,"51,369580","1,251945"
410,"0,006155","0,021225","12,798649","0,009175",11,"49,352940","1,163514"
411,"0,008356","0,020992","16,219354","0,009740",12,"55,307205","1,351613"
412,"0,008112","0,023567","13,578205","0,009619",10,"54,875343","1,357821"
413,"0,006940","0,021639","14,686417","0,010329",10,"53,594868","1,468642"
414,"0,007015","0,024382","14,555307","0,008900",11,"54,852463","1,323210"
415,"0,005909","0,021934","16,087411","0,008903",12,"52,833487","1,340618"
416,"0,005985","0,022935","13,164170","0,009586",12,"51,670906","1,097014"
417,"0,006244","0,021580","14,334785","0,008858",12,"51,016058","1,194565"
418,"0,006763","0,022464","17,614523","0,009841",13,"56,683333","1,354963"
419,"0,005800","0,024283","13,332050","0,010527",12,"53,941348","1,111004"
420,"0,005721","0,022172","14,943965","0,009569",10,"52,405884","1,494396"
421,"0,005881","0,026077","13,369812","0,009574",12,"54,902001","1,114151"
422,"0,005685","0,020147","19,082976","0,009336",11,"54,250770","1,734816"
423,"0,006064","0,025676","13,805416","0,011284",11,"56,829483","1,255038"
424,"0,006599","0,021227","11,730502","0,009827",10,"49,383405","1,173050"
425,"0,007427","0,019606","13,835242","0,009695",9,"50,563078","1,537249"
426,"0,007139","0,022043","12,456361","0,009628",10,"51,266471","1,245636"
427,"0,012186","0,022093","12,267072","0,010732",10,"57,278401","1,226707"
428,"0,006893","0,019977","16,354400","0,010961",10,"54,184817","1,635440"
429,"0,006074","0,024386","14,806711","0,011293",10,"56,559967","1,480671"
430,"0,005614","0,022065","13,930094","0,012451",9,"54,059787","1,547788"
431,"0,006910","0,020598","14,915868","0,012792",8,"55,216128","1,864483"
432,"0,005921","0,021987","17,696671","0,007311",7,"52,915349","2,528096"
433,"0,006393","0,024675","16,173591","0,011109",10,"58,351378","1,617359"
434,"0,005418","0,023186","17,694335","0,013775",9,"60,072741","1,966037"
435,"0,006904","0,027002","14,790166","0,011112",12,"59,808279","1,232514"
436,"0,005759","0,022445","15,734243","0,011223",12,"55,161662","1,311187"
437,"0,006389","0,023310","16,040753","0,010758",12,"56,497468","1,336729"
438,"0,005596","0,025596","16,515719","0,011181",10,"58,888397","1,651572"
439,"0,006504","0,025086","19,292298","0,011958",13,"62,840518","1,484023"
440,"0,006972","0,025828","13,576990","0,013124",12,"59,501451","1,131416"
441,"0,007302","0,021643","13,463672","0,009380",12,"51,789598","1,121973"
442,"0,011353","0,021335","14,616366","0,010258",12,"57,562798","1,218031"
443,"0,005791","0,021935","17,772099","0,010678",14,"56,176142","1,269436"
444,"0,006470","0,025353","12,835515","0,009772",12,"54,429884","1,069626"
445,"0,005844","0,023252","12,494058","0,010720",11,"52,310327","1,135823"
446,"0,005627","0,024356","14,460231","0,008727",11,"53,170016","1,314566"
447,"0,006126","0,022185","13,753190","0,008572",12,"50,635563","1,146099"
448,"0,005393","0,020949","12,889693","0,008774",12,"48,004878","1,074141"
449,"0,006011","0,024114","12,111065","0,009674",12,"51,909991","1,009255"
450,"0,008485","0,025374","16,577002","0,009295",12,"59,730835","1,381417"
451,"0,006871","0,024144","15,030753","0,008544",11,"54,590466","1,366432"
452,"0,006298","0,023150","14,786806","0,009425",12,"53,660087","1,232234"
453,"0,007388","0,024220","12,678003","0,008508",11,"52,793007","1,152546"
454,"0,006301","0,020172","16,301245","0,008884",11,"51,658233","1,481931"
455,"0,007258","0,023293","12,905629","0,008815",11,"52,272181","1,173239"
456,"0,007703","0,021980","12,173467","0,007353",10,"49,210246","1,217347"
457,"0,006433","0,019877","11,690148","0,009934",11,"47,933577","1,062741"
458,"0,006102","0,019567","12,298081","0,009813",11,"47,780291","1,118007"
459,"0,006254","0,019292","12,432904","0,014846",10,"52,824559","1,243290"
460,"0,005593","0,019518","12,481834","0,009240",10,"46,833015","1,248183"
461,"0,005252","0,021004","13,476185","0,009155",10,"48,887895","1,347619"
462,"0,006131","0,022548","11,584544","0,009805",10,"50,069423","1,158454"
463,"0,005963","0,018813","13,151114","0,008343",8,"46,270333","1,643889"
464,"0,005898","0,020827","15,491031","0,008038",8,"50,254262","1,936379"
465,"0,006120","0,022896","13,314865","0,007105",7,"49,436274","1,902124"
466,"0,007992","0,020282","14,598605","0,007350",6,"50,223989","2,433101"
467,"0,005958","0,021215","11,165293","0,008416",7,"46,754772","1,595042"
468,"0,007012","0,017830","14,252253","0,007060",8,"46,154550","1,781532"
469,"0,006473","0,020739","11,871438","0,010336",8,"49,418704","1,483930"
470,"0,005887","0,019558","13,072870","0,008278",8,"46,796053","1,634109"
471,"0,006141","0,020236","15,679968","0,008312",7,"50,368765","2,239995"
472,"0,006941","0,022609","10,386375","0,009159",6,"49,095968","1,731062"
473,"0,005782","0,018586","12,962112","0,007829",6,"45,158886","2,160352"
474,"0,006842","0,019906","14,007090","0,008103",7,"48,858197","2,001013"
475,"0,007011","0,020860","9,148813","0,007891",7,"44,910907","1,306973"
476,"0,008259","0,016907","12,708853","0,009377",7,"47,251530","1,815550"
477,"0,005982","0,020033","10,570064","0,008218",7,"44,802903","1,510009"
478,"0,005483","0,019992","13,065989","0,007774",8,"46,315070","1,633249"
479,"0,005889","0,020545","14,760181","0,008201",9,"49,394991","1,640020"
480,"0,006174","0,022123","10,844669","0,008136",8,"47,277996","1,355584"
481,"0,006260","0,018772","12,164955","0,007954",7,"45,150919","1,737851"
482,"0,008230","0,019121","11,416248","0,007592",6,"46,359585","1,902708"
483,"0,005431","0,017587","9,621956","0,007940",6,"40,580402","1,603659"
484,"0,005611","0,016948","10,701686","0,009907",6,"43,167434","1,783614"
485,"0,006207","0,017642","10,340869","0,008035",6,"42,224957","1,723478"
486,"0,006564","0,017970","13,417942","0,008167",6,"46,118965","2,236324"
487,"0,005580","0,020512","12,374885","0,008880",7,"47,346063","1,767841"
488,"0,005897","0,020987","12,142426","0,011420",7,"50,445536","1,734632"
489,"0,005706","0,023809","9,304821","0,010255",8,"49,075072","1,163103"
490,"0,006706","0,019604","10,736888","0,011214",7,"48,260474","1,533841"
491,"0,005226","0,021817","11,552351","0,011112",7,"49,708670","1,650336"
492,"0,006959","0,020254","16,374464","0,006992",7,"50,578375","2,339209"
493,"0,006235","0,023219","14,146520","0,008275",8,"51,875332","1,768315"
494,"0,006254","0,022792","14,776821","0,008522",7,"52,344536","2,110974"
495,"0,006502","0,022705","12,042901","0,009871",7,"51,120352","1,720414"
496,"0,008448","0,019813","12,807802","0,007484",7,"48,553096","1,829686"
497,"0,006940","0,021881","10,729528","0,007398",7,"46,948699","1,532790"
498,"0,006017","0,019662","10,778842","0,007476",6,"43,934798","1,796474"
499,"0,006356","0,018228","8,184833","0,007436",6,"40,204768","1,364139"
500,"0,009342","0,021297","13,119848","0,008303",7,"52,062221","1,874264"
501,"0,006559","0,019029","9,999125","0,007836",7,"43,422934","1,428446"
502,"0,005725","0,020069","9,910002","0,008457",7,"44,161402","1,415715"
503,"0,005593","0,017867","10,340934","0,008541",7,"42,342148","1,477276"
504,"0,006496","0,018210","15,043554","0,006999",8,"46,748435","1,880444"
505,"0,005702","0,020686","9,831405","0,008352",6,"44,571852","1,638567"
506,"0,006324","0,020123","11,322003","0,007611",6,"45,380434","1,887001"
507,"0,006703","0,020392","9,877519","0,008883",7,"45,855944","1,411074"
508,"0,005883","0,022278","9,667270","0,008768",7,"46,595787","1,381039"
509,"0,005606","0,017095","11,306451","0,008431",7,"42,438248","1,615207"
510,"0,005804","0,022267","13,717604","0,008425",8,"50,214197","1,714700"
511,"0,005664","0,021134","9,749162","0,008579",8,"45,125766","1,218645"
512,"0,006031","0,018292","11,148427","0,008875",8,"44,345953","1,393553"
513,"0,005874","0,023756","12,238974","0,008379",8,"50,248950","1,529872"
514,"0,005594","0,023113","11,470363","0,008789",8,"48,966620","1,433795"
515,"0,005729","0,019180","14,330305","0,008951",8,"48,190487","1,791288"
516,"0,005432","0,022177","11,084136","0,007757",7,"46,449829","1,583448"
517,"0,005228","0,018656","11,394359","0,009486",8,"44,763861","1,424295"
518,"0,005834","0,019314","16,176823","0,008114",8,"49,438512","2,022103"
519,"0,006129","0,023491","10,730487","0,009122",8,"49,472498","1,341311"
520,"0,005535","0,017751","9,585570","0,009869",8,"42,741047","1,198196"
521,"0,006091","0,018030","10,192926","0,009986",8,"44,299294","1,274116"
522,"0,006003","0,016900","10,918336","0,008843",6,"42,664595","1,819723"
523,"0,005292","0,018102","10,495820","0,009272",7,"43,162378","1,499403"
524,"0,008717","0,018998","9,819981","0,008696",7,"46,231674","1,402854"
525,"0,008846","0,017378","9,297909","0,008449",7,"43,971568","1,328273"
526,"0,006533","0,017501","9,138477","0,007878",7,"41,049864","1,305497"
527,"0,005974","0,016379","11,556447","0,009799",7,"43,708580","1,650921"
528,"0,006059","0,018623","13,016035","0,008248",7,"45,945900","1,859434"
529,"0,006798","0,020698","12,127354","0,008908",6,"48,532136","2,021226"
530,"0,006753","0,021819","11,728359","0,009382",6,"49,682364","1,954727"
531,"0,005979","0,020817","12,599600","0,009567",5,"48,963004","2,519920"
532,"0,006050","0,019724","12,173468","0,008611",6,"46,558859","2,028911"
533,"0,006880","0,020399","12,885309","0,009372",6,"49,536566","2,147552"
534,"0,006528","0,021780","13,019811","0,011294",8,"52,621414","1,627476"
535,"0,005847","0,019893","13,735621","0,009807",10,"49,283145","1,373562"
536,"0,005687","0,020207","17,349295","0,011087",10,"54,330520","1,734930"
537,"0,005839","0,024722","16,309661","0,009763",10,"56,633442","1,630966"
538,"0,005657","0,022561","23,133662","0,012989",11,"64,340301","2,103060"
539,"0,006284","0,026983","15,923339","0,010849",11,"60,039138","1,447576"
540,"0,006251","0,022804","16,038993","0,008679",13,"53,772539","1,233769"
541,"0,005460","0,022716","14,084405","0,010548",13,"52,809198","1,083416"
542,"0,005344","0,021347","18,491524","0,011074",13,"56,256722","1,422425"
543,"0,005938","0,025551","17,252074","0,011545",14,"60,285901","1,232291"
544,"0,006202","0,024642","16,730993","0,012229",14,"59,803671","1,195071"
545,"0,008072","0,022935","18,379871","0,010776",15,"60,162697","1,225325"
546,"0,006101","0,025959","20,140434","0,013113",16,"65,313403","1,258777"
547,"0,006728","0,027829","18,069008","0,015912",16,"68,536945","1,129313"
548,"0,005553","0,024591","18,545223","0,014411",17,"63,100914","1,090895"
549,"0,006515","0,024895","16,995197","0,012199",16,"60,603933","1,062200"
550,"0,005716","0,024081","15,276173","0,010881",16,"55,953602","0,954761"
551,"0,005836","0,022020","16,891833","0,011434",16,"56,181773","1,055740"
552,"0,005362","0,023714","17,126052","0,009065",17,"55,266817","1,007415"
553,"0,005327","0,024949","17,721024","0,012107",17,"60,104293","1,042413"
554,"0,006457","0,024379","13,725541","0,011543",16,"56,105387","0,857846"
555,"0,008906","0,021973","16,040624","0,012877",18,"59,796597","0,891146"
556,"0,005885","0,023224","16,598507","0,014359",16,"60,065987","1,037407"
557,"0,006306","0,023808","16,506983","0,014380",16,"61,000560","1,031686"
558,"0,005635","0,026266","16,817622","0,012201",16,"60,920012","1,051101"
559,"0,007926","0,023846","22,187889","0,011687",15,"65,647529","1,479193"
560,"0,006292","0,027420","20,647242","0,012810",15,"67,169172","1,376483"
561,"0,007180","0,026343","16,440708","0,013327",15,"63,291036","1,096047"
562,"0,006537","0,021317","16,443108","0,011563",15,"55,859743","1,096207"
563,"0,006037","0,021609","16,936187","0,012057",15,"56,639619","1,129079"
564,"0,006211","0,023003","16,651917","0,010275",16,"56,140138","1,040745"
565,"0,006587","0,023268","17,187719","0,012860",16,"59,901884","1,074232"
566,"0,006000","0,024202","17,329870","0,013314",16,"60,846569","1,083117"
567,"0,006106","0,023374","17,252938","0,013198",16,"59,931069","1,078309"
568,"0,005516","0,022944","15,745859","0,012814",16,"57,020276","0,984116"
569,"0,006109","0,022294","16,450372","0,012283",16,"57,136314","1,028148"
570,"0,006467","0,021698","16,461861","0,011762",16,"56,388630","1,028866"
571,"0,007439","0,024304","17,678782","0,011327",15,"60,748676","1,178585"
572,"0,008589","0,023885","14,473351","0,011542",17,"58,489753","0,851374"
573,"0,007751","0,023573","15,585372","0,012904",16,"59,814263","0,974086"
574,"0,007194","0,022591","17,394001","0,012175",16,"59,353124","1,087125"
575,"0,005848","0,024472","14,440998","0,011997",16,"56,757415","0,902562"
576,"0,005526","0,022588","14,058964","0,009741",15,"51,914277","0,937264"
577,"0,005574","0,022837","13,368755","0,012097",15,"53,877728","0,891250"
578,"0,005439","0,019760","14,537066","0,015760",15,"55,496141","0,969138"
579,"0,008211","0,021969","14,223867","0,014645",15,"59,049010","0,948258"
580,"0,006522","0,022892","14,002449","0,013329",15,"56,745671","0,933497"
581,"0,005955","0,020739","19,172836","0,011240",15,"57,106520","1,278189"
582,"0,005388","0,026640","14,864826","0,012953",15,"59,846426","0,990988"
583,"0,005560","0,026049","14,777494","0,012251",15,"58,636769","0,985166"
584,"0,006329","0,022004","18,201462","0,014173",15,"60,706913","1,213431"
585,"0,007161","0,024984","15,574843","0,011795",15,"59,514953","1,038323"
586,"0,005448","0,022871","15,822919","0,012350",16,"56,492413","0,988932"
587,"0,006321","0,023005","15,170824","0,013688",16,"58,185163","0,948176"
588,"0,005815","0,026243","18,358174","0,012586",16,"63,002670","1,147386"
589,"0,006560","0,025057","18,882967","0,012400",16,"62,899721","1,180185"
590,"0,008636","0,025521","22,186994","0,013605",15,"69,948563","1,479133"
591,"0,007292","0,028336","15,699777","0,012285",14,"63,613546","1,121413"
592,"0,007020","0,023067","15,812518","0,017039",15,"62,938154","1,054168"
593,"0,005311","0,024449","15,165160","0,011977",16,"56,901967","0,947823"
594,"0,005208","0,023392","15,194569","0,017053",17,"60,848136","0,893798"
595,"0,006548","0,024456","17,201960","0,013144",16,"61,350496","1,075122"
596,"0,007401","0,023386","13,921165","0,012448",16,"57,155643","0,870073"
597,"0,007891","0,025599","16,457061","0,012192",15,"62,138916","1,097137"
598,"0,007221","0,024045","18,917080","0,011821",15,"62,004575","1,261139"
599,"0,007044","0,026395","14,868986","0,012688",15,"60,995471","0,991266"
600,"0,005890","0,024500","14,960702","0,012510",15,"57,860348","0,997380"
601,"0,005331","0,023542","16,358400","0,013974",17,"59,206076","0,962259"
602,"0,005303","0,024037","16,292349","0,011317",16,"56,950193","1,018272"
603,"0,005892","0,024314","14,349922","0,012149",16,"56,704678","0,896870"
604,"0,005511","0,022316","13,486937","0,012046",16,"53,359560","0,842934"
605,"0,006693","0,022426","24,134093","0,012412",16,"65,665162","1,508381"
606,"0,005379","0,032268","21,611990","0,011009",15,"70,268098","1,440799"
607,"0,007386","0,029586","15,976686","0,011716",17,"64,664988","0,939805"
608,"0,006379","0,025043","17,404273","0,012281",15,"61,106516","1,160285"
609,"0,005646","0,023504","17,876711","0,016838",15,"63,864405","1,191781"
610,"0,008554","0,025137","15,785348","0,012109",16,"61,585001","0,986584"
611,"0,006504","0,022438","15,672480","0,012018",16,"56,632227","0,979530"
612,"0,006173","0,024027","18,910712","0,009561",16,"58,671265","1,181920"
613,"0,005575","0,026019","15,472854","0,012814",16,"59,881435","0,967053"
614,"0,007759","0,024114","16,211449","0,012674",16,"60,758916","1,013216"
615,"0,009423","0,024417","14,588941","0,016784",16,"65,212885","0,911809"
616,"0,006341","0,022674","15,360817","0,012244",16,"56,619330","0,960051"
617,"0,006224","0,023413","15,312207","0,011650",15,"56,599041","1,020814"
618,"0,005345","0,026556","14,983935","0,011776",15,"58,660834","0,998929"
619,"0,006010","0,021244","14,108342","0,011465",15,"52,827183","0,940556"
620,"0,007838","0,021642","13,907373","0,010961",15,"54,348376","0,927158"
621,"0,007629","0,021877","13,277807","0,011668",13,"54,452252","1,021370"
622,"0,006198","0,020772","15,161447","0,010690",13,"52,822382","1,166265"
623,"0,007199","0,021949","12,528620","0,013427",14,"55,104220","0,894901"
624,"0,006017","0,021184","15,445621","0,011462",15,"54,108459","1,029708"
625,"0,007468","0,021948","17,544439","0,013155",15,"60,115684","1,169629"
626,"0,005972","0,025039","18,533446","0,012501",16,"62,046336","1,158340"
627,"0,005429","0,026764","15,309838","0,012711",16,"60,214282","0,956865"
628,"0,008496","0,022041","14,710450","0,011585",14,"56,832171","1,050746"
629,"0,006294","0,021930","19,642490","0,014021",15,"61,887801","1,309499"
630,"0,006010","0,025913","14,418821","0,010873",16,"57,214527","0,901176"
631,"0,005345","0,025134","17,518806","0,012336",15,"60,332976","1,167920"
632,"0,006742","0,025065","16,752946","0,013165",15,"61,725616","1,116863"
633,"0,006049","0,025151","21,198275","0,011480",16,"63,877847","1,324892"
634,"0,007222","0,028321","20,157778","0,011650",17,"67,351162","1,185752"
635,"0,005832","0,027790","18,616906","0,010990",17,"63,229049","1,095112"
636,"0,005713","0,026778","16,074387","0,009179",16,"57,744471","1,004649"
637,"0,006156","0,023412","17,988492","0,011467",16,"59,023184","1,124281"
638,"0,006931","0,027452","16,607947","0,011875",16,"62,865925","1,037997"
639,"0,006975","0,023038","20,866516","0,012697",17,"63,576073","1,227442"
640,"0,008208","0,028148","20,752494","0,011362",16,"68,469901","1,297031"
641,"0,007863","0,029134","19,769760","0,011617",15,"68,384361","1,317984"
642,"0,008359","0,026323","16,630316","0,010833",16,"62,144805","1,039395"
643,"0,005947","0,024961","18,534950","0,014097",15,"63,540711","1,235663"
644,"0,008082","0,026204","16,177815","0,011049",15,"61,511880","1,078521"
645,"0,005386","0,023441","19,771520","0,010924",16,"59,523211","1,235720"
646,"0,008642","0,027051","17,290412","0,011996",16,"64,979819","1,080651"
647,"0,005566","0,025204","16,733521","0,010176",16,"57,678931","1,045845"
648,"0,005527","0,024077","16,804821","0,009148",16,"55,556688","1,050301"
649,"0,007444","0,025132","21,491217","0,011725",16,"65,791954","1,343201"
650,"0,005431","0,027469","20,930551","0,011295",16,"65,125745","1,308159"
651,"0,006040","0,027880","20,260727","0,011267",15,"65,447008","1,350715"
652,"0,005710","0,026721","18,820307","0,012553",17,"63,804882","1,107077"
653,"0,006123","0,025780","17,012607","0,010755",15,"59,670194","1,134174"
654,"0,006854","0,025988","15,254412","0,010737",15,"58,833289","1,016961"
655,"0,006765","0,026084","17,628987","0,010764",14,"61,242234","1,259213"
656,"0,006870","0,024945","18,908888","0,009556",15,"60,280047","1,260593"
657,"0,005248","0,026204","17,548408","0,009907",15,"58,907693","1,169894"
658,"0,006702","0,023746","17,794051","0,011598",16,"59,840089","1,112128"
659,"0,005337","0,024654","18,422656","0,010957",16,"59,371202","1,151416"
660,"0,007516","0,027549","17,078753","0,008467",15,"60,610461","1,138584"
661,"0,005412","0,024995","19,034526","0,011049",16,"60,490520","1,189658"
662,"0,005472","0,027112","19,004636","0,011067",17,"62,655230","1,117920"
663,"0,005569","0,026478","18,373087","0,011857",15,"62,276747","1,224872"
664,"0,008789","0,026173","15,519353","0,011532",16,"62,013759","0,969960"
665,"0,008574","0,026560","16,033360","0,010838",16,"62,005791","1,002085"
666,"0,005721","0,023142","19,062911","0,013210",16,"61,136598","1,191432"
667,"0,005167","0,025458","18,388479","0,012049",15,"61,062003","1,225899"
668,"0,005889","0,025347","14,907963","0,011369",15,"57,513323","0,993864"
669,"0,006914","0,022680","14,980000","0,009821",14,"54,394042","1,070000"
670,"0,005797","0,022394","16,429219","0,010006",17,"54,625700","0,966425"
671,"0,007163","0,024102","17,050688","0,011488",15,"59,804662","1,136713"
672,"0,009151","0,024299","14,357442","0,011862",16,"59,670065","0,897340"
673,"0,007150","0,023904","23,235042","0,014663",16,"68,951812","1,452190"
674,"0,006670","0,026683","20,017835","0,011132",16,"64,502451","1,251115"
675,"0,006146","0,026783","17,756450","0,010990",17,"61,674865","1,044497"
676,"0,007045","0,027823","16,252763","0,011233",16,"62,353903","1,015798"
677,"0,006122","0,023824","13,796839","0,013143",15,"56,886478","0,919789"
678,"0,005289","0,023168","13,720484","0,013922",15,"56,099690","0,914699"
679,"0,006060","0,021698","15,654014","0,010974",14,"54,385433","1,118144"
680,"0,005403","0,023405","17,053632","0,010702",14,"56,564096","1,218117"
681,"0,007195","0,023991","17,739457","0,011211",15,"60,136808","1,182630"
682,"0,006112","0,027243","15,036642","0,009990",14,"58,381812","1,074046"
683,"0,007528","0,021746","19,653851","0,010531",16,"59,458824","1,228366"
684,"0,007399","0,026012","16,787092","0,007905",16,"58,103559","1,049193"
685,"0,005453","0,023804","17,698143","0,010334",14,"57,289089","1,264153"
686,"0,005213","0,025738","15,392051","0,011378",15,"57,720598","1,026137"
687,"0,009619","0,027452","15,865545","0,014053",15,"66,989290","1,057703"
688,"0,006078","0,022858","20,673579","0,011024",15,"60,633279","1,378239"
689,"0,005501","0,027506","19,408111","0,012058",15,"64,472754","1,293874"
690,"0,008873","0,026444","17,981868","0,010989",16,"64,287721","1,123867"
691,"0,008316","0,025961","14,112119","0,011187",12,"59,575660","1,176010"
692,"0,007295","0,021548","14,147256","0,009783",12,"52,772780","1,178938"
693,"0,005557","0,022179","14,142904","0,009475",13,"51,353963","1,087916"
694,"0,007820","0,022871","14,288414","0,009433",13,"54,411769","1,099109"
695,"0,005237","0,022797","14,185369","0,011453",13,"53,671797","1,091182"
696,"0,007675","0,021021","17,405457","0,007916",12,"54,017479","1,450455"
697,"0,005628","0,024157","13,828841","0,009819",12,"53,432108","1,152403"
698,"0,005763","0,022026","14,269310","0,009256",13,"51,314120","1,097639"
699,"0,005401","0,021676","15,561530","0,010426",15,"53,064346","1,037435"
700,"0,007353","0,023115","14,390019","0,010624",15,"55,481676","0,959335"
701,"0,007472","0,022523","15,741538","0,010188",14,"55,925057","1,124396"
702,"0,006226","0,025983","14,438630","0,008917",14,"55,564369","1,031331"
703,"0,006757","0,022539","13,498138","0,009829",14,"52,623270","0,964153"
704,"0,007263","0,021354","13,048772","0,010344",14,"52,010025","0,932055"
705,"0,006194","0,022828","11,972274","0,009069",13,"50,062831","0,920944"
706,"0,006676","0,019970","11,742087","0,008804",13,"47,192038","0,903237"
707,"0,006140","0,020050","12,303426","0,009056",11,"47,549273","1,118493"
708,"0,005716","0,022917","14,741300","0,008572",12,"51,946535","1,228442"
709,"0,006832","0,021555","13,524187","0,009112",11,"51,023100","1,229472"
710,"0,006521","0,021791","14,450310","0,008680",11,"51,442158","1,313665"
711,"0,007062","0,022666","9,303349","0,008227",11,"47,257833","0,845759"
