Frame,Captura,Procesamiento,Tracking,Escritura,Cantidad Objetos,Tiempo Total(ms),Tiempo por Objeto tracking(ms),FPS
0,"0,040398","0,021483","0,004923","0,023206",9,"90,010313","0,547033",0
1,"0,008192","0,023921","0,007506","0,010658",9,"50,277046","0,834027",0
2,"0,005270","0,021542","0,006608","0,007288",9,"40,707877","0,734228",0
3,"0,006946","0,021919","0,007294","0,007136",9,"43,295659","0,810499",0
4,"0,006946","0,019455","0,009255","0,016368",9,"52,024912","1,028370",0
5,"0,006962","0,020393","0,005730","0,011669",9,"44,754935","0,636709",0
6,"0,007001","0,021508","0,006275","0,008928",9,"43,712255","0,697234",0
7,"0,006890","0,018806","0,006398","0,007626",9,"39,718834","0,710842",0
8,"0,007112","0,019200","0,005900","0,016790",9,"49,002420","0,655579",0
9,"0,007323","0,021754","0,005972","0,007796",9,"42,845267","0,663533",0
10,"0,007118","0,019194","0,008159","0,010879",9,"45,350036","0,906539",0
11,"0,010982","0,021544","0,008072","0,007632",9,"48,229480","0,896879",0
12,"0,005557","0,026676","0,005303","0,009052",9,"46,588373","0,589247",0
13,"0,005758","0,019991","0,006032","0,007582",9,"39,363359","0,670271",0
14,"0,005424","0,017903","0,005846","0,008097",9,"37,270385","0,649516",0
15,"0,008655","0,019965","0,005909","0,009276",9,"43,805028","0,656560",0
16,"0,005686","0,020003","0,005557","0,009491",9,"40,736838","0,617415",0
17,"0,005429","0,019120","0,007724","0,015327",9,"47,600297","0,858167",0
18,"0,005550","0,018505","0,005956","0,009638",9,"39,649548","0,661816",0
19,"0,005606","0,018236","0,005990","0,016180",9,"46,012439","0,665595",0
20,"0,005607","0,019349","0,006545","0,009966",9,"41,465803","0,727177",0
21,"0,005411","0,024766","0,005887","0,010566",9,"46,630615","0,654103",0
22,"0,005354","0,018879","0,006332","0,008783",8,"39,347421","0,791473",0
23,"0,006519","0,020070","0,006145","0,009978",8,"42,711244","0,768096",0
24,"0,005501","0,018612","0,006830","0,007551",8,"38,494608","0,853796",0
25,"0,006453","0,019693","0,006557","0,008310",9,"41,012690","0,728504",0
26,"0,005387","0,019235","0,005960","0,007317",9,"37,899088","0,662235",0
27,"0,005540","0,019228","0,007216","0,010250",9,"42,234515","0,801812",0
28,"0,005428","0,020385","0,005646","0,007504",9,"38,963432","0,627343",0
29,"0,005503","0,022091","0,005412","0,006881",9,"39,887128","0,601386",0
30,"0,005668","0,018805","0,005122","0,007351",9,"36,947071","0,569157",0
31,"0,005458","0,018455","0,005324","0,006640",9,"35,876585","0,591579",0
32,"0,005581","0,017912","0,005836","0,007539",9,"36,867803","0,648439",0
33,"0,005597","0,021889","0,005574","0,007352",9,"40,411508","0,619339",0
34,"0,005456","0,020648","0,005975","0,008224",9,"40,303951","0,663931",0
35,"0,008847","0,018159","0,005393","0,006760",9,"39,159251","0,599224",0
36,"0,005426","0,018066","0,005370","0,008218",9,"37,078759","0,596667",0
37,"0,005813","0,019232","0,007744","0,013195",9,"45,982678","0,860404",0
38,"0,005861","0,022211","0,005480","0,007598",9,"41,149530","0,608906",0
39,"0,005596","0,019210","0,006395","0,007824",9,"39,025196","0,710551",0
40,"0,007791","0,020885","0,005702","0,008476",9,"42,854546","0,633569",0
41,"0,005698","0,019327","0,005847","0,008002",9,"38,874148","0,649719",0
42,"0,005387","0,020063","0,005444","0,010366",9,"41,260257","0,604931",0
43,"0,005386","0,018914","0,005543","0,009211",9,"39,054285","0,615865",0
44,"0,006228","0,018201","0,005503","0,007240",9,"37,172266","0,611399",0
45,"0,005368","0,019063","0,005664","0,007038",9,"37,133705","0,629362",0
46,"0,005358","0,017711","0,005421","0,006243",9,"34,732107","0,602325",0
47,"0,006853","0,018870","0,005433","0,006990",9,"38,146654","0,603651",0
48,"0,005389","0,019637","0,006333","0,008500",9,"39,858871","0,703617",0
49,"0,005350","0,018480","0,005965","0,007131",9,"36,926525","0,662804",0
50,"0,005408","0,022265","0,011449","0,007229",9,"46,351177","1,272102",0
51,"0,005348","0,020339","0,006071","0,006243",9,"38,000917","0,674520",0
52,"0,005391","0,018826","0,006604","0,007022",9,"37,844014","0,733791",0
53,"0,005453","0,018757","0,005943","0,007334",9,"37,486682","0,660304",0
54,"0,005650","0,026812","0,005031","0,005517",9,"43,010300","0,559041",0
55,"0,005379","0,018954","0,005846","0,006211",9,"36,390371","0,649545",0
56,"0,005354","0,018986","0,006188","0,006803",9,"37,330100","0,687502",0
57,"0,005460","0,019174","0,006571","0,005845",9,"37,050277","0,730075",0
58,"0,005698","0,018413","0,009374","0,005611",9,"39,095758","1,041562",0
59,"0,005374","0,021027","0,005653","0,006362",9,"38,415915","0,628107",0
60,"0,005410","0,019457","0,006469","0,007290",9,"38,624983","0,718754",0
61,"0,005710","0,020719","0,005773","0,006915",9,"39,117008","0,641427",0
62,"0,005378","0,018748","0,005790","0,006700",9,"36,616462","0,643358",0
63,"0,005647","0,019405","0,006342","0,005599",9,"36,993408","0,704719",0
64,"0,006582","0,019606","0,005108","0,007107",9,"38,403307","0,567567",0
65,"0,007415","0,018445","0,005289","0,006741",9,"37,889808","0,587707",0
66,"0,005347","0,018220","0,005986","0,005359",9,"34,913110","0,665165",0
67,"0,005469","0,017983","0,005157","0,006242",9,"34,851122","0,573004",0
68,"0,005335","0,019821","0,005177","0,006827",9,"37,159817","0,575176",0
69,"0,005701","0,020487","0,005380","0,005814",9,"37,381686","0,597723",0
70,"0,008091","0,018909","0,005756","0,005874",9,"38,630134","0,639560",0
71,"0,005451","0,018862","0,005453","0,006671",9,"36,438180","0,605934",0
72,"0,005470","0,020756","0,005613","0,007504",9,"39,342011","0,623638",0
73,"0,005414","0,017901","0,005392","0,007440",9,"36,147446","0,599124",0
74,"0,005472","0,019979","0,005403","0,006386",9,"37,239823","0,600369",0
75,"0,005395","0,019058","0,007936","0,005414",9,"37,802571","0,881816",0
76,"0,005416","0,021011","0,005617","0,005747",9,"37,791789","0,624160",0
77,"0,005691","0,021356","0,006277","0,005423",9,"38,747356","0,697494",0
78,"0,005455","0,018679","0,009565","0,005649",9,"39,348349","1,062772",0
79,"0,005580","0,020437","0,007000","0,006398",9,"39,415870","0,777800",0
80,"0,005459","0,021411","0,007214","0,006311",9,"40,395570","0,801588",0
81,"0,005407","0,019637","0,005560","0,005707",9,"36,310687","0,617739",0
82,"0,005391","0,018702","0,006603","0,006775",9,"37,470875","0,733638",0
83,"0,006947","0,019494","0,005519","0,007096",9,"39,057644","0,613273",0
84,"0,005431","0,018624","0,005504","0,009260",9,"38,818241","0,611573",0
85,"0,005607","0,018996","0,006409","0,011136",9,"42,148398","0,712144",0
86,"0,005347","0,018421","0,005531","0,012723",9,"42,022470","0,614595",0
87,"0,006414","0,022105","0,006468","0,009745",9,"44,732020","0,718700",0
88,"0,005971","0,018376","0,005720","0,008010",9,"38,076378","0,635507",0
89,"0,005367","0,019220","0,006003","0,007726",9,"38,315878","0,666979",0
90,"0,005470","0,019158","0,006264","0,007713",9,"38,605525","0,696001",0
91,"0,005670","0,018577","0,005357","0,011440",9,"41,042837","0,595181",0
92,"0,005487","0,018414","0,009630","0,020311",9,"53,842348","1,070036",0
93,"0,005637","0,021480","0,007226","0,009082",8,"43,424719","0,903243",0
94,"0,005708","0,022897","0,006112","0,009808",8,"44,524168","0,763948",0
95,"0,005528","0,025227","0,006086","0,010705",9,"47,546054","0,676256",0
96,"0,005599","0,026655","0,006170","0,011527",9,"49,950530","0,685589",0
97,"0,005390","0,022985","0,005440","0,009137",9,"42,951894","0,604391",0
98,"0,005675","0,024489","0,006155","0,010330",9,"46,649208","0,683915",0
99,"0,005563","0,025034","0,006625","0,011990",9,"49,212252","0,736138",0
100,"0,006578","0,022888","0,005900","0,011822",8,"47,187155","0,737482",0
101,"0,005368","0,024868","0,005405","0,008803",9,"44,444612","0,600579",0
102,"0,006345","0,026318","0,005763","0,010137",9,"48,562299","0,640321",0
103,"0,005769","0,027781","0,005716","0,012692",8,"51,958697","0,714445",0
104,"0,005792","0,027257","0,005216","0,010403",4,"48,667711","1,303908",0
105,"0,006776","0,023009","0,004691","0,013603",4,"48,079201","1,172861",0
106,"0,009146","0,024415","0,004371","0,012954",4,"50,886386","1,092761",0
107,"0,005509","0,019021","0,005045","0,013101",4,"42,676424","1,261297",0
108,"0,006134","0,019896","0,005663","0,008178",5,"39,870965","1,132590",0
109,"0,005354","0,019045","0,006559","0,015301",7,"46,259939","0,937050",0
110,"0,005437","0,018890","0,007107","0,016146",7,"47,579527","1,015248",0
111,"0,006859","0,018158","0,010396","0,015634",9,"51,047355","1,155121",0
112,"0,006772","0,018632","0,007562","0,010624",9,"43,590328","0,840189",0
113,"0,005507","0,020052","0,007809","0,012832",9,"46,199838","0,867643",0
114,"0,006946","0,018963","0,006065","0,016075",9,"48,048927","0,673834",0
115,"0,009141","0,018867","0,007105","0,012923",9,"48,035582","0,789453",0
116,"0,010118","0,023608","0,006667","0,013840",9,"54,234048","0,740828",0
117,"0,007332","0,020360","0,007107","0,012829",10,"47,626922","0,710683",0
118,"0,005700","0,020790","0,009320","0,011384",10,"47,194484","0,932020",0
119,"0,005800","0,021642","0,010968","0,011546",10,"49,956451","1,096838",0
120,"0,006484","0,022260","0,005833","0,007613",10,"42,189648","0,583291",0
121,"0,008351","0,019285","0,007790","0,009982",10,"45,408790","0,779029",0
122,"0,005462","0,020319","0,005919","0,009908",10,"41,608528","0,591912",0
123,"0,005886","0,018118","0,007599","0,008968",10,"40,571900","0,759937",0
124,"0,006876","0,027958","0,005885","0,009274",10,"49,993060","0,588517",0
125,"0,005423","0,020684","0,007258","0,009351",10,"42,717194","0,725849",0
126,"0,005448","0,020250","0,006664","0,009094",10,"41,455593","0,666364",0
127,"0,012303","0,024256","0,007121","0,010160",10,"53,839020","0,712072",0
128,"0,005834","0,022647","0,005687","0,013891",9,"48,057727","0,631876",0
129,"0,005823","0,019191","0,007304","0,009217",9,"41,535117","0,811509",0
130,"0,005917","0,020205","0,006766","0,008990",8,"41,878175","0,845752",0
131,"0,005449","0,019961","0,008233","0,008472",8,"42,114315","1,029129",0
132,"0,005437","0,021470","0,006655","0,007730",8,"41,292896","0,831935",0
133,"0,005332","0,019915","0,006655","0,011670",8,"43,571543","0,831923",0
134,"0,005292","0,019141","0,005855","0,008861",8,"39,149233","0,731858",0
135,"0,005310","0,018600","0,007297","0,008800",8,"40,007134","0,912179",0
136,"0,005601","0,022148","0,006712","0,008264",8,"42,725642","0,839060",0
137,"0,006251","0,021542","0,007423","0,009540",8,"44,756787","0,927900",0
138,"0,005360","0,022570","0,005856","0,014019",8,"47,805619","0,732046",0
139,"0,005412","0,023347","0,009407","0,011396",8,"49,562124","1,175893",0
140,"0,005381","0,021649","0,005440","0,009152",8,"41,621938","0,679939",0
141,"0,005345","0,022540","0,005777","0,008971",8,"42,633606","0,722173",0
142,"0,005340","0,023142","0,005353","0,008818",8,"42,654501","0,669159",0
143,"0,005345","0,017433","0,006163","0,008928",8,"37,868653","0,770328",0
144,"0,005471","0,018930","0,006915","0,007930",8,"39,244949","0,864349",0
145,"0,005562","0,021632","0,006718","0,008434",8,"42,345493","0,839731",0
146,"0,005506","0,020586","0,005358","0,008711",8,"40,160965","0,669719",0
147,"0,006267","0,023624","0,006360","0,008545",8,"44,796407","0,795009",0
148,"0,005544","0,021461","0,005161","0,010477",8,"42,643462","0,645146",0
149,"0,005411","0,021626","0,006349","0,008833",8,"42,219983","0,793633",0
150,"0,005868","0,022877","0,005668","0,009566",8,"43,979084","0,708545",0
151,"0,005529","0,018745","0,006380","0,008649",8,"39,303418","0,797493",0
152,"0,005482","0,026468","0,005401","0,007905",8,"45,256591","0,675159",0
153,"0,005794","0,022607","0,009753","0,008458",8,"46,611477","1,219063",0
154,"0,005337","0,024375","0,004896","0,007539",8,"42,148012","0,612048",0
155,"0,005272","0,022840","0,005852","0,009864",8,"43,827844","0,731474",0
156,"0,005422","0,019801","0,006012","0,007149",8,"38,382570","0,751447",0
157,"0,006844","0,020644","0,005995","0,007827",8,"41,309281","0,749319",0
158,"0,005588","0,017394","0,005038","0,007438",8,"35,457651","0,629721",0
159,"0,005563","0,020020","0,006052","0,007919",8,"39,554117","0,756471",0
160,"0,005528","0,028167","0,005314","0,008754",8,"47,763535","0,664291",0
161,"0,005645","0,018914","0,005835","0,007241",7,"37,634081","0,833534",0
162,"0,005714","0,022636","0,004962","0,008018",8,"41,330208","0,620276",0
163,"0,005409","0,021515","0,005969","0,007554",8,"40,446611","0,746099",0
164,"0,005542","0,026707","0,005379","0,008295",8,"45,923793","0,672351",0
165,"0,005661","0,021772","0,005789","0,008356",8,"41,577295","0,723578",0
166,"0,006217","0,020709","0,007810","0,007056",8,"41,791706","0,976199",0
167,"0,006242","0,020444","0,005713","0,007498",8,"39,896759","0,714129",0
168,"0,007664","0,021698","0,004870","0,007965",8,"42,197678","0,608788",0
169,"0,005504","0,021747","0,005820","0,007845",8,"40,916940","0,727510",0
170,"0,009015","0,022054","0,005561","0,007778",8,"44,407873","0,695064",0
171,"0,010303","0,020565","0,005933","0,008442",8,"45,243148","0,741598",0
172,"0,005498","0,018699","0,004903","0,008467",8,"37,566365","0,612860",0
173,"0,005412","0,021642","0,006173","0,007463",7,"40,689823","0,881874",0
174,"0,005519","0,021538","0,005003","0,007464",8,"39,524323","0,625348",0
175,"0,005426","0,019913","0,005721","0,007426",8,"38,486606","0,715093",0
176,"0,005743","0,018480","0,007420","0,008754",8,"40,396371","0,927452",0
177,"0,005627","0,019973","0,005710","0,008229",8,"39,538564","0,713757",0
178,"0,005468","0,020269","0,004793","0,007464",8,"37,993716","0,599075",0
179,"0,005537","0,026651","0,005577","0,007636",8,"45,401109","0,697064",0
180,"0,005789","0,024151","0,004994","0,007983",8,"42,917362","0,624312",0
181,"0,005427","0,022963","0,005968","0,008482",7,"42,840015","0,852501",0
182,"0,005400","0,021490","0,005050","0,008274",7,"40,214087","0,721404",0
183,"0,006437","0,021079","0,005606","0,008247",8,"41,369251","0,700804",0
184,"0,006080","0,023837","0,005345","0,008530",8,"43,792417","0,668071",0
185,"0,005458","0,022477","0,006834","0,007499",9,"42,267923","0,759367",0
186,"0,005343","0,023222","0,005644","0,008835",9,"43,044603","0,627129",0
187,"0,005698","0,021780","0,005990","0,007705",8,"41,172153","0,748747",0
188,"0,005690","0,022683","0,005301","0,008601",8,"42,274739","0,662570",0
189,"0,005354","0,023148","0,006304","0,007519",8,"42,324630","0,788025",0
190,"0,005347","0,020941","0,005266","0,009217",8,"40,770211","0,658270",0
191,"0,005722","0,023430","0,007732","0,008094",8,"44,978174","0,966538",0
192,"0,005356","0,019436","0,005770","0,007413",8,"37,975027","0,721222",0
193,"0,005380","0,023028","0,006307","0,011506",8,"46,220415","0,788381",0
194,"0,007867","0,020184","0,005435","0,009911",8,"43,398157","0,679427",0
195,"0,005728","0,023528","0,006882","0,008683",7,"44,822038","0,983210",0
196,"0,006228","0,021967","0,005892","0,007931",8,"42,017765","0,736490",0
197,"0,005446","0,026287","0,006383","0,008857",8,"46,973990","0,797933",0
198,"0,006349","0,023947","0,005059","0,008946",8,"44,301211","0,632333",0
199,"0,005991","0,022493","0,005633","0,007865",8,"41,982019","0,704184",0
200,"0,005411","0,023726","0,005610","0,008508",8,"43,255589","0,701292",0
201,"0,005354","0,021744","0,006254","0,008069",8,"41,421990","0,781784",0
202,"0,005398","0,019460","0,005040","0,007750",8,"37,647778","0,629993",0
203,"0,005389","0,019246","0,005950","0,008724",8,"39,309209","0,743811",0
204,"0,007793","0,019733","0,005141","0,007252",8,"39,918617","0,642637",0
205,"0,005712","0,022792","0,006313","0,008221",8,"43,037563","0,789085",0
206,"0,005445","0,022670","0,007198","0,007870",8,"43,183074","0,899807",0
207,"0,005601","0,021171","0,006422","0,007840",7,"41,034323","0,917465",0
208,"0,007068","0,021449","0,005048","0,008922",8,"42,487998","0,631021",0
209,"0,005702","0,022738","0,005824","0,007757",8,"42,020549","0,727978",0
210,"0,005723","0,021596","0,005130","0,007989",8,"40,438450","0,641261",0
211,"0,005741","0,022239","0,005876","0,007776",8,"41,631825","0,734474",0
212,"0,005515","0,022342","0,005143","0,007930",8,"40,930381","0,642917",0
213,"0,009752","0,021686","0,006898","0,008557",9,"46,892066","0,766404",0
214,"0,005936","0,026087","0,006102","0,007957",9,"46,081144","0,677973",0
215,"0,005654","0,020166","0,008110","0,008646",10,"42,576097","0,811018",0
216,"0,005645","0,020981","0,007647","0,008219",9,"42,490846","0,849612",0
217,"0,005521","0,024810","0,008078","0,010483",10,"48,891274","0,807763",0
218,"0,006616","0,023015","0,010349","0,009742",10,"49,721299","1,034889",0
219,"0,005463","0,022332","0,009406","0,008599",10,"45,799464","0,940590",0
220,"0,005398","0,022124","0,008921","0,009732",11,"46,176092","0,811044",0
221,"0,005433","0,022122","0,009127","0,008414",10,"45,096421","0,912707",0
222,"0,005538","0,024034","0,008396","0,010746",14,"48,714497","0,599750",0
223,"0,005407","0,024155","0,008332","0,009010",13,"46,903395","0,640897",0
224,"0,005484","0,024519","0,008906","0,009687",15,"48,596217","0,593763",0
225,"0,005792","0,023228","0,008314","0,009125",13,"46,459562","0,639529",0
226,"0,008803","0,023365","0,009308","0,010389",15,"51,865123","0,620551",0
227,"0,005382","0,023180","0,011082","0,009267",14,"48,911307","0,791589",0
228,"0,010233","0,021685","0,009308","0,008398",13,"49,623534","0,715988",0
229,"0,005594","0,021278","0,007646","0,010972",13,"45,489400","0,588129",0
230,"0,006024","0,021415","0,008819","0,009893",14,"46,151387","0,629914",0
231,"0,005411","0,024687","0,014927","0,009835",13,"54,859647","1,148222",0
232,"0,005657","0,027145","0,010349","0,010040",14,"53,190663","0,739225",0
233,"0,005443","0,021595","0,007980","0,008806",14,"43,824419","0,570025",0
234,"0,005789","0,022522","0,011219","0,009808",13,"49,337088","0,862981",0
235,"0,008569","0,031368","0,008079","0,009861",13,"57,877563","0,621440",0
236,"0,005409","0,022907","0,012376","0,009596",14,"50,288627","0,884021",0
237,"0,006342","0,019148","0,008612","0,008994",14,"43,095453","0,615136",0
238,"0,006556","0,021419","0,007812","0,009656",13,"45,442581","0,600895",0
239,"0,005516","0,022321","0,007467","0,008567",13,"43,870149","0,574398",0
240,"0,005298","0,022878","0,008368","0,008756",13,"45,300751","0,643684",0
241,"0,005957","0,021413","0,008075","0,010527",13,"45,971602","0,621145",0
242,"0,005344","0,022313","0,011237","0,009047",14,"47,940089","0,802641",0
243,"0,005320","0,022028","0,010948","0,010444",14,"48,739745","0,782006",0
244,"0,006433","0,022387","0,010173","0,012089",14,"51,082203","0,726653",0
245,"0,007711","0,028038","0,008074","0,008895",14,"52,716848","0,576686",0
246,"0,005813","0,038894","0,009000","0,009154",13,"62,861534","0,692329",0
247,"0,005411","0,028773","0,009641","0,010416",14,"54,241215","0,688644",0
248,"0,005617","0,028232","0,009830","0,009780",14,"53,458901","0,702160",0
249,"0,005624","0,024070","0,009257","0,010004",14,"48,955468","0,661193",0
250,"0,005640","0,031032","0,007149","0,010207",15,"54,026867","0,476577",0
251,"0,006945","0,027108","0,007871","0,008767",14,"50,690372","0,562212",0
252,"0,005384","0,026622","0,007490","0,008179",13,"47,675180","0,576183",0
253,"0,005423","0,025717","0,008590","0,009719",14,"49,449062","0,613559",0
254,"0,005382","0,019902","0,008140","0,008738",13,"42,162285","0,626186",0
255,"0,006875","0,020104","0,008233","0,008664",12,"43,876900","0,686121",0
256,"0,005819","0,019653","0,008660","0,009704",13,"43,836291","0,666151",0
257,"0,005343","0,023051","0,008920","0,008161",13,"45,475255","0,686153",0
258,"0,006139","0,020035","0,010567","0,008788",14,"45,528284","0,754750",0
259,"0,006238","0,022254","0,007998","0,009709",14,"46,199613","0,571294",0
260,"0,006634","0,024120","0,007882","0,009546",14,"48,182852","0,563021",0
261,"0,006425","0,024256","0,009130","0,008545",14,"48,357101","0,652144",0
262,"0,005465","0,022397","0,010761","0,008834",15,"47,456478","0,717424",0
263,"0,005538","0,022147","0,010287","0,012861",16,"50,833197","0,642941",0
264,"0,005531","0,022575","0,010231","0,008728",18,"47,064106","0,568376",0
265,"0,005393","0,023331","0,011809","0,010981",17,"51,514864","0,694632",0
266,"0,005897","0,021744","0,011006","0,011483",19,"50,129001","0,579249",0
267,"0,005612","0,024422","0,010723","0,010257",21,"51,014295","0,510628",0
268,"0,005569","0,023249","0,017695","0,010437",22,"56,949899","0,804302",0
269,"0,005654","0,018248","0,012461","0,011494",23,"47,857586","0,541794",0
270,"0,005593","0,019943","0,013259","0,011323",24,"50,117640","0,552465",0
271,"0,005612","0,020456","0,013863","0,012007",23,"51,938599","0,602726",0
272,"0,005604","0,021704","0,012027","0,011334",25,"50,668741","0,481060",0
273,"0,006304","0,019810","0,013112","0,011006",21,"50,232014","0,624401",0
274,"0,005526","0,018449","0,014026","0,012281",24,"50,281520","0,584404",0
275,"0,006175","0,021627","0,013960","0,012086",24,"53,848137","0,581670",0
276,"0,005355","0,024955","0,011413","0,011311",24,"53,033374","0,475529",0
277,"0,005431","0,023181","0,013827","0,013113",24,"55,552898","0,576138",0
278,"0,005623","0,026347","0,011223","0,017408",23,"60,601577","0,487954",0
279,"0,005439","0,029293","0,011611","0,013984",23,"60,327003","0,504830",0
280,"0,005680","0,024108","0,011578","0,012458",24,"53,823400","0,482410",0
281,"0,005427","0,018102","0,010755","0,014268",24,"48,552598","0,448122",0
282,"0,005389","0,021130","0,010895","0,013743",24,"51,156990","0,453950",0
283,"0,005383","0,022601","0,010920","0,012431",23,"51,334567","0,474788",0
284,"0,005731","0,024477","0,010901","0,013082",23,"54,190138","0,473939",0
285,"0,005856","0,022980","0,015116","0,014239",23,"58,190858","0,657199",0
286,"0,005900","0,018881","0,010820","0,015024",23,"50,624514","0,470423",0
287,"0,005450","0,027781","0,010584","0,012768",23,"56,583352","0,460155",0
288,"0,005567","0,018575","0,011121","0,011005",23,"46,267168","0,483513",0
289,"0,005365","0,026073","0,012166","0,011630",24,"55,234385","0,506914",0
290,"0,005416","0,024659","0,010958","0,012386",22,"53,419411","0,498113",0
291,"0,005560","0,031408","0,011697","0,012787",21,"61,453107","0,557021",0
292,"0,005702","0,026114","0,010345","0,012113",21,"54,274431","0,492640",0
293,"0,005532","0,023865","0,015097","0,011273",21,"55,766701","0,718897",0
294,"0,005548","0,026942","0,010348","0,012812",20,"55,649126","0,517395",0
295,"0,010816","0,023177","0,010317","0,010939",20,"55,248017","0,515852",0
296,"0,005687","0,023832","0,010410","0,012398",21,"52,327994","0,495736",0
297,"0,005556","0,025831","0,013071","0,013226",21,"57,684497","0,622437",0
298,"0,005877","0,023312","0,010141","0,012107",20,"51,437036","0,507060",0
299,"0,005393","0,025710","0,009699","0,011302",20,"52,103214","0,484936",0
300,"0,005383","0,017740","0,009814","0,009833",20,"42,769322","0,490680",0
301,"0,005581","0,024715","0,011375","0,012001",20,"53,671008","0,568732",0
302,"0,005673","0,022213","0,009545","0,013145",20,"50,576256","0,477274",0
303,"0,005380","0,022820","0,009300","0,010990",21,"48,490002","0,442856",0
304,"0,005429","0,023411","0,009571","0,012124",21,"50,534685","0,455778",0
305,"0,005493","0,032288","0,011231","0,010369",21,"59,380296","0,534798",0
306,"0,005422","0,024904","0,010823","0,012349",19,"53,498262","0,569655",0
307,"0,005504","0,024195","0,009678","0,010410",18,"49,787221","0,537676",0
308,"0,005513","0,019068","0,009965","0,011286",19,"45,832393","0,524465",0
309,"0,005621","0,024648","0,010049","0,010576",19,"50,894319","0,528910",0
310,"0,005528","0,023107","0,010864","0,010733",20,"50,232943","0,543223",0
311,"0,005344","0,022866","0,009851","0,010742",17,"48,804515","0,579497",0
312,"0,005583","0,024581","0,010239","0,008487",16,"48,889191","0,639913",0
313,"0,005551","0,025321","0,010241","0,014623",17,"55,735307","0,602403",0
314,"0,005481","0,024211","0,010670","0,010946",17,"51,306438","0,627626",0
315,"0,005437","0,022933","0,011345","0,010688",16,"50,402453","0,709041",0
316,"0,005504","0,022710","0,014509","0,011531",17,"54,254462","0,853479",0
317,"0,008218","0,023143","0,010473","0,010281",17,"52,115119","0,616062",0
318,"0,005445","0,023966","0,010112","0,011259",17,"50,781354","0,594798",0
319,"0,006159","0,022925","0,010071","0,010878",18,"50,033218","0,559481",0
320,"0,005563","0,022876","0,009619","0,011443",19,"49,500616","0,506238",0
321,"0,006393","0,026195","0,009874","0,010482",17,"52,943642","0,580828",0
322,"0,005512","0,024738","0,009962","0,010626",18,"50,839469","0,553462",0
323,"0,005567","0,023611","0,009653","0,010595",18,"49,425187","0,536268",0
324,"0,005519","0,018193","0,009878","0,009097",17,"42,687559","0,581043",0
325,"0,005710","0,028800","0,010233","0,010044",16,"54,785849","0,639555",0
326,"0,007627","0,020887","0,010104","0,010553",18,"49,170966","0,561346",0
327,"0,006316","0,018962","0,009833","0,010635",17,"45,745283","0,578389",0
328,"0,005669","0,023775","0,009985","0,012145",18,"51,574066","0,554729",0
329,"0,006102","0,029644","0,009503","0,010457",18,"55,705545","0,527944",0
330,"0,005408","0,024986","0,010621","0,009896",17,"50,910769","0,624778",0
331,"0,007377","0,021916","0,008408","0,010460",16,"48,161282","0,525491",0
332,"0,007725","0,024176","0,008991","0,010161",16,"51,052633","0,561925",0
333,"0,005412","0,023126","0,008347","0,009594",16,"46,479402","0,521715",0
334,"0,005410","0,022208","0,008105","0,009809",16,"45,531256","0,506552",0
335,"0,005400","0,025551","0,008946","0,010427",18,"50,324690","0,496980",0
336,"0,006176","0,025967","0,008164","0,008929",15,"49,235546","0,544269",0
337,"0,005526","0,020816","0,007858","0,011689",14,"45,889356","0,561309",0
338,"0,005802","0,023406","0,008543","0,009569",16,"47,320053","0,533966",0
339,"0,008405","0,023380","0,009223","0,010002",16,"51,010549","0,576460",0
340,"0,010842","0,025957","0,008375","0,010149",16,"55,323125","0,523429",0
341,"0,005399","0,022026","0,011798","0,011616",17,"50,839852","0,694022",0
342,"0,005655","0,023059","0,009833","0,010233",17,"48,780611","0,578439",0
343,"0,005453","0,025267","0,009770","0,011257",16,"51,746682","0,610616",0
344,"0,005362","0,027527","0,009892","0,009551",17,"52,332410","0,581881",0
345,"0,005641","0,025989","0,009829","0,010787",17,"52,246100","0,578204",0
346,"0,005719","0,024718","0,008924","0,009724",17,"49,085393","0,524965",0
347,"0,007066","0,021233","0,008315","0,009401",17,"46,015827","0,489145",0
348,"0,005600","0,023074","0,008237","0,008991",17,"45,901900","0,484518",0
349,"0,005363","0,027688","0,009074","0,010927",17,"53,052447","0,533750",0
350,"0,005605","0,024193","0,008127","0,009873",17,"47,799470","0,478084",0
351,"0,005676","0,022845","0,008283","0,010579",17,"47,382328","0,487235",0
352,"0,005987","0,023271","0,010923","0,009703",16,"49,883226","0,682667",0
353,"0,005396","0,023054","0,010236","0,009539",17,"48,225093","0,602107",0
354,"0,005400","0,024023","0,010408","0,009464",17,"49,295260","0,612244",0
355,"0,005487","0,021920","0,010041","0,009533",18,"46,980933","0,557821",0
356,"0,006572","0,024639","0,012756","0,010653",19,"54,621008","0,671371",0
357,"0,005543","0,027012","0,009243","0,009162",17,"50,959667","0,543703",0
358,"0,005473","0,021191","0,014573","0,010478",17,"51,714970","0,857262",0
359,"0,006687","0,023215","0,010386","0,012970",18,"53,257577","0,577008",0
360,"0,005517","0,024961","0,009212","0,008787",18,"48,477137","0,511803",0
361,"0,006695","0,022356","0,008696","0,010966",17,"48,712253","0,511537",0
362,"0,009690","0,022454","0,009716","0,010970",18,"52,829715","0,539786",0
363,"0,006010","0,029992","0,008977","0,012155",17,"57,133682","0,528033",0
364,"0,005812","0,027404","0,009945","0,011599",18,"54,760631","0,552517",0
365,"0,006146","0,022626","0,009255","0,010274",17,"48,299977","0,544422",0
366,"0,005534","0,023475","0,011230","0,010926",17,"51,165086","0,660605",0
367,"0,005464","0,022342","0,013738","0,012548",16,"54,092981","0,858649",0
368,"0,005506","0,024803","0,010840","0,013160",15,"54,307905","0,722657",0
369,"0,005488","0,024626","0,012451","0,012262",14,"54,826460","0,889347",0
370,"0,005709","0,023431","0,012666","0,012860",16,"54,666450","0,791631",0
371,"0,007017","0,020903","0,012585","0,011764",15,"52,269878","0,839032",0
372,"0,005396","0,023515","0,012998","0,008844",17,"50,753191","0,764595",0
373,"0,005423","0,022511","0,017591","0,019082",18,"64,606518","0,977270",0
374,"0,005400","0,022685","0,013036","0,013054",20,"54,175706","0,651816",0
375,"0,005697","0,025300","0,013222","0,012155",21,"56,374699","0,629619",0
376,"0,006412","0,025189","0,014893","0,012849",21,"59,342692","0,709206",0
377,"0,005413","0,023214","0,014552","0,011620",20,"54,799383","0,727606",0
378,"0,005447","0,017097","0,011905","0,011678",20,"46,126359","0,595271",0
379,"0,005456","0,019112","0,014317","0,011236",19,"50,120933","0,753531",0
380,"0,005485","0,032040","0,013903","0,012829",21,"64,256547","0,662059",0
381,"0,005483","0,022380","0,010589","0,011148",19,"49,600043","0,557294",0
382,"0,005375","0,017640","0,010628","0,011182",21,"44,824436","0,506091",0
383,"0,005472","0,023078","0,012896","0,011207",21,"52,651913","0,614097",0
384,"0,005562","0,024220","0,010412","0,010335",21,"50,530171","0,495814",0
385,"0,005485","0,026801","0,009724","0,012240",18,"54,249596","0,540195",0
386,"0,005455","0,025120","0,011072","0,010849",16,"52,495393","0,691976",0
387,"0,005616","0,021038","0,008917","0,010544",15,"46,114357","0,594469",0
388,"0,005355","0,019712","0,009256","0,010011",15,"44,334618","0,617099",0
389,"0,005415","0,022503","0,011554","0,009233",14,"48,705788","0,825314",0
390,"0,005324","0,022037","0,008353","0,009325",14,"45,038591","0,596616",0
391,"0,005377","0,020698","0,007963","0,009586",14,"43,625301","0,568813",0
392,"0,005399","0,029406","0,008456","0,011597",14,"54,858043","0,604031",0
393,"0,006500","0,024884","0,008109","0,009507",14,"49,000236","0,579214",0
394,"0,005494","0,018006","0,010104","0,009463",13,"43,066106","0,777197",0
395,"0,005402","0,020897","0,009206","0,010092",14,"45,596924","0,657540",0
396,"0,005391","0,018914","0,008784","0,008035",14,"41,124660","0,627452",0
397,"0,005618","0,022290","0,007569","0,009452",14,"44,928346","0,540627",0
398,"0,007371","0,018625","0,008054","0,008918",13,"42,968691","0,619574",0
399,"0,005686","0,019569","0,008392","0,009867",13,"43,513360","0,645520",0
400,"0,005768","0,021468","0,007904","0,009280",13,"44,420191","0,608007",0
401,"0,005417","0,018780","0,007475","0,009651",13,"41,322014","0,574966",0
402,"0,005423","0,019298","0,009040","0,008858",12,"42,618049","0,753314",0
403,"0,005318","0,019318","0,007527","0,009902",12,"42,064963","0,627278",0
404,"0,005362","0,025760","0,007258","0,009646",12,"48,027194","0,604858",0
405,"0,005325","0,025723","0,008138","0,007832",12,"47,019334","0,678190",0
406,"0,005302","0,024846","0,008999","0,009412",12,"48,558806","0,749940",0
407,"0,007150","0,027008","0,010183","0,012896",12,"57,237239","0,848591",0
408,"0,009805","0,022614","0,007473","0,008793",12,"48,685404","0,622752",0
409,"0,005387","0,021826","0,008744","0,008566",12,"44,522691","0,728686",0
410,"0,006280","0,022133","0,009857","0,008568",13,"46,838395","0,758247",0
411,"0,008205","0,020086","0,007535","0,008514",13,"44,340345","0,579594",0
412,"0,009191","0,031232","0,007270","0,008670",12,"56,363018","0,605839",0
413,"0,005627","0,034228","0,008176","0,008852",14,"56,881764","0,583971",0
414,"0,005347","0,029843","0,007586","0,010897",14,"53,672541","0,541838",0
415,"0,005755","0,036875","0,008725","0,008457",14,"59,812317","0,623216",0
416,"0,005348","0,024710","0,008390","0,008644",14,"47,091944","0,599252",0
417,"0,006328","0,028553","0,011814","0,009289",14,"55,984117","0,843875",0
418,"0,005498","0,037596","0,009586","0,008618",13,"61,297064","0,737387",0
419,"0,007873","0,025797","0,007909","0,009993",15,"51,571761","0,527279",0
420,"0,005711","0,024442","0,009366","0,008247",14,"47,765420","0,668974",0
421,"0,005379","0,022523","0,009227","0,009741",13,"46,870046","0,709748",0
422,"0,005392","0,022756","0,007613","0,009187",14,"44,947448","0,543811",0
423,"0,006124","0,022571","0,007936","0,011127",14,"47,757580","0,566852",0
424,"0,005437","0,025526","0,007993","0,009989",12,"48,945321","0,666072",0
425,"0,007396","0,024715","0,007008","0,010010",11,"49,129777","0,637124",0
426,"0,008035","0,023631","0,007257","0,009798",11,"48,721052","0,659714",0
427,"0,007695","0,021530","0,009592","0,011051",11,"49,868056","0,872019",0
428,"0,007313","0,023979","0,010348","0,010700",11,"52,340505","0,940697",0
429,"0,007130","0,022484","0,007836","0,011749",11,"49,199158","0,712345",0
430,"0,009508","0,021788","0,009286","0,010813",11,"51,396262","0,844210",0
431,"0,008345","0,023262","0,011690","0,010930",11,"54,227803","1,062769",0
432,"0,005581","0,020577","0,008555","0,007644",11,"42,358484","0,777771",0
433,"0,005424","0,020335","0,008928","0,012489",11,"47,175725","0,811594",0
434,"0,008684","0,020384","0,009142","0,017847",12,"56,057465","0,761861",0
435,"0,005392","0,019259","0,012280","0,012858",13,"49,790070","0,944642",0
436,"0,005621","0,027134","0,009590","0,011060",14,"53,405424","0,684991",0
437,"0,005438","0,023431","0,008403","0,011409",14,"48,681339","0,600223",0
438,"0,005403","0,022176","0,009163","0,010636",14,"47,376791","0,654466",0
439,"0,006454","0,025081","0,009307","0,010099",14,"50,942192","0,664816",0
440,"0,005345","0,023469","0,010433","0,009953",12,"49,199702","0,869378",0
441,"0,005334","0,023246","0,008623","0,009194",12,"46,397924","0,718605",0
442,"0,005353","0,022874","0,009550","0,009539",14,"47,316309","0,682136",0
443,"0,005753","0,024158","0,009737","0,009659",16,"49,306747","0,608556",0
444,"0,005387","0,033640","0,011137","0,009220",16,"59,382438","0,696032",0
445,"0,005407","0,020674","0,015440","0,010170",16,"51,691510","0,965014",0
446,"0,007590","0,022104","0,008704","0,009052",14,"47,449146","0,621705",0
447,"0,005471","0,021913","0,007628","0,009938",15,"44,950523","0,508555",0
448,"0,005595","0,023176","0,008089","0,009231",13,"46,091829","0,622213",0
449,"0,005932","0,026399","0,011073","0,008459",13,"51,863133","0,851786",0
450,"0,005482","0,023546","0,007551","0,009751",13,"46,329216","0,580867",0
451,"0,006365","0,022986","0,009890","0,009406",13,"48,646874","0,760743",0
452,"0,005521","0,024351","0,008147","0,009574",11,"47,592802","0,740614",0
453,"0,005410","0,023428","0,008021","0,009474",11,"46,333601","0,729184",0
454,"0,005329","0,021075","0,007779","0,010189",11,"44,373115","0,707213",0
455,"0,008077","0,018338","0,007883","0,009097",10,"43,394408","0,788268",0
456,"0,005383","0,023788","0,007108","0,008426",10,"44,705995","0,710821",0
457,"0,005452","0,023678","0,007996","0,010184",10,"47,310258","0,799587",0
458,"0,007263","0,018723","0,008007","0,009606",10,"43,598866","0,800733",0
459,"0,005630","0,022610","0,007542","0,015269",11,"51,050230","0,685635",0
460,"0,007220","0,024789","0,007242","0,009580",10,"48,831298","0,724172",0
461,"0,006099","0,022573","0,007919","0,011082",11,"47,672934","0,719924",0
462,"0,006804","0,025020","0,006922","0,008220",11,"46,966593","0,629275",0
463,"0,006579","0,022733","0,007498","0,008257",10,"45,066912","0,749844",0
464,"0,005464","0,018256","0,007964","0,008175",9,"39,858833","0,884910",0
465,"0,005333","0,017785","0,005991","0,008761",8,"37,870187","0,748899",0
466,"0,005286","0,020640","0,005836","0,008928",8,"40,689596","0,729514",0
467,"0,005479","0,023742","0,008959","0,008682",8,"46,861788","1,119874",0
468,"0,005375","0,021139","0,006197","0,006948",8,"39,659079","0,774668",0
469,"0,006851","0,020816","0,008178","0,009152",9,"44,996441","0,908691",0
470,"0,005762","0,021131","0,007173","0,008812",9,"42,877966","0,796976",0
471,"0,005436","0,026629","0,008422","0,009400",9,"49,886585","0,935771",0
472,"0,006262","0,022109","0,006132","0,008972",8,"43,474125","0,766468",0
473,"0,005353","0,022744","0,006528","0,008529",8,"43,154685","0,816046",0
474,"0,005407","0,022588","0,006308","0,007797",8,"42,100069","0,788461",0
475,"0,006448","0,022200","0,006055","0,007863",8,"42,566205","0,756919",0
476,"0,005541","0,021485","0,006726","0,009388",7,"43,140347","0,960841",0
477,"0,005475","0,022502","0,006007","0,009340",8,"43,324517","0,750887",0
478,"0,005409","0,022995","0,007576","0,008005",9,"43,984424","0,841789",0
479,"0,005717","0,021828","0,006957","0,018693",9,"53,195397","0,772975",0
480,"0,005395","0,024416","0,006943","0,006945",8,"43,698649","0,867913",0
481,"0,005377","0,026250","0,006048","0,008209",9,"45,884138","0,671978",0
482,"0,005643","0,021160","0,006970","0,008104",8,"41,876731","0,871261",0
483,"0,005360","0,021777","0,005767","0,010302",8,"43,205949","0,720889",0
484,"0,007947","0,022347","0,005755","0,010873",8,"46,921374","0,719325",0
485,"0,005449","0,023277","0,008219","0,008015",8,"44,959961","1,027329",0
486,"0,005360","0,021259","0,007518","0,008435",9,"42,572797","0,835382",0
487,"0,005325","0,022130","0,007875","0,008669",9,"43,998984","0,874972",0
488,"0,005418","0,023076","0,007027","0,010661",9,"46,182040","0,780826",0
489,"0,005427","0,024532","0,006324","0,010145",9,"46,427620","0,702632",0
490,"0,005353","0,025184","0,006362","0,009196",9,"46,094067","0,706853",0
491,"0,005658","0,018629","0,006914","0,012314",9,"43,514255","0,768186",0
492,"0,005738","0,022082","0,006935","0,006938",9,"41,692592","0,770529",0
493,"0,005610","0,020345","0,006115","0,008931",9,"41,001163","0,679420",0
494,"0,005521","0,017793","0,009207","0,008158",8,"40,679771","1,150844",0
495,"0,005365","0,026929","0,006197","0,012246",8,"50,737060","0,774632",0
496,"0,006890","0,023661","0,006152","0,007731",8,"44,433950","0,769036",0
497,"0,005511","0,033075","0,008326","0,007246",8,"54,158646","1,040810",0
498,"0,005379","0,030611","0,007049","0,008299",8,"51,337284","0,881110",0
499,"0,005372","0,028572","0,006882","0,008312",8,"49,137872","0,860216",0
500,"0,005382","0,026528","0,008046","0,009262",7,"49,218326","1,149381",0
501,"0,006691","0,028665","0,006775","0,007788",8,"49,919130","0,846888",0
502,"0,005408","0,036642","0,004949","0,008709",6,"55,708069","0,824885",0
503,"0,007579","0,031189","0,006178","0,008882",8,"53,827844","0,772284",0
504,"0,005514","0,028684","0,005588","0,006725",6,"46,511497","0,931398",0
505,"0,005338","0,025609","0,008679","0,008086",7,"47,712263","1,239886",0
506,"0,006384","0,023030","0,010246","0,009839",7,"49,500069","1,463742",0
507,"0,005359","0,020761","0,008496","0,010538",7,"45,152516","1,213649",0
508,"0,009037","0,024783","0,006392","0,008577",7,"48,789728","0,913149",0
509,"0,010121","0,022174","0,009070","0,008599",8,"49,963997","1,133791",0
510,"0,006485","0,024653","0,006193","0,007628",8,"44,958169","0,774064",0
511,"0,010486","0,023735","0,006297","0,009000",8,"49,518726","0,787181",0
512,"0,005490","0,019980","0,007752","0,013481",8,"46,702932","0,969038",0
513,"0,005846","0,020900","0,005846","0,008362",8,"40,954536","0,730786",0
514,"0,007427","0,024297","0,011837","0,009129",8,"52,690121","1,479637",0
515,"0,005776","0,022980","0,006510","0,010295",8,"45,561431","0,813738",0
516,"0,009269","0,017023","0,005215","0,008442",8,"39,948534","0,651814",0
517,"0,010228","0,022083","0,005122","0,010959",8,"48,392075","0,640213",0
518,"0,008731","0,021367","0,006299","0,008430",8,"44,827635","0,787417",0
519,"0,005369","0,023241","0,005379","0,009474",7,"43,462315","0,768442",0
520,"0,005599","0,020877","0,005863","0,008765",8,"41,104434","0,732934",0
521,"0,005832","0,020081","0,006403","0,007169",6,"39,485277","1,067122",0
522,"0,005327","0,021473","0,006126","0,007723",7,"40,649689","0,875213",0
523,"0,005436","0,019719","0,007130","0,012490",7,"44,775311","1,018567",0
524,"0,006136","0,017527","0,006068","0,010144",7,"39,874706","0,866824",0
525,"0,008739","0,017088","0,008831","0,008959",7,"43,616148","1,261597",0
526,"0,005397","0,022475","0,016152","0,008072",7,"52,095851","2,307416",0
527,"0,005324","0,018207","0,006882","0,009945",7,"40,357802","0,983109",0
528,"0,006656","0,020920","0,007202","0,007401",6,"42,178953","1,200259",0
529,"0,009409","0,019953","0,009954","0,019561",6,"58,876906","1,658971",0
530,"0,005382","0,017829","0,007840","0,010077",7,"41,128691","1,119999",0
531,"0,005480","0,017030","0,007662","0,011148",7,"41,319740","1,094566",0
532,"0,005806","0,017331","0,012309","0,009540",7,"44,985913","1,758386",0
533,"0,005439","0,035813","0,016053","0,008943",9,"66,247943","1,783662",0
534,"0,005457","0,031670","0,008409","0,009780",9,"55,315888","0,934342",0
535,"0,007436","0,028345","0,008780","0,009730",8,"54,290333","1,097485",0
536,"0,005369","0,026375","0,010754","0,012097",9,"54,594636","1,194942",0
537,"0,006727","0,032627","0,008882","0,013158",11,"61,393772","0,807466",0
538,"0,005845","0,030204","0,008492","0,011713",11,"56,253312","0,771959",0
539,"0,005376","0,029186","0,010749","0,015468",12,"60,778188","0,895726",0
540,"0,005628","0,025296","0,010090","0,008786",14,"49,798771","0,720691",0
541,"0,005379","0,029096","0,012071","0,010851",13,"57,397693","0,928526",0
542,"0,005370","0,031497","0,010074","0,012696",13,"59,636883","0,774900",0
543,"0,006633","0,023786","0,011782","0,013178",13,"55,378611","0,906344",0
544,"0,005427","0,018224","0,010521","0,010951",14,"45,123010","0,751504",0
545,"0,006467","0,018033","0,010686","0,011760",15,"46,946047","0,712402",0
546,"0,005397","0,021540","0,011790","0,010950",16,"49,677771","0,736894",0
547,"0,008602","0,024654","0,012112","0,011025",17,"56,393575","0,712464",0
548,"0,005382","0,017848","0,012005","0,011768",17,"47,004001","0,706192",0
549,"0,005565","0,018030","0,011527","0,011217",18,"46,339391","0,640367",0
550,"0,005439","0,018255","0,013202","0,011419",17,"48,315846","0,776609",0
551,"0,006576","0,018219","0,010291","0,011769",17,"46,854137","0,605368",0
552,"0,006831","0,019030","0,010005","0,009658",16,"45,524214","0,625340",0
553,"0,006244","0,019572","0,011067","0,021140",16,"58,023261","0,691680",0
554,"0,005521","0,019805","0,012223","0,011567",16,"49,116687","0,763958",0
555,"0,006432","0,023745","0,010669","0,014289",19,"55,134888","0,561511",0
556,"0,005277","0,020125","0,009562","0,011899",17,"46,862074","0,562452",0
557,"0,009701","0,028489","0,011004","0,014376",18,"63,569660","0,611345",0
558,"0,005318","0,023493","0,011793","0,011338",17,"51,941633","0,693696",0
559,"0,005382","0,017724","0,010780","0,011554",17,"45,439891","0,634109",0
560,"0,005378","0,022024","0,010081","0,011520",15,"49,002889","0,672054",0
561,"0,005913","0,019776","0,011712","0,011562",17,"48,963270","0,688964",0
562,"0,006420","0,017767","0,010456","0,011657",17,"46,299325","0,615030",0
563,"0,006503","0,017826","0,009383","0,013378",17,"47,089991","0,551946",0
564,"0,007456","0,016666","0,011328","0,010156",17,"45,606201","0,666369",0
565,"0,005706","0,025818","0,010494","0,018820",16,"60,838127","0,655866",0
566,"0,005382","0,019392","0,009669","0,012245",18,"46,687249","0,537150",0
567,"0,005346","0,020372","0,010509","0,011224",17,"47,451001","0,618189",0
568,"0,005576","0,024961","0,010242","0,011504",18,"52,283347","0,568979",0
569,"0,005411","0,023035","0,010957","0,011290",19,"50,693121","0,576672",0
570,"0,005577","0,022771","0,009469","0,011638",18,"49,453601","0,526038",0
571,"0,005450","0,023980","0,009559","0,012493",15,"51,482473","0,637262",0
572,"0,005591","0,025112","0,010965","0,012077",17,"53,744799","0,645005",0
573,"0,005452","0,023393","0,009910","0,012682",17,"51,436871","0,582963",0
574,"0,005325","0,021442","0,008908","0,014774",17,"50,450291","0,523997",0
575,"0,005775","0,021364","0,011753","0,012512",17,"51,403686","0,691353",0
576,"0,008053","0,023548","0,010470","0,008774",16,"50,844616","0,654348",0
577,"0,005895","0,022188","0,010229","0,017284",16,"55,595326","0,639283",0
578,"0,007961","0,025493","0,010856","0,011336",16,"55,645345","0,678475",0
579,"0,005549","0,022045","0,009454","0,012988",16,"50,035837","0,590905",0
580,"0,005781","0,024001","0,009519","0,012918",16,"52,219441","0,594965",0
581,"0,006494","0,017418","0,010448","0,012572",16,"46,932413","0,653012",0
582,"0,005353","0,017666","0,013184","0,011615",16,"47,818090","0,824003",0
583,"0,005440","0,019181","0,010411","0,013066",16,"48,097753","0,650676",0
584,"0,005449","0,020584","0,012149","0,016602",17,"54,785140","0,714653",0
585,"0,005468","0,018940","0,010680","0,013051",19,"48,138939","0,562080",0
586,"0,005579","0,021444","0,011761","0,011867",15,"50,650494","0,784034",0
587,"0,005414","0,023542","0,011602","0,012075",18,"52,632837","0,644558",0
588,"0,005391","0,020555","0,010278","0,011098",18,"47,321682","0,570990",0
589,"0,007086","0,020177","0,010765","0,012917",18,"50,944526","0,598040",0
590,"0,005383","0,027608","0,010053","0,011839",18,"54,883770","0,558523",0
591,"0,005609","0,027296","0,011969","0,012150",19,"57,024232","0,629969",0
592,"0,007779","0,028114","0,010784","0,015461",18,"62,138321","0,599135",0
593,"0,005638","0,030729","0,009233","0,013200",17,"58,800515","0,543142",0
594,"0,006302","0,018823","0,009225","0,013959",16,"48,309156","0,576552",0
595,"0,006761","0,020020","0,010036","0,014524",17,"51,341249","0,590344",0
596,"0,006703","0,021211","0,011971","0,016672",16,"56,557264","0,748185",0
597,"0,006005","0,023562","0,008907","0,011420",15,"49,893271","0,593806",0
598,"0,005421","0,024557","0,008572","0,012066",15,"50,616541","0,571473",0
599,"0,005496","0,023092","0,008633","0,011000",16,"48,220864","0,539562",0
600,"0,005763","0,020632","0,009141","0,008957",17,"44,492671","0,537681",0
601,"0,006303","0,020283","0,009758","0,011829",17,"48,173470","0,574023",0
602,"0,005959","0,019814","0,011406","0,010887",17,"48,065689","0,670926",0
603,"0,005490","0,020021","0,015396","0,012113",16,"53,020312","0,962280",0
604,"0,005432","0,019406","0,010376","0,012739",16,"47,952851","0,648482",0
605,"0,005388","0,020142","0,010968","0,010620",15,"47,117862","0,731180",0
606,"0,006273","0,019097","0,010085","0,015131",16,"50,585371","0,630303",0
607,"0,005444","0,020383","0,011097","0,011524",17,"48,448331","0,652766",0
608,"0,005317","0,019985","0,008673","0,010768",16,"44,744108","0,542086",0
609,"0,005769","0,026654","0,010882","0,015086",15,"58,390831","0,725465",0
610,"0,005347","0,017713","0,009292","0,010665",16,"43,016818","0,580766",0
611,"0,005397","0,019082","0,008526","0,012132",15,"45,137346","0,568392",0
612,"0,005429","0,019312","0,008402","0,008867",16,"42,010719","0,525141",0
613,"0,005703","0,020902","0,008093","0,014225",15,"48,922756","0,539512",0
614,"0,008201","0,026095","0,008349","0,012494",16,"55,138278","0,521803",0
615,"0,009729","0,027857","0,010763","0,016657",16,"65,005254","0,672673",0
616,"0,005427","0,025667","0,009044","0,011289",16,"51,426310","0,565231",0
617,"0,006165","0,024110","0,008226","0,012015",16,"50,516312","0,514139",0
618,"0,005615","0,022938","0,008266","0,010276",16,"47,094021","0,516603",0
619,"0,005489","0,023782","0,008264","0,011296",16,"48,831231","0,516477",0
620,"0,005383","0,022581","0,008433","0,010855",15,"47,251438","0,562169",0
621,"0,005413","0,026502","0,007980","0,012045",15,"51,940481","0,532021",0
622,"0,005393","0,025797","0,008906","0,011142",16,"51,238076","0,556627",0
623,"0,005528","0,023395","0,008289","0,010909",16,"48,121562","0,518079",0
624,"0,005499","0,020242","0,011188","0,008739",16,"45,668795","0,699244",0
625,"0,005435","0,020351","0,015475","0,013093",17,"54,353693","0,910287",0
626,"0,016844","0,020789","0,008597","0,011121",17,"57,349945","0,505677",0
627,"0,007984","0,022839","0,008638","0,010995",17,"50,456051","0,508139",0
628,"0,005618","0,019067","0,008724","0,011581",17,"44,990296","0,513158",0
629,"0,005468","0,022107","0,012055","0,012940",15,"52,570656","0,803645",0
630,"0,005463","0,022461","0,010195","0,011396",17,"49,514788","0,599726",0
631,"0,005434","0,019562","0,008871","0,011553",18,"45,420560","0,492840",0
632,"0,005495","0,020017","0,009211","0,013625",17,"48,348679","0,541850",0
633,"0,005424","0,021196","0,009097","0,010484",17,"46,201528","0,535145",0
634,"0,005365","0,019805","0,009752","0,013411",19,"48,332422","0,513249",0
635,"0,005373","0,024666","0,009762","0,011335",19,"51,136631","0,513812",0
636,"0,005626","0,032213","0,013271","0,010223",18,"61,331846","0,737252",0
637,"0,008996","0,023003","0,010559","0,011755",18,"54,313242","0,586635",0
638,"0,005360","0,022924","0,009577","0,013026",19,"50,886281","0,504046",0
639,"0,005669","0,025087","0,011973","0,012955",19,"55,684545","0,630170",0
640,"0,005448","0,029461","0,009106","0,012181",18,"56,196732","0,505895",0
641,"0,005400","0,030597","0,010070","0,011504",18,"57,570276","0,559428",0
642,"0,007633","0,028943","0,009426","0,011378",18,"57,380538","0,523686",0
643,"0,005462","0,025176","0,012657","0,013965",18,"57,261044","0,703190",0
644,"0,005692","0,024451","0,010276","0,012470",18,"52,888787","0,570878",0
645,"0,009850","0,030378","0,009726","0,010508",17,"60,461177","0,572118",0
646,"0,005436","0,027559","0,009051","0,011142",17,"53,188512","0,532410",0
647,"0,005378","0,029329","0,009666","0,013055",17,"57,427644","0,568570",0
648,"0,006019","0,020289","0,010140","0,011327",16,"47,774633","0,633719",0
649,"0,005382","0,017353","0,009181","0,010768",16,"42,683776","0,573782",0
650,"0,005303","0,022643","0,010202","0,010985",15,"49,133103","0,680150",0
651,"0,005488","0,018070","0,009619","0,011092",16,"44,269491","0,601203",0
652,"0,005368","0,020737","0,011084","0,011770",16,"48,958597","0,692750",0
653,"0,005315","0,018032","0,013035","0,012693",17,"49,076236","0,766788",0
654,"0,005984","0,021943","0,009912","0,010616",17,"48,454796","0,583076",0
655,"0,006045","0,017826","0,010122","0,012081",18,"46,073968","0,562326",0
656,"0,005909","0,019089","0,009659","0,013099",17,"47,755591","0,568152",0
657,"0,005838","0,018022","0,010689","0,010537",17,"45,087165","0,628782",0
658,"0,005689","0,019003","0,010212","0,011098",18,"46,002187","0,567345",0
659,"0,005328","0,020061","0,011827","0,015239",18,"52,455994","0,657054",0
660,"0,005360","0,028356","0,011530","0,012419",18,"57,664521","0,640529",0
661,"0,006573","0,023937","0,011330","0,014236",18,"56,076567","0,629469",0
662,"0,005758","0,024955","0,010980","0,010474",16,"52,166667","0,686229",0
663,"0,005656","0,022573","0,009852","0,011726",17,"49,807216","0,579542",0
664,"0,005973","0,018918","0,008922","0,013000",15,"46,811767","0,594770",0
665,"0,006366","0,019924","0,013669","0,011279",15,"51,238076","0,911294",0
666,"0,005948","0,028161","0,010580","0,011955",16,"56,644178","0,661278",0
667,"0,005526","0,021438","0,008983","0,011589",17,"47,536188","0,528430",0
668,"0,005383","0,019488","0,009513","0,012016",17,"46,399553","0,559564",0
669,"0,005692","0,017372","0,008870","0,010511",16,"42,445203","0,554387",0
670,"0,006723","0,018385","0,010148","0,012843",16,"48,098648","0,634219",0
671,"0,005419","0,019237","0,008925","0,014370",16,"47,951216","0,557825",0
672,"0,005368","0,020587","0,008857","0,009495",16,"44,307541","0,553565",0
673,"0,006370","0,018686","0,008704","0,012712",17,"46,472451","0,511994",0
674,"0,006491","0,018410","0,009262","0,011183",17,"45,347466","0,544843",0
675,"0,005557","0,018410","0,008426","0,012494",17,"44,887283","0,495649",0
676,"0,005359","0,027652","0,008679","0,012036",17,"53,726332","0,510539",0
677,"0,005684","0,022443","0,009326","0,011705",17,"49,157296","0,548589",0
678,"0,005332","0,019909","0,008417","0,011847",16,"45,503987","0,526039",0
679,"0,005384","0,018351","0,008936","0,010404",16,"43,076115","0,558527",0
680,"0,005328","0,019264","0,009530","0,011889",17,"46,012012","0,560603",0
681,"0,006545","0,023303","0,009162","0,011816",17,"50,825478","0,538946",0
682,"0,005404","0,019214","0,009763","0,010447",16,"44,827983","0,610176",0
683,"0,005364","0,019590","0,011461","0,011940",17,"48,355271","0,674203",0
684,"0,005392","0,024703","0,008577","0,008569",17,"47,240428","0,504525",0
685,"0,005369","0,018730","0,008581","0,014904",15,"47,583997","0,572085",0
686,"0,005374","0,022868","0,010438","0,014205",16,"52,884400","0,652356",0
687,"0,005752","0,021094","0,009603","0,010662",16,"47,112165","0,600191",0
688,"0,007897","0,028104","0,008644","0,012939",16,"57,584354","0,540278",0
689,"0,005466","0,020511","0,009975","0,010209",15,"46,160373","0,664977",0
690,"0,005355","0,024964","0,008513","0,009863",15,"48,694615","0,567534",0
691,"0,007748","0,020887","0,011258","0,015394",14,"55,287980","0,804170",0
692,"0,005374","0,017365","0,025884","0,011797",13,"60,419221","1,991054",0
693,"0,009771","0,018665","0,012970","0,011823",13,"53,228577","0,997691",0
694,"0,005502","0,018384","0,011851","0,009522",13,"45,259428","0,911607",0
695,"0,005410","0,019431","0,008046","0,011496",13,"44,383288","0,618887",0
696,"0,005498","0,018793","0,007479","0,009334",12,"41,104719","0,623214",0
697,"0,005456","0,029787","0,012597","0,012475",13,"60,315025","0,968993",0
698,"0,005350","0,028883","0,010336","0,010672",12,"55,240810","0,861322",0
699,"0,005698","0,038089","0,009105","0,012146",13,"65,037155","0,700356",0
700,"0,005995","0,043084","0,008905","0,010568",11,"68,551866","0,809526",0
701,"0,005797","0,043180","0,007254","0,008664",12,"64,895005","0,604461",0
702,"0,005366","0,021800","0,008000","0,008660",12,"43,825435","0,666645",0
703,"0,005402","0,043083","0,007347","0,008860",11,"64,691027","0,667901",0
704,"0,005342","0,033107","0,008350","0,009290",12,"56,088436","0,695828",0
705,"0,005403","0,035653","0,007889","0,008549",12,"57,494720","0,657447",0
706,"0,005485","0,038393","0,007690","0,008399",12,"59,967039","0,640868",0
707,"0,005416","0,022383","0,007311","0,009430",11,"44,540160","0,664645",0
708,"0,005312","0,026566","0,006518","0,007409",11,"45,804961","0,592516",0
709,"0,005357","0,028060","0,006659","0,009625",10,"49,701322","0,665874",0
710,"0,005848","0,025933","0,006243","0,008605",10,"46,629100","0,624336",0
711,"0,005322","0,027412","0,006346","0,008312",9,"47,391603","0,705164",0
