Frame,Captura,Procesamiento,Tracking,Escritura,Cantidad Objetos,Tiempo Total(ms),Tiempo por Objeto tracking(ms),FPS,Preprocess,Inference,Postprocess
0,"0,041622","0,015112","0,000893","0,028395",0,0,0,0,"4,320383","5,985975","2,122641"
1,"0,006837","0,019065","0,001376","0,009532",0,0,0,0,"7,320642","5,699396","2,805233"
2,"0,005477","0,014199","0,001341","0,007203",0,0,0,0,"3,039598","6,129265","2,473831"
3,"0,007133","0,01397","0,00067","0,006753",0,0,0,0,"2,277851","7,164955","1,973391"
4,"0,00697","0,01405","0,000599","0,009985",0,0,0,0,"2,258539","7,252693","2,061129"
5,"0,006818","0,015613","0,000577","0,013699",0,0,0,0,"4,243612","6,991863","1,935005"
6,"0,006917","0,014132","0,000587","0,006396",0,0,0,0,"2,476215","7,308006","1,8785"
7,"0,006837","0,014706","0,000628","0,011825",0,0,0,0,"2,083302","7,579803","2,55084"
8,"0,006874","0,01443","0,0006","0,012029",0,0,0,0,"2,153397","7,448196","2,357483"
9,"0,00679","0,013345","0,000629","0,009928",0,0,0,0,"2,707481","6,021261","2,006531"
10,"0,006851","0,01394","0,00061","0,009556",0,0,0,0,"2,189875","7,215023","1,993418"
11,"0,005577","0,015217","0,000669","0,005421",0,0,0,0,"2,441406","7,265091","1,951694"
12,"0,006378","0,014167","0,000649","0,005611",0,0,0,0,"2,318859","7,142067","1,987457"
13,"0,006574","0,01267","0,000634","0,009881",0,0,0,0,"2,466917","5,779743","2,046585"
14,"0,005555","0,015345","0,00062","0,005361",0,0,0,0,"2,362967","6,779909","2,895594"
15,"0,005502","0,014852","0,000548","0,010003",0,0,0,0,"2,297401","7,182598","2,727509"
16,"0,00546","0,012287","0,000581","0,009539",0,0,0,0,"2,235174","5,775928","1,968145"
17,"0,005623","0,013709","0,000584","0,005859",0,0,0,0,"2,224922","7,096767","1,935005"
18,"0,005516","0,013662","0,001567","0,010083",0,0,0,0,"2,37608","5,808353","2,946377"
19,"0,007425","0,013647","0,000652","0,010573",0,0,0,0,"2,21467","5,908489","2,621412"
20,"0,005402","0,012955","0,000616","0,005113",0,0,0,0,"2,109528","5,898952","2,115726"
21,"0,005507","0,013676","0,001408","0,010182",0,0,0,0,"2,165794","5,870819","3,083944"
22,"0,006688","0,014338","0,00056","0,010615",0,0,0,0,"2,763987","6,715536","2,461672"
23,"0,006152","0,013177","0,000596","0,004695",0,0,0,0,"2,300978","5,785704","2,65193"
24,"0,005305","0,012352","0,000538","0,005846",0,0,0,0,"2,149105","5,819559","1,825333"
25,"0,005384","0,01304","0,000676","0,004991",0,0,0,0,"2,174377","5,764961","2,537489"
26,"0,005312","0,014456","0,000562","0,003615",0,0,0,0,"2,212286","7,087231","2,730846"
27,"0,005281","0,012979","0,000667","0,003538",0,0,0,0,"2,178431","6,197691","2,210617"
28,"0,005578","0,013624","0,001338","0,004134",0,0,0,0,"2,251387","7,052422","1,850367"
29,"0,005302","0,012972","0,000585","0,003373",0,0,0,0,"2,114534","5,815983","2,506018"
30,"0,005374","0,013948","0,001637","0,00478",0,0,0,0,"2,307892","7,249594","1,923084"
31,"0,005452","0,014542","0,000707","0,005439",0,0,0,0,"2,13933","7,153511","2,645254"
32,"0,00529","0,013472","0,000609","0,005196",0,0,0,0,"2,055168","6,537437","2,003431"
33,"0,005377","0,013082","0,00134","0,003458",0,0,0,0,"2,158403","5,938768","2,580643"
34,"0,005559","0,013589","0,000555","0,003859",0,0,0,0,"2,175093","7,004023","2,066135"
35,"0,005284","0,013469","0,000561","0,003764",0,0,0,0,"2,171278","6,919622","2,059221"
36,"0,005343","0,013645","0,000551","0,007107",0,0,0,0,"2,241135","7,029295","2,024174"
37,"0,005579","0,013431","0,000532","0,006137",0,0,0,0,"2,235413","6,156445","2,472162"
38,"0,005281","0,013584","0,001539","0,004252",0,0,0,0,"2,198458","7,103682","1,928806"
39,"0,005274","0,013574","0,000633","0,004444",0,0,0,0,"2,323627","6,997347","1,926899"
40,"0,005366","0,014182","0,000541","0,003632",0,0,0,0,"2,76947","7,06315","1,865625"
41,"0,005324","0,013962","0,001501","0,003418",0,0,0,0,"2,249718","7,171631","1,882553"
42,"0,00611","0,01345","0,000571","0,004545",0,0,0,0,"2,250195","6,794691","1,809835"
43,"0,005755","0,012778","0,001421","0,003618",0,0,0,0,"2,338171","6,077528","1,93572"
44,"0,00531","0,014963","0,000717","0,004875",0,0,0,0,"2,34127","7,894516","1,959085"
45,"0,005323","0,013658","0,001567","0,004821",0,0,0,0,"2,254725","6,275654","2,676249"
46,"0,005292","0,013122","0,000672","0,004455",0,0,0,0,"2,289295","6,16765","2,243042"
47,"0,005321","0,012425","0,000614","0,003662",0,0,0,0,"2,410412","5,778074","1,904964"
48,"0,005341","0,012371","0,001259","0,007342",0,0,0,0,"2,347231","5,828619","1,909018"
49,"0,005306","0,015339","0,000654","0,005332",0,0,0,0,"2,53129","8,390903","1,94478"
50,"0,005656","0,014133","0,000679","0,007048",0,0,0,0,"2,120018","7,111311","2,232552"
51,"0,005305","0,012582","0,000618","0,003839",0,0,0,0,"2,228975","5,831718","1,87254"
52,"0,005981","0,014648","0,000645","0,003621",0,0,0,0,"2,186537","7,643461","2,070904"
53,"0,005415","0,015027","0,000638","0,004198",0,0,0,0,"2,246618","8,289099","1,900911"
54,"0,005441","0,014815","0,001573","0,003676",0,0,0,0,"2,172709","6,080389","4,052401"
55,"0,005839","0,012934","0,000667","0,003454",0,0,0,0,"2,333879","6,00791","2,016783"
56,"0,006929","0,014033","0,000999","0,004694",0,0,0,0,"2,420187","6,834745","2,172947"
57,"0,005785","0,014622","0,000641","0,00349",0,0,0,0,"2,200842","6,731033","2,115011"
58,"0,005637","0,014806","0,000577","0,004155",0,0,0,0,"2,652645","7,603645","2,230883"
59,"0,005525","0,016335","0,00056","0,003486",0,0,0,0,"4,140377","7,134914","2,120018"
60,"0,005419","0,014705","0,00147","0,005724",0,0,0,0,"2,647161","7,052422","2,194881"
61,"0,005333","0,014129","0,000614","0,005175",0,0,0,0,"2,789497","6,28686","2,074242"
62,"0,00538","0,014159","0,000947","0,003791",0,0,0,0,"2,263784","7,480383","2,077579"
63,"0,005436","0,01478","0,000619","0,004855",0,0,0,0,"3,599882","6,32596","2,119541"
64,"0,005698","0,018194","0,000564","0,004053",0,0,0,0,"2,265692","9,680986","1,985312"
65,"0,005432","0,014115","0,000595","0,003505",0,0,0,0,"3,424644","5,845308","2,105474"
66,"0,00557","0,012771","0,002289","0,004158",0,0,0,0,"2,381563","5,940199","1,937151"
67,"0,006154","0,012783","0,000665","0,006227",0,0,0,0,"2,232313","5,806923","2,351284"
68,"0,005455","0,013169","0,001526","0,003702",0,0,0,0,"2,571344","5,848646","2,164364"
69,"0,005465","0,014794","0,000612","0,003401",0,0,0,0,"2,387285","5,898237","3,138781"
70,"0,00542","0,012792","0,001771","0,005131",0,0,0,0,"2,536297","5,824327","1,947641"
71,"0,005623","0,012397","0,000771","0,003638",0,0,0,0,"2,211809","5,82099","1,973867"
72,"0,00539","0,014231","0,000596","0,006153",0,0,0,0,"3,514528","6,15716","2,164364"
73,"0,005586","0,015699","0,000575","0,006736",0,0,0,0,"2,46644","8,73065","2,057076"
74,"0,005685","0,015677","0,000595","0,003515",0,0,0,0,"2,866983","8,412838","1,842499"
75,"0,005389","0,012678","0,000561","0,003637",0,0,0,0,"2,307653","5,758286","2,349615"
76,"0,006542","0,013628","0,001659","0,004528",0,0,0,0,"2,273321","6,619692","1,955986"
77,"0,005428","0,015636","0,000606","0,004303",0,0,0,0,"2,130985","6,96969","3,056049"
78,"0,005318","0,013908","0,001377","0,003964",0,0,0,0,"2,573013","6,518126","2,186775"
79,"0,006967","0,017728","0,00064","0,004928",0,0,0,0,"2,292395","6,826401","4,998684"
80,"0,00754","0,01509","0,00099","0,004369",0,0,0,0,"2,399206","7,357359","2,296209"
81,"0,005402","0,013907","0,001671","0,003468",0,0,0,0,"2,614975","6,392956","2,072811"
82,"0,005293","0,017439","0,000662","0,004396",0,0,0,0,"2,552509","7,975578","2,379179"
83,"0,013347","0,01753","0,001522","0,006196",0,0,0,0,"2,422571","8,790016","3,408909"
84,"0,010832","0,013645","0,000588","0,005663",0,0,0,0,"2,177","6,550789","2,540588"
85,"0,006399","0,014552","0,000672","0,006354",0,0,0,0,"2,232313","7,863045","2,047777"
86,"0,005318","0,015016","0,001585","0,004274",0,0,0,0,"2,880573","7,598639","1,955509"
87,"0,00539","0,015884","0,000689","0,00327",0,0,0,0,"2,482891","8,945227","2,068758"
88,"0,005344","0,013693","0,00054","0,004327",0,0,0,0,"2,102375","7,170916","1,98102"
89,"0,005449","0,013863","0,000583","0,005534",0,0,0,0,"2,117872","7,445097","1,883268"
90,"0,00544","0,013969","0,00054","0,004377",0,0,0,0,"2,547741","6,981134","1,957655"
91,"0,005873","0,013499","0,001707","0,003645",0,0,0,0,"2,136469","7,107019","1,937389"
92,"0,005495","0,014158","0,001495","0,005231",0,0,0,0,"2,271652","7,54571","1,965761"
93,"0,005522","0,013483","0,00074","0,005662",0,0,0,0,"2,416372","6,845951","1,914501"
94,"0,006446","0,01318","0,001509","0,004204",0,0,0,0,"2,027512","6,855726","1,96147"
95,"0,007703","0,016134","0,000608","0,00359",0,0,0,0,"2,832413","7,304668","2,075911"
96,"0,006696","0,014108","0,001509","0,00638",0,0,0,0,"2,386808","7,330656","2,078056"
97,"0,00564","0,013288","0,000667","0,005359",0,0,0,0,"2,481222","6,164789","1,864433"
98,"0,005423","0,012573","0,000644","0,005308",0,0,0,0,"2,238274","5,791187","2,227545"
99,"0,006024","0,013602","0,000534","0,00422",0,0,0,0,"2,146006","6,97279","1,943827"
100,"0,006122","0,014491","0,000818","0,004932",0,0,0,0,"2,148151","7,915974","1,928091"
101,"0,007017","0,013873","0,000719","0,004467",0,0,0,0,"2,058983","6,855011","2,367496"
102,"0,005336","0,012556","0,001359","0,004726",0,0,0,0,"1,834869","5,933762","2,470493"
103,"0,005754","0,01343","0,000602","0,003562",0,0,0,0,"1,90711","7,052183","1,847267"
104,"0,005337","0,014421","0,000583","0,006045",0,0,0,0,"2,118826","7,213116","2,013206"
105,"0,005384","0,013619","0,000627","0,005826",0,0,0,0,"2,164125","7,327795","1,910448"
106,"0,006053","0,012312","0,001241","0,004366",0,0,0,0,"1,88899","6,090403","1,890182"
107,"0,006031","0,014148","0,0015","0,005543",0,0,0,0,"3,118753","6,63805","1,971483"
108,"0,005568","0,012386","0,000591","0,006679",0,0,0,0,"2,016068","6,06513","1,856089"
109,"0,005283","0,012028","0,000697","0,005777",0,0,0,0,"2,120018","5,725145","1,807451"
110,"0,00548","0,012753","0,000603","0,004746",0,0,0,0,"2,475262","5,781174","2,195597"
111,"0,006669","0,012824","0,000593","0,007053",0,0,0,0,"2,337933","6,243467","1,872778"
112,"0,005408","0,012614","0,000819","0,004766",0,0,0,0,"2,179146","6,112576","1,917601"
113,"0,005398","0,012792","0,000555","0,004598",0,0,0,0,"2,20108","6,167889","2,079725"
114,"0,005392","0,012048","0,002314","0,004382",0,0,0,0,"2,123117","5,741119","1,824617"
115,"0,005517","0,013112","0,000587","0,004616",0,0,0,0,"2,516508","6,20389","1,886129"
116,"0,005495","0,014327","0,00143","0,004507",0,0,0,0,"2,863646","6,287098","1,949787"
117,"0,005424","0,013608","0,000709","0,003861",0,0,0,0,"2,592325","6,07419","1,915932"
118,"0,005351","0,012803","0,002605","0,004589",0,0,0,0,"2,211809","5,705357","1,957893"
119,"0,005341","0,015142","0,000596","0,003913",0,0,0,0,"2,333879","7,315159","3,06201"
120,"0,005275","0,012384","0,000551","0,006338",0,0,0,0,"2,084732","5,821705","2,031088"
121,"0,005403","0,012128","0,001705","0,005211",0,0,0,0,"2,099514","5,788326","1,903534"
122,"0,005565","0,014489","0,000648","0,004697",0,0,0,0,"2,223015","7,393599","2,013683"
123,"0,005477","0,013689","0,000765","0,003972",0,0,0,0,"2,049446","7,249594","2,051592"
124,"0,005598","0,014548","0,000694","0,004607",0,0,0,0,"2,445936","7,117987","1,915693"
125,"0,005285","0,014989","0,000642","0,004452",0,0,0,0,"2,951145","7,423639","2,220869"
126,"0,005416","0,013836","0,001412","0,005296",0,0,0,0,"2,333403","7,249594","1,964092"
127,"0,005531","0,014909","0,000696","0,003758",0,0,0,0,"2,240658","6,293774","3,913641"
128,"0,005484","0,014934","0,00062","0,004742",0,0,0,0,"2,518177","6,87027","2,81167"
129,"0,005707","0,01365","0,000605","0,005316",0,0,0,0,"2,059937","5,954027","2,630949"
130,"0,005314","0,014783","0,000564","0,005251",0,0,0,0,"2,098083","7,057667","2,207994"
131,"0,005324","0,019712","0,001386","0,005537",0,0,0,0,"4,725695","7,166624","2,037048"
132,"0,005337","0,014281","0,000738","0,006491",0,0,0,0,"2,073288","7,033825","2,157927"
133,"0,005819","0,015104","0,000708","0,006428",0,0,0,0,"2,166033","8,254766","1,909733"
134,"0,005314","0,013314","0,000572","0,005767",0,0,0,0,"2,135277","6,127357","2,068043"
135,"0,005386","0,01349","0,000744","0,003919",0,0,0,0,"2,539158","6,111622","2,214432"
136,"0,005395","0,015578","0,000586","0,00462",0,0,0,0,"3,151655","7,769346","2,149343"
137,"0,005428","0,014279","0,001217","0,004676",0,0,0,0,"2,336264","7,522821","1,986742"
138,"0,007451","0,013241","0,000758","0,00478",0,0,0,0,"2,039433","6,406069","1,899242"
139,"0,005503","0,012738","0,000633","0,003955",0,0,0,0,"2,057076","6,076574","2,054691"
140,"0,00579","0,01315","0,000687","0,004629",0,0,0,0,"2,426624","6,144285","1,844406"
141,"0,005352","0,013809","0,000606","0,003563",0,0,0,0,"2,736807","6,148815","1,747847"
142,"0,005447","0,01373","0,001455","0,005527",0,0,0,0,"2,503633","6,164074","1,924038"
143,"0,005315","0,014297","0,00071","0,005482",0,0,0,0,"3,222466","6,004333","2,143383"
144,"0,005544","0,014846","0,000627","0,006425",0,0,0,0,"2,461195","6,922722","1,810312"
145,"0,005524","0,01481","0,001243","0,005217",0,0,0,0,"2,348423","7,004976","2,052784"
146,"0,007014","0,017059","0,000823","0,005439",0,0,0,0,"4,652262","5,867958","3,785849"
147,"0,006798","0,013857","0,000612","0,004101",0,0,0,0,"2,202749","6,258965","2,396345"
148,"0,006225","0,014765","0,001093","0,004956",0,0,0,0,"2,153635","7,561207","2,034903"
149,"0,005281","0,016076","0,000645","0,00486",0,0,0,0,"2,268314","7,884741","3,015041"
150,"0,006942","0,016629","0,001426","0,004337",0,0,0,0,"4,376173","7,080078","2,560377"
151,"0,005413","0,016126","0,000636","0,003719",0,0,0,0,"3,834963","6,824255","2,042532"
152,"0,005437","0,015078","0,001427","0,004331",0,0,0,0,"2,378941","8,244276","1,957655"
153,"0,005393","0,015361","0,000602","0,004504",0,0,0,0,"2,321959","6,47831","2,367258"
154,"0,005351","0,013431","0,000809","0,005031",0,0,0,0,"1,960754","6,850243","2,273321"
155,"0,005361","0,014736","0,001745","0,003934",0,0,0,0,"2,628088","6,957054","2,131939"
156,"0,006883","0,014033","0,000578","0,006611",0,0,0,0,"2,253771","6,934881","1,982927"
157,"0,005378","0,012196","0,000575","0,004863",0,0,0,0,"2,2223","5,745173","1,895905"
158,"0,007782","0,012186","0,00173","0,005656",0,0,0,0,"1,874924","5,784035","2,146244"
159,"0,005518","0,013044","0,000728","0,004085",0,0,0,0,"2,701044","5,784512","2,143621"
160,"0,006475","0,013795","0,001404","0,004557",0,0,0,0,"2,029419","5,977869","2,099991"
161,"0,005324","0,015648","0,000574","0,004292",0,0,0,0,"1,945972","8,439779","2,635002"
162,"0,007042","0,021068","0,00137","0,005777",0,0,0,0,"2,171278","6,904364","6,159782"
163,"0,005728","0,020553","0,003833","0,008206",1,0,0,0,"2,42877","6,773472","6,165028"
164,"0,005482","0,025012","0,002894","0,00595",1,0,0,0,"2,298117","8,241177","4,939079"
165,"0,005344","0,018287","0,003632","0,004909",1,0,0,0,"2,389669","7,36475","4,233122"
166,"0,005275","0,019818","0,002865","0,005335",1,0,0,0,"2,306223","7,722378","4,083633"
167,"0,005418","0,019193","0,003004","0,008812",1,0,0,0,"2,189636","5,798578","3,967047"
168,"0,005473","0,019669","0,005333","0,008464",2,0,0,0,"2,909422","7,712603","4,03738"
169,"0,005593","0,018272","0,004126","0,006601",3,0,0,0,"2,006531","6,67882","5,134344"
170,"0,005366","0,017224","0,00451","0,006606",3,0,0,0,"2,497435","5,945921","4,416466"
171,"0,006351","0,020334","0,004732","0,004726",3,0,0,0,"2,222776","7,980824","4,149675"
172,"0,005371","0,017753","0,00411","0,005746",3,0,0,0,"2,31123","5,816936","4,239082"
173,"0,005315","0,019622","0,004439","0,005864",3,0,0,0,"2,661467","6,22201","4,601955"
174,"0,005322","0,018768","0,003597","0,005182",3,0,0,0,"2,300262","7,828236","4,139662"
175,"0,005364","0,017819","0,004172","0,005881",3,0,0,0,"2,514362","5,828381","5,026579"
176,"0,005286","0,019221","0,003511","0,004928",3,0,0,0,"2,206326","5,825758","5,73802"
177,"0,007459","0,017752","0,003483","0,00639",3,0,0,0,"2,301455","7,329941","3,719091"
178,"0,005541","0,01758","0,003265","0,005227",3,0,0,0,"2,42424","5,792618","4,081488"
179,"0,005388","0,019138","0,003524","0,006007",3,0,0,0,"2,193689","6,539345","4,745007"
180,"0,005319","0,018023","0,003323","0,006288",3,0,0,0,"3,127098","6,733179","3,862143"
181,"0,005717","0,017409","0,004096","0,007161",3,0,0,0,"2,637386","5,770206","4,622698"
182,"0,007201","0,018371","0,003192","0,006415",3,0,0,0,"2,614021","5,797863","4,51231"
183,"0,005718","0,017447","0,003252","0,006826",3,0,0,0,"2,104521","7,246971","3,699303"
184,"0,005605","0,0176","0,003418","0,006685",3,0,0,0,"2,124071","6,041288","3,790855"
185,"0,005319","0,020127","0,003247","0,005344",3,0,0,0,"2,366304","6,1903","4,623413"
186,"0,005427","0,022648","0,003678","0,006439",3,0,0,0,"3,468275","9,218693","4,385471"
187,"0,006654","0,019555","0,003821","0,00556",3,0,0,0,"2,619743","7,400274","3,885269"
188,"0,005395","0,01898","0,003441","0,006538",3,0,0,0,"2,166271","6,883621","4,662514"
189,"0,005364","0,018638","0,003318","0,005256",3,0,0,0,"2,446413","7,31945","3,543615"
190,"0,005331","0,018026","0,004538","0,006318",3,0,0,0,"2,196074","6,410599","3,830433"
191,"0,005417","0,020159","0,003373","0,006728",3,0,0,0,"2,500772","6,502867","5,336046"
192,"0,005371","0,019862","0,003521","0,007044",3,0,0,0,"4,285812","6,291151","4,205465"
193,"0,005334","0,020507","0,004034","0,006577",3,0,0,0,"2,240658","6,010294","5,046606"
194,"0,005343","0,018434","0,003153","0,006602",3,0,0,0,"2,017021","6,772757","4,252672"
195,"0,006391","0,017148","0,004231","0,005126",3,0,0,0,"2,112627","5,76067","3,655672"
196,"0,007452","0,019335","0,003351","0,00616",3,0,0,0,"2,575874","5,79977","5,743027"
197,"0,005501","0,017522","0,003233","0,005473",3,0,0,0,"2,052069","7,128716","3,65448"
198,"0,007844","0,019519","0,003613","0,006185",3,0,0,0,"2,751827","7,264614","3,764629"
199,"0,005398","0,018015","0,003385","0,004976",3,0,0,0,"2,795935","5,770922","4,651546"
200,"0,005558","0,018047","0,003834","0,006317",3,0,0,0,"2,509117","6,940365","3,786802"
201,"0,005854","0,018654","0,003136","0,005072",3,0,0,0,"2,296686","7,011414","4,027128"
202,"0,005415","0,017794","0,003776","0,007492",3,0,0,0,"2,155304","5,774021","5,410671"
203,"0,005392","0,016777","0,003726","0,006898",3,0,0,0,"2,467394","5,769968","3,865719"
204,"0,006108","0,016552","0,004136","0,0069",3,0,0,0,"2,250671","5,883217","3,727674"
205,"0,005404","0,019219","0,004467","0,006375",3,0,0,0,"2,536774","5,839825","4,731894"
206,"0,005656","0,020522","0,003656","0,006894",3,0,0,0,"2,21467","7,071972","5,697727"
207,"0,005402","0,026662","0,003642","0,006153",2,0,0,0,"4,894733","7,619619","8,390903"
208,"0,005343","0,018639","0,004553","0,008019",2,0,0,0,"3,340006","5,905628","4,802942"
209,"0,008438","0,031258","0,004973","0,006754",2,0,0,0,"2,72584","8,806705","12,465239"
210,"0,005495","0,027408","0,004373","0,009548",2,0,0,0,"2,37298","8,513212","9,077787"
211,"0,005398","0,024796","0,004919","0,006067",2,0,0,0,"3,642797","8,327961","6,192207"
212,"0,005604","0,022249","0,004422","0,005398",2,0,0,0,"2,296209","7,780313","4,266977"
213,"0,005381","0,022283","0,005919","0,007355",2,0,0,0,"3,107071","6,880522","4,752874"
214,"0,005628","0,024536","0,00522","0,00779",2,0,0,0,"3,487587","6,865501","6,909609"
215,"0,005546","0,025566","0,005422","0,00614",3,0,0,0,"2,347231","8,500814","6,519318"
216,"0,005422","0,021559","0,005041","0,007904",3,0,0,0,"2,412558","6,610632","6,788015"
217,"0,00545","0,027882","0,005024","0,006854",3,0,0,0,"3,670931","9,906054","6,098509"
218,"0,00809","0,025805","0,006451","0,006653",4,0,0,0,"3,001451","9,56893","5,283594"
219,"0,008691","0,021516","0,006627","0,006129",4,0,0,0,"2,559185","8,684635","4,736185"
220,"0,005396","0,017202","0,005809","0,007623",5,0,0,0,"2,566338","6,090879","3,869772"
221,"0,005452","0,018647","0,005022","0,00634",5,0,0,0,"2,228975","6,125212","5,301476"
222,"0,005479","0,018486","0,004924","0,00969",5,0,0,0,"1,967669","5,888939","4,718781"
223,"0,006486","0,024469","0,004473","0,0085",5,0,0,0,"2,96092","6,763458","6,667376"
224,"0,005648","0,021354","0,005361","0,007868",5,0,0,0,"3,045321","7,317781","4,974842"
225,"0,005393","0,022224","0,00819","0,007422",5,0,0,0,"2,676487","6,485224","5,084276"
226,"0,006525","0,022146","0,004744","0,009412",5,0,0,0,"2,366781","7,839203","5,091667"
227,"0,005379","0,01926","0,009664","0,007207",4,0,0,0,"2,294779","5,92947","3,943682"
228,"0,006501","0,020794","0,004656","0,007367",4,0,0,0,"2,612114","6,226063","5,050898"
229,"0,005537","0,027764","0,004427","0,008871",4,0,0,0,"2,702236","9,167671","9,958029"
230,"0,006642","0,021201","0,00558","0,009675",4,0,0,0,"2,926826","7,164001","4,273415"
231,"0,005469","0,025513","0,004254","0,009572",4,0,0,0,"5,694389","7,200718","5,050182"
232,"0,005362","0,019426","0,004892","0,008479",4,0,0,0,"3,186464","7,163048","3,83234"
233,"0,005397","0,018456","0,004171","0,008792",4,0,0,0,"2,81024","6,901741","3,872871"
234,"0,005399","0,01725","0,0049","0,00877",4,0,0,0,"1,986504","5,919933","4,516602"
235,"0,005984","0,017331","0,003956","0,010114",4,0,0,0,"2,138138","5,855799","4,522085"
236,"0,005853","0,017591","0,005531","0,009415",4,0,0,0,"2,616167","5,892277","4,467249"
237,"0,005359","0,019607","0,004168","0,007401",4,0,0,0,"2,145052","5,873442","4,009485"
238,"0,007387","0,017795","0,004516","0,008275",4,0,0,0,"2,100706","6,057501","4,928827"
239,"0,005544","0,017637","0,003802","0,009701",4,0,0,0,"2,827168","5,861998","4,291296"
240,"0,005436","0,016588","0,003943","0,008416",4,0,0,0,"2,09856","5,785465","3,811836"
241,"0,005356","0,01711","0,004542","0,010459",4,0,0,0,"2,246141","5,809546","4,070997"
242,"0,005378","0,024158","0,004856","0,008836",4,0,0,0,"6,547689","5,817175","4,878044"
243,"0,005807","0,025134","0,004956","0,009605",4,0,0,0,"3,02887","8,267164","5,847692"
244,"0,005393","0,020417","0,003982","0,007524",4,0,0,0,"3,30162","5,914927","5,455732"
245,"0,005301","0,020035","0,004789","0,008123",4,0,0,0,"2,071381","9,075403","4,158974"
246,"0,005362","0,018834","0,003966","0,006635",4,0,0,0,"3,449917","5,939484","3,764868"
247,"0,005497","0,020776","0,004288","0,007306",4,0,0,0,"2,345324","9,805679","4,050255"
248,"0,008376","0,015785","0,00353","0,006683",4,0,0,0,"2,190113","5,737066","3,546476"
249,"0,006225","0,015585","0,004285","0,010696",4,0,0,0,"1,949072","5,740643","3,618717"
250,"0,005343","0,017321","0,003677","0,005954",4,0,0,0,"2,072811","5,739927","3,651381"
251,"0,005334","0,016514","0,003487","0,007586",4,0,0,0,"1,997709","5,767107","4,070997"
252,"0,005414","0,018285","0,005075","0,006859",4,0,0,0,"3,3319","6,398678","3,800392"
253,"0,006339","0,016538","0,005283","0,006602",3,0,0,0,"1,955748","5,759716","4,096746"
254,"0,006609","0,018723","0,005665","0,005909",4,0,0,0,"1,979113","5,797148","5,247593"
255,"0,005303","0,017541","0,003937","0,00764",4,0,0,0,"2,034903","5,795479","4,846334"
256,"0,008489","0,02065","0,00558","0,006277",4,0,0,0,"1,980782","7,021427","5,092621"
257,"0,005469","0,017798","0,005078","0,007737",4,0,0,0,"1,921654","5,892038","4,831314"
258,"0,00543","0,018445","0,005128","0,008156",5,0,0,0,"1,983643","5,842924","3,931999"
259,"0,005423","0,02035","0,004412","0,009158",5,0,0,0,"2,662659","5,88131","5,831957"
260,"0,005382","0,018408","0,006209","0,006457",6,0,0,0,"2,015829","5,783319","5,225897"
261,"0,005496","0,020163","0,004813","0,007059",5,0,0,0,"2,172947","5,788803","5,319357"
262,"0,006031","0,017874","0,005283","0,006261",6,0,0,0,"2,005816","5,877495","4,621029"
263,"0,00635","0,017709","0,004103","0,006347",6,0,0,0,"2,264977","5,896568","4,944563"
264,"0,006484","0,017825","0,004616","0,007449",5,0,0,0,"2,02775","5,792856","5,150795"
265,"0,007826","0,020743","0,00681","0,012896",6,0,0,0,"2,001047","7,127762","4,943609"
266,"0,005419","0,019175","0,004782","0,010614",6,0,0,0,"4,770994","6,161928","3,528833"
267,"0,012046","0,025634","0,005897","0,007914",6,0,0,0,"2,041578","13,175726","4,639626"
268,"0,005378","0,02703","0,004599","0,00744",6,0,0,0,"7,805824","8,276224","4,317284"
269,"0,005358","0,024015","0,005964","0,010911",6,0,0,0,"5,364418","7,133007","5,720615"
270,"0,005623","0,020362","0,004947","0,010478",6,0,0,0,"2,515793","6,370306","4,589796"
271,"0,005778","0,026185","0,007465","0,010286",5,0,0,0,"2,794981","9,67288","6,150246"
272,"0,005359","0,022171","0,005031","0,009283",5,0,0,0,"2,196074","6,522894","5,275249"
273,"0,005571","0,026175","0,008005","0,011988",5,0,0,0,"2,472639","9,386301","7,009506"
274,"0,005383","0,027226","0,005034","0,008554",5,0,0,0,"2,859354","7,261276","5,943298"
275,"0,005358","0,024798","0,005362","0,009067",4,0,0,0,"2,274275","8,361578","6,229401"
276,"0,008807","0,018479","0,006189","0,007477",4,0,0,0,"2,900124","6,084681","4,239798"
277,"0,006326","0,018578","0,006816","0,00973",4,0,0,0,"2,19655","6,122589","5,354166"
278,"0,005577","0,019629","0,004414","0,007714",4,0,0,0,"1,98555","6,568909","5,185366"
279,"0,00621","0,019228","0,004906","0,008396",4,0,0,0,"1,954794","5,889416","3,907681"
280,"0,005655","0,022839","0,004962","0,009191",4,0,0,0,"4,216671","5,813122","5,462408"
281,"0,005682","0,018837","0,004602","0,01251",4,0,0,0,"2,070427","5,958319","4,947662"
282,"0,005424","0,020661","0,005117","0,011164",4,0,0,0,"2,506256","5,871058","7,216692"
283,"0,006445","0,022208","0,005203","0,009731",4,0,0,0,"2,24328","8,189678","5,167961"
284,"0,005426","0,023372","0,004227","0,014628",4,0,0,0,"2,637863","8,998156","4,842997"
285,"0,009994","0,024983","0,005223","0,010049",4,0,0,0,"3,541231","7,738829","6,850719"
286,"0,008805","0,02346","0,004539","0,010041",4,0,0,0,"3,644228","7,345438","5,545139"
287,"0,005615","0,028116","0,004677","0,008646",4,0,0,0,"3,421783","8,093834","6,5341"
288,"0,005333","0,028199","0,00463","0,008151",4,0,0,0,"6,831884","7,106304","4,540205"
289,"0,00545","0,01944","0,004801","0,008853",4,0,0,0,"2,173901","7,383108","4,240274"
290,"0,005374","0,023053","0,00475","0,010863",4,0,0,0,"2,478361","8,605719","5,040646"
291,"0,005318","0,020925","0,003631","0,0088",4,0,0,0,"4,620075","6,221294","4,009485"
292,"0,006251","0,016585","0,004837","0,008621",4,0,0,0,"2,052307","5,805492","4,288435"
293,"0,006424","0,016966","0,004577","0,009134",4,0,0,0,"3,022671","5,747557","3,769875"
294,"0,006836","0,017179","0,00416","0,009835",4,0,0,0,"2,128363","5,829811","4,431725"
295,"0,00661","0,017794","0,004515","0,009238",4,0,0,0,"1,950741","5,774736","4,768372"
296,"0,006567","0,019032","0,003989","0,00737",4,0,0,0,"2,56443","7,41744","3,810883"
297,"0,007229","0,018394","0,004947","0,012965",3,0,0,0,"2,060652","5,807638","5,467653"
298,"0,007323","0,017618","0,003526","0,009708",3,0,0,0,"2,865076","5,881071","3,958702"
299,"0,005685","0,017155","0,00433","0,00896",3,0,0,0,"2,241135","5,730629","4,24099"
300,"0,007825","0,018068","0,003997","0,007665",3,0,0,0,"2,039433","6,816149","3,689528"
301,"0,005594","0,017489","0,004422","0,009885",3,0,0,0,"2,080441","5,78022","4,958868"
302,"0,005284","0,01734","0,003613","0,011236",3,0,0,0,"2,471447","5,796671","4,721403"
303,"0,006552","0,016014","0,004893","0,009565",3,0,0,0,"1,907825","5,759239","3,984213"
304,"0,005361","0,021537","0,005017","0,011667",3,0,0,0,"2,176762","7,139206","4,652262"
305,"0,005421","0,025328","0,005737","0,010433",4,0,0,0,"4,941702","8,533001","3,849506"
306,"0,005403","0,023607","0,005725","0,013298",4,0,0,0,"3,158569","10,124683","5,186319"
307,"0,005388","0,021655","0,003976","0,009322",4,0,0,0,"3,053188","7,443666","4,031897"
308,"0,006038","0,022631","0,00487","0,008956",4,0,0,0,"2,516747","7,57575","6,043434"
309,"0,005554","0,020071","0,003494","0,008419",4,0,0,0,"2,372503","6,184578","5,157471"
310,"0,005685","0,017428","0,004498","0,008971",4,0,0,0,"2,097845","5,818129","4,410982"
311,"0,005477","0,016609","0,003524","0,009993",4,0,0,0,"2,27809","5,842924","3,753901"
312,"0,007391","0,016242","0,004511","0,007651",4,0,0,0,"1,867294","5,87225","4,122734"
313,"0,008863","0,018683","0,004333","0,009439",4,0,0,0,"2,622843","5,865335","4,021168"
314,"0,005364","0,022069","0,004471","0,00721",4,0,0,0,"3,191233","6,679296","4,392147"
315,"0,005693","0,018943","0,003769","0,009296",4,0,0,0,"2,821922","7,225752","4,021406"
316,"0,005344","0,022172","0,00511","0,00766",4,0,0,0,"2,562523","6,555796","6,6576"
317,"0,005378","0,022238","0,004209","0,009594",5,0,0,0,"3,021955","7,656336","4,377842"
318,"0,005367","0,017822","0,005088","0,008232",5,0,0,0,"2,111912","6,210327","3,888845"
319,"0,006414","0,018335","0,004623","0,006355",5,0,0,0,"2,718925","6,937504","3,967762"
320,"0,007972","0,019181","0,006384","0,008312",5,0,0,0,"1,904726","5,802631","5,583286"
321,"0,005544","0,017824","0,006018","0,007678",6,0,0,0,"2,353668","5,909443","4,123211"
322,"0,005505","0,024979","0,005592","0,009339",6,0,0,0,"2,017021","6,431103","7,805109"
323,"0,005476","0,03924","0,0047","0,014041",6,0,0,0,"7,386923","16,739845","6,439686"
324,"0,006477","0,032142","0,00518","0,010673",6,0,0,0,"2,626181","9,654045","6,78277"
325,"0,005664","0,023931","0,004837","0,010804",6,0,0,0,"2,966881","8,276224","4,667997"
326,"0,005667","0,022762","0,007849","0,01078",6,0,0,0,"3,055811","8,222103","4,89521"
327,"0,010795","0,024334","0,011255","0,008419",5,0,0,0,"2,842426","8,841753","5,100012"
328,"0,005368","0,02505","0,005343","0,014269",5,0,0,0,"2,713442","8,239269","5,977154"
329,"0,005431","0,025324","0,006712","0,010204",5,0,0,0,"2,986431","8,35681","5,75614"
330,"0,005472","0,023966","0,007724","0,009504",5,0,0,0,"2,55537","9,487867","5,201101"
331,"0,005385","0,022684","0,00508","0,009142",5,0,0,0,"4,012823","8,05521","4,731178"
332,"0,005441","0,022433","0,0054","0,009701",5,0,0,0,"2,408981","8,586645","4,995108"
333,"0,005402","0,023773","0,006069","0,009531",5,0,0,0,"3,378868","7,684946","5,222797"
334,"0,006463","0,02568","0,00464","0,008506",5,0,0,0,"2,605677","7,892609","4,740477"
335,"0,006205","0,019758","0,004454","0,007999",5,0,0,0,"2,426863","8,150339","4,194975"
336,"0,005965","0,020817","0,006012","0,007627",5,0,0,0,"2,763271","7,981062","4,959583"
337,"0,005538","0,024404","0,005623","0,008306",5,0,0,0,"2,855062","10,590315","5,384445"
338,"0,007387","0,019219","0,004616","0,008541",5,0,0,0,"2,160072","6,192923","4,302025"
339,"0,00573","0,018116","0,005317","0,01048",5,0,0,0,"2,149343","5,91135","5,19371"
340,"0,009534","0,019864","0,004348","0,011791",5,0,0,0,"2,607107","6,051779","5,350828"
341,"0,006709","0,022142","0,004406","0,009691",5,0,0,0,"2,61569","8,248806","3,935575"
342,"0,006747","0,020539","0,004052","0,011405",5,0,0,0,"3,497839","7,65276","3,98159"
343,"0,005509","0,019949","0,005034","0,010488",5,0,0,0,"2,395153","6,686926","4,194021"
344,"0,005541","0,02145","0,005029","0,007781",5,0,0,0,"2,689362","7,373095","5,500555"
345,"0,005421","0,019943","0,00408","0,013582",5,0,0,0,"2,620697","5,868912","4,558802"
346,"0,006599","0,019335","0,007061","0,012666",5,0,0,0,"1,950979","6,916285","4,486322"
347,"0,005282","0,021184","0,005265","0,005798",5,0,0,0,"2,225161","6,58989","4,933834"
348,"0,010242","0,020275","0,004251","0,009118",5,0,0,0,"3,127813","7,527351","3,871679"
349,"0,005868","0,020162","0,003879","0,00866",5,0,0,0,"2,461433","8,082151","3,988981"
350,"0,005649","0,017408","0,004823","0,007525",5,0,0,0,"2,305269","5,896091","4,417658"
351,"0,005387","0,016348","0,005184","0,010631",5,0,0,0,"2,012968","5,878925","3,905535"
352,"0,00541","0,019531","0,006254","0,009542",6,0,0,0,"2,357721","5,805254","4,781008"
353,"0,005311","0,021867","0,006733","0,010925",6,0,0,0,"2,159834","6,304026","5,341053"
354,"0,006575","0,020898","0,004921","0,013208",6,0,0,0,"2,153873","6,735802","4,386425"
355,"0,00548","0,021931","0,004774","0,007238",6,0,0,0,"4,775763","6,396055","4,960537"
356,"0,005471","0,020244","0,004782","0,010296",6,0,0,0,"2,196074","7,301331","4,004002"
357,"0,005452","0,019881","0,004405","0,012864",6,0,0,0,"2,165556","5,834103","5,239964"
358,"0,005585","0,018913","0,005165","0,008646",5,0,0,0,"2,223015","7,789373","4,267216"
359,"0,008126","0,021366","0,004414","0,007308",5,0,0,0,"3,669024","6,237984","4,838705"
360,"0,006347","0,022067","0,009612","0,009619",5,0,0,0,"2,500296","8,133173","3,789902"
361,"0,005416","0,018492","0,005052","0,00945",5,0,0,0,"2,456427","6,158829","4,780293"
362,"0,00548","0,020431","0,005721","0,010801",6,0,0,0,"2,172232","8,725882","3,685713"
363,"0,005444","0,023731","0,005395","0,006931",6,0,0,0,"3,036261","8,277655","4,405737"
364,"0,005413","0,026319","0,004851","0,008445",6,0,0,0,"6,206751","7,798195","4,079342"
365,"0,005428","0,020762","0,005097","0,008622",6,0,0,0,"3,178358","6,207705","5,285501"
366,"0,006095","0,022745","0,005827","0,009103",6,0,0,0,"2,389669","7,000685","4,367828"
367,"0,005476","0,020811","0,005059","0,008541",6,0,0,0,"2,438307","6,426573","4,896164"
368,"0,005346","0,018702","0,00672","0,008275",6,0,0,0,"2,738476","5,892754","4,060984"
369,"0,00749","0,023038","0,004473","0,010045",6,0,0,0,"2,755165","10,033131","4,694462"
370,"0,005701","0,018304","0,005662","0,008003",6,0,0,0,"2,713203","5,770683","3,931284"
371,"0,005529","0,020846","0,004499","0,007313",6,0,0,0,"2,482891","6,985188","4,482031"
372,"0,00601","0,021808","0,00428","0,008413",6,0,0,0,"2,168179","9,978056","4,417896"
373,"0,006599","0,017563","0,004645","0,008727",6,0,0,0,"2,903223","5,885363","3,875256"
374,"0,005339","0,022294","0,004292","0,00832",6,0,0,0,"3,195763","9,066105","4,453659"
375,"0,009243","0,020838","0,004267","0,00614",6,0,0,0,"3,599644","6,922722","3,818035"
376,"0,005445","0,020121","0,005536","0,008037",6,0,0,0,"3,826618","7,771969","3,846407"
377,"0,00541","0,017162","0,004382","0,007389",6,0,0,0,"1,930714","6,271124","4,479885"
378,"0,005355","0,018132","0,004451","0,00807",6,0,0,0,"2,074718","5,818367","4,550457"
379,"0,006331","0,01844","0,004255","0,006535",6,0,0,0,"2,170801","7,055283","4,861116"
380,"0,005389","0,018208","0,004411","0,007781",6,0,0,0,"2,365828","6,074429","3,68166"
381,"0,006561","0,017763","0,004373","0,008072",6,0,0,0,"2,553701","6,021738","4,520178"
382,"0,00727","0,017888","0,004865","0,006955",6,0,0,0,"2,416372","5,767345","4,519463"
383,"0,008304","0,023809","0,004135","0,006281",6,0,0,0,"3,122568","8,265972","6,439209"
384,"0,005406","0,019229","0,00475","0,007974",6,0,0,0,"2,767324","6,048203","3,77059"
385,"0,005858","0,017356","0,004086","0,00892",6,0,0,0,"2,748728","6,244659","3,734827"
386,"0,005352","0,018371","0,00585","0,007115",6,0,0,0,"2,604008","6,993532","3,855944"
387,"0,005399","0,020568","0,006496","0,008495",6,0,0,0,"3,173828","6,340027","4,699707"
388,"0,00536","0,020593","0,005463","0,006372",6,0,0,0,"2,539873","6,880522","5,057335"
389,"0,005869","0,019618","0,004689","0,007685",6,0,0,0,"2,316713","6,692171","5,106449"
390,"0,006887","0,01862","0,004472","0,007724",6,0,0,0,"2,169371","8,155346","3,784418"
391,"0,005407","0,016526","0,004375","0,005965",6,0,0,0,"2,25687","5,963087","3,66807"
392,"0,007624","0,016394","0,004631","0,007329",6,0,0,0,"2,370596","5,826235","3,482342"
393,"0,005827","0,018342","0,004418","0,008213",6,0,0,0,"2,16651","7,582903","3,942966"
394,"0,00887","0,018064","0,004288","0,007073",6,0,0,0,"2,131224","5,787611","3,663063"
395,"0,0054","0,016306","0,004293","0,006491",6,0,0,0,"2,287865","5,743504","3,628731"
396,"0,005843","0,017673","0,004983","0,008471",6,0,0,0,"2,051353","7,151127","3,892422"
397,"0,007423","0,018533","0,004185","0,009252",6,0,0,0,"1,949072","6,539583","4,075289"
398,"0,005348","0,01665","0,004238","0,006972",6,0,0,0,"2,182722","5,982637","4,021883"
399,"0,00553","0,017863","0,004179","0,008042",6,0,0,0,"2,111435","5,985498","4,217386"
400,"0,006862","0,018699","0,00454","0,007238",6,0,0,0,"2,253294","5,841494","5,5511"
401,"0,008383","0,019997","0,005669","0,008532",6,0,0,0,"2,094746","8,134842","3,988743"
402,"0,005342","0,019139","0,004486","0,007172",6,0,0,0,"2,033234","5,912781","4,625559"
403,"0,005878","0,024115","0,005362","0,007458",6,0,0,0,"3,317356","8,985996","4,571915"
404,"0,005326","0,020737","0,004825","0,00719",6,0,0,0,"2,344608","7,432461","4,639387"
405,"0,005315","0,025016","0,005687","0,007698",6,0,0,0,"3,925562","9,324789","5,816936"
406,"0,006081","0,023445","0,004487","0,007182",6,0,0,0,"2,610207","7,05266","6,050587"
407,"0,00775","0,020352","0,004828","0,008923",6,0,0,0,"2,153158","6,443501","5,53894"
408,"0,005401","0,024447","0,005058","0,006579",6,0,0,0,"3,127098","8,379221","5,403519"
409,"0,007929","0,023754","0,004608","0,00889",6,0,0,0,"2,743483","6,768465","6,441355"
410,"0,005371","0,024418","0,00562","0,008153",6,0,0,0,"3,832102","7,359505","5,653858"
411,"0,005693","0,023132","0,004492","0,007828",6,0,0,0,"2,860785","8,386374","4,659653"
412,"0,005601","0,022591","0,004581","0,006293",6,0,0,0,"3,126621","8,452654","4,670143"
413,"0,005423","0,021742","0,005058","0,008014",5,0,0,0,"3,112316","7,591248","4,122972"
414,"0,005619","0,022446","0,004243","0,006699",5,0,0,0,"2,683163","8,447409","4,925966"
415,"0,005753","0,022","0,004633","0,006747",5,0,0,0,"2,655506","7,655144","5,260229"
416,"0,00551","0,021","0,004318","0,006259",5,0,0,0,"2,984047","8,059502","4,438877"
417,"0,005448","0,020429","0,004257","0,007218",5,0,0,0,"2,406836","8,115292","4,405499"
418,"0,005625","0,018703","0,004511","0,005619",5,0,0,0,"2,22373","6,302118","4,058599"
419,"0,008715","0,017595","0,004052","0,006359",4,0,0,0,"2,512932","5,784035","4,776955"
420,"0,006682","0,018814","0,00422","0,006312",4,0,0,0,"2,419233","8,285999","3,609657"
421,"0,006522","0,021619","0,004163","0,00782",4,0,0,0,"2,512217","8,513451","4,566431"
422,"0,006134","0,019466","0,004078","0,007087",4,0,0,0,"2,442837","6,835938","4,956007"
423,"0,006423","0,018181","0,005787","0,006453",4,0,0,0,"2,212524","5,955696","3,617764"
424,"0,00787","0,018253","0,004408","0,006016",4,0,0,0,"2,066135","6,067514","5,328417"
425,"0,005447","0,018261","0,003776","0,00725",4,0,0,0,"2,491713","6,074429","4,695892"
426,"0,005512","0,017253","0,003855","0,00778",4,0,0,0,"2,533436","6,774664","3,599644"
427,"0,005956","0,017637","0,005712","0,007408",4,0,0,0,"2,530575","5,71394","3,559828"
428,"0,00562","0,017554","0,005009","0,005438",4,0,0,0,"2,580643","5,796194","4,390955"
429,"0,00646","0,018646","0,004151","0,006088",4,0,0,0,"2,255917","8,060455","3,568649"
430,"0,006561","0,017655","0,004966","0,005521",4,0,0,0,"2,578735","5,711317","4,591227"
431,"0,005883","0,01744","0,003381","0,006246",4,0,0,0,"2,175093","5,777597","4,690886"
432,"0,006255","0,019168","0,003664","0,006267",4,0,0,0,"2,052307","7,287502","5,382299"
433,"0,005331","0,018578","0,004781","0,0075",4,0,0,0,"2,984524","5,694866","3,852844"
434,"0,005566","0,017642","0,003855","0,007173",4,0,0,0,"2,344608","5,839348","4,827023"
435,"0,005409","0,018737","0,003544","0,006312",4,0,0,0,"2,12574","8,283615","3,638506"
436,"0,005309","0,017824","0,003629","0,005645",4,0,0,0,"2,594948","6,047249","3,79777"
437,"0,00643","0,017975","0,004121","0,006297",4,0,0,0,"2,165794","5,731344","4,413843"
438,"0,00532","0,01941","0,005073","0,005663",4,0,0,0,"2,187014","7,663965","3,680229"
439,"0,005387","0,017882","0,004305","0,006273",4,0,0,0,"2,602339","5,742073","4,306555"
440,"0,005558","0,017626","0,004764","0,005583",4,0,0,0,"2,190828","5,81193","4,18663"
441,"0,005321","0,021833","0,003633","0,007766",4,0,0,0,"2,262831","7,031441","6,165504"
442,"0,005331","0,020323","0,004786","0,005913",4,0,0,0,"3,359556","6,90794","4,545212"
443,"0,005295","0,01859","0,003642","0,00552",4,0,0,0,"2,407789","6,663561","4,682064"
444,"0,005299","0,018317","0,003721","0,007291",4,0,0,0,"3,310204","6,763458","3,600121"
445,"0,005346","0,017964","0,003806","0,005942",4,0,0,0,"2,148867","5,873203","4,910231"
446,"0,005387","0,018431","0,004143","0,007826",4,0,0,0,"2,867222","5,692959","5,213261"
447,"0,005368","0,020994","0,004511","0,00649",5,0,0,0,"2,622366","7,095814","6,650448"
448,"0,005421","0,018079","0,003942","0,006638",5,0,0,0,"2,315044","5,747318","4,282475"
449,"0,005402","0,017721","0,004035","0,006077",5,0,0,0,"2,265215","6,842852","3,730059"
450,"0,005376","0,01834","0,003969","0,007293",5,0,0,0,"2,674341","6,719351","3,787994"
451,"0,006953","0,020994","0,004007","0,005827",5,0,0,0,"2,54035","5,922556","5,297422"
452,"0,005354","0,01819","0,003858","0,006626",5,0,0,0,"2,787352","6,815195","3,774643"
453,"0,005417","0,019283","0,003914","0,007348",5,0,0,0,"2,654076","6,530285","4,00877"
454,"0,005422","0,019182","0,003823","0,006993",5,0,0,0,"2,19965","6,440878","4,375935"
455,"0,005343","0,01944","0,003872","0,008878",5,0,0,0,"3,487825","6,770134","3,644705"
456,"0,007602","0,018479","0,004628","0,009309",5,0,0,0,"3,249884","5,71537","4,886866"
457,"0,006224","0,017808","0,003624","0,006685",5,0,0,0,"2,372742","7,122755","3,890038"
458,"0,005648","0,017116","0,003909","0,006947",5,0,0,0,"2,102613","6,956339","3,638506"
459,"0,006376","0,01647","0,003835","0,005332",5,0,0,0,"2,398968","5,760908","3,585577"
460,"0,005899","0,016292","0,004216","0,00655",5,0,0,0,"2,556562","5,78475","3,517151"
461,"0,005608","0,018366","0,003905","0,00613",5,0,0,0,"2,553463","7,223129","3,820658"
462,"0,007084","0,016764","0,003865","0,006593",5,0,0,0,"2,251863","5,733013","3,801346"
463,"0,005621","0,019572","0,004054","0,008654",5,0,0,0,"3,841877","5,767584","3,865004"
464,"0,005353","0,021813","0,004737","0,006928",5,0,0,0,"4,781246","6,254673","4,020691"
465,"0,005675","0,019407","0,00406","0,006156",5,0,0,0,"2,993345","5,911112","4,541159"
466,"0,00535","0,017145","0,003925","0,007168",5,0,0,0,"2,79808","5,847692","3,837109"
467,"0,005292","0,016934","0,004467","0,006855",5,0,0,0,"2,47097","5,747557","3,762484"
468,"0,005579","0,020341","0,005806","0,008856",5,0,0,0,"4,470348","6,941795","4,381418"
469,"0,006142","0,018851","0,00395","0,007933",5,0,0,0,"2,067089","6,062508","4,8666"
470,"0,006134","0,018436","0,004842","0,006988",5,0,0,0,"2,413034","6,454945","4,189491"
471,"0,005785","0,017467","0,004312","0,005931",5,0,0,0,"2,309084","5,750895","4,512787"
472,"0,006762","0,018762","0,004257","0,006767",5,0,0,0,"2,029181","6,066322","6,016731"
473,"0,005358","0,016618","0,004638","0,007577",5,0,0,0,"2,446413","5,754232","3,798008"
474,"0,010037","0,016932","0,004107","0,006206",5,0,0,0,"2,07305","5,746841","4,47154"
475,"0,00563","0,017908","0,004117","0,006952",5,0,0,0,"2,138376","7,437229","3,77202"
476,"0,006237","0,016543","0,004168","0,005758",5,0,0,0,"2,402067","5,776882","3,725529"
477,"0,005445","0,019835","0,004039","0,007401",5,0,0,0,"4,282475","5,9793","4,832983"
478,"0,005379","0,02382","0,00453","0,006986",5,0,0,0,"1,959324","8,076668","7,602692"
479,"0,005507","0,019473","0,00408","0,006892",5,0,0,0,"2,42877","7,131338","4,879236"
480,"0,006446","0,019022","0,005734","0,007248",5,0,0,0,"2,195835","6,543636","3,902912"
481,"0,007816","0,023821","0,004397","0,006657",5,0,0,0,"2,678633","9,09853","4,710436"
482,"0,005781","0,018954","0,004322","0,008733",5,0,0,0,"2,50864","6,842375","4,719734"
483,"0,005557","0,023158","0,004528","0,006078",5,0,0,0,"2,757311","8,328438","4,927874"
484,"0,005384","0,023864","0,005513","0,007372",5,0,0,0,"5,214214","6,762981","6,186008"
485,"0,005337","0,023821","0,004117","0,006132",5,0,0,0,"3,116846","7,866383","4,726887"
486,"0,005483","0,018587","0,00781","0,010263",5,0,0,0,"3,614664","6,005764","3,858566"
487,"0,005335","0,022951","0,006117","0,011072",5,0,0,0,"3,241301","8,082867","5,001068"
488,"0,005473","0,02378","0,005842","0,008342",5,0,0,0,"3,062248","8,5361","4,758358"
489,"0,007384","0,025964","0,008398","0,006986",6,0,0,0,"2,485514","9,102345","4,252672"
490,"0,006366","0,022203","0,005953","0,007517",6,0,0,0,"2,569914","8,340359","4,959106"
491,"0,005627","0,018949","0,00449","0,006205",6,0,0,0,"2,535343","5,844116","4,366398"
492,"0,005999","0,017899","0,006488","0,007519",6,0,0,0,"2,228498","6,818533","3,721476"
493,"0,006813","0,023723","0,004655","0,007154",6,0,0,0,"2,458096","8,35824","6,232262"
494,"0,005343","0,020189","0,004652","0,007017",6,0,0,0,"2,676725","8,04925","4,328489"
495,"0,00668","0,020335","0,004387","0,006652",6,0,0,0,"2,862453","7,688284","4,607201"
496,"0,006533","0,021498","0,005358","0,006995",6,0,0,0,"2,991438","8,098364","3,626585"
497,"0,007621","0,022254","0,005492","0,005977",6,0,0,0,"3,826857","6,864071","5,264044"
498,"0,005576","0,022706","0,005981","0,010435",7,0,0,0,"2,206087","7,707834","6,401777"
499,"0,006918","0,023018","0,005755","0,008498",7,0,0,0,"2,412319","8,296967","4,651546"
500,"0,005369","0,022689","0,006255","0,006989",9,0,0,0,"3,783464","7,439375","4,615784"
501,"0,005558","0,0226","0,005488","0,006677",9,0,0,0,"2,770185","7,078648","4,571676"
502,"0,005715","0,022765","0,005489","0,007362",9,0,0,0,"2,436876","8,374929","3,868818"
503,"0,005437","0,017795","0,006048","0,006753",9,0,0,0,"2,288103","6,441355","3,741026"
504,"0,00628","0,018477","0,006146","0,00796",9,0,0,0,"2,715826","6,880045","3,777742"
505,"0,005931","0,019849","0,0066","0,007291",10,0,0,0,"2,767563","6,858349","5,473852"
506,"0,005539","0,017766","0,005536","0,007429",10,0,0,0,"2,535105","7,15661","3,533602"
507,"0,005999","0,017891","0,005506","0,006954",10,0,0,0,"2,587318","5,806923","3,788948"
508,"0,005529","0,017424","0,00618","0,007423",10,0,0,0,"2,33674","5,841732","4,187822"
509,"0,005981","0,018602","0,005601","0,006344",10,0,0,0,"2,444744","7,797003","3,670692"
510,"0,005811","0,018224","0,005863","0,007466",10,0,0,0,"2,317667","5,728006","3,551006"
511,"0,006258","0,016499","0,006417","0,007498",10,0,0,0,"2,467155","5,712509","3,817797"
512,"0,007051","0,018376","0,005293","0,007588",10,0,0,0,"2,378464","7,353306","3,736019"
513,"0,005384","0,017916","0,005848","0,007233",10,0,0,0,"2,796888","5,745888","3,750801"
514,"0,00607","0,020184","0,00605","0,006948",10,0,0,0,"2,493143","5,998611","4,940033"
515,"0,005855","0,017814","0,005667","0,008652",10,0,0,0,"2,229929","6,686687","4,33588"
516,"0,005711","0,019272","0,007601","0,007302",10,0,0,0,"2,254963","6,744146","4,119158"
517,"0,005457","0,017563","0,005909","0,012956",9,0,0,0,"2,383232","5,850077","3,6695"
518,"0,005381","0,017455","0,006415","0,007463",10,0,0,0,"2,034187","6,690264","3,874779"
519,"0,005438","0,018008","0,006764","0,009724",11,0,0,0,"3,269196","5,920649","3,735781"
520,"0,005859","0,019238","0,006526","0,008108",11,0,0,0,"2,584219","5,879879","4,900217"
521,"0,005279","0,016968","0,005873","0,008679",11,0,0,0,"2,116442","6,050587","3,72839"
522,"0,005322","0,017931","0,008202","0,008763",11,0,0,0,"2,130747","7,135391","3,978968"
523,"0,005398","0,017687","0,006872","0,0104",12,0,0,0,"2,291918","5,808592","4,335165"
524,"0,005466","0,017139","0,008961","0,008719",12,0,0,0,"2,103806","5,757809","4,484415"
525,"0,005493","0,016959","0,00627","0,008623",12,0,0,0,"2,097368","5,851984","3,906012"
526,"0,005405","0,017587","0,006372","0,010384",12,0,0,0,"1,917839","5,939484","5,051136"
527,"0,005446","0,016864","0,006155","0,010231",12,0,0,0,"2,053738","6,159306","3,727913"
528,"0,005405","0,017426","0,007108","0,008293",12,0,0,0,"2,75588","5,975008","3,658295"
529,"0,005336","0,017634","0,007242","0,009405",12,0,0,0,"2,340555","5,800724","4,136562"
530,"0,005325","0,017672","0,007288","0,010566",12,0,0,0,"2,399206","5,823851","3,971577"
531,"0,005431","0,01814","0,007561","0,010639",11,0,0,0,"2,118111","5,780935","4,309416"
532,"0,005357","0,017535","0,009766","0,008373",12,0,0,0,"2,237558","5,850315","3,972054"
533,"0,00534","0,021492","0,007889","0,009526",12,0,0,0,"2,273083","7,605076","4,138947"
534,"0,00555","0,029184","0,009111","0,010636",12,0,0,0,"5,571604","5,930662","9,654284"
535,"0,005405","0,02875","0,007323","0,010411",12,0,0,0,"9,131432","7,840395","4,918337"
536,"0,005315","0,025613","0,010298","0,015924",11,0,0,0,"2,327442","10,4568","4,669189"
537,"0,005355","0,021572","0,008576","0,010408",12,0,0,0,"3,327608","7,937908","5,010843"
538,"0,009094","0,023874","0,007912","0,010157",12,0,0,0,"2,983332","7,696152","6,775618"
539,"0,005357","0,027722","0,00772","0,010991",12,0,0,0,"3,587484","8,682251","4,357815"
540,"0,007186","0,025168","0,007943","0,007795",13,0,0,0,"2,429247","8,97193","4,415512"
541,"0,005311","0,025808","0,007027","0,009292",13,0,0,0,"4,327536","7,722855","5,814552"
542,"0,006141","0,025547","0,007741","0,012229",13,0,0,0,"2,582073","8,426189","4,705667"
543,"0,005547","0,022353","0,007625","0,011128",13,0,0,0,"2,787113","7,825375","4,294872"
544,"0,00642","0,026944","0,009495","0,007606",13,0,0,0,"2,487659","8,328676","5,230188"
545,"0,005371","0,022536","0,008136","0,009076",13,0,0,0,"2,473116","9,688377","4,540682"
546,"0,005386","0,027305","0,007005","0,0133",13,0,0,0,"4,631758","8,500814","6,456852"
547,"0,005385","0,019277","0,007029","0,010534",13,0,0,0,"3,684998","5,973577","4,171133"
548,"0,005372","0,020927","0,006768","0,00877",13,0,0,0,"3,44038","8,180618","4,1852"
549,"0,008226","0,021515","0,007015","0,008651",13,0,0,0,"3,31974","8,4126","4,32229"
550,"0,005756","0,019777","0,007606","0,009711",14,0,0,0,"2,379894","6,911278","4,179716"
551,"0,011532","0,018255","0,006848","0,010415",14,0,0,0,"2,612829","7,151842","3,67713"
552,"0,005403","0,018071","0,006694","0,007982",14,0,0,0,"2,557993","6,377697","3,643513"
553,"0,005577","0,019086","0,006808","0,011125",14,0,0,0,"2,393723","5,720854","3,638744"
554,"0,006455","0,017204","0,008982","0,008767",13,0,0,0,"2,349138","6,216526","3,525257"
555,"0,005471","0,018515","0,008179","0,00976",14,0,0,0,"3,031254","6,587267","3,713369"
556,"0,005443","0,018329","0,007374","0,00915",13,0,0,0,"2,098322","5,801916","5,208492"
557,"0,005335","0,016876","0,007516","0,00891",13,0,0,0,"2,44236","6,012678","3,624201"
558,"0,005723","0,01786","0,006874","0,009548",13,0,0,0,"3,24893","6,093264","3,567696"
559,"0,00545","0,018822","0,007212","0,009547",13,0,0,0,"2,239466","5,856276","4,792213"
560,"0,005812","0,016894","0,006622","0,012244",13,0,0,0,"2,200842","5,82695","3,691196"
561,"0,005661","0,01718","0,006772","0,009614",13,0,0,0,"1,919508","6,650925","3,751516"
562,"0,006123","0,017636","0,00704","0,012181",13,0,0,0,"2,288342","5,794764","4,328012"
563,"0,005398","0,017518","0,007162","0,011151",13,0,0,0,"2,547979","6,061316","3,577948"
564,"0,005511","0,017613","0,006808","0,010296",13,0,0,0,"2,244949","5,71847","4,241467"
565,"0,005327","0,018221","0,008346","0,010046",13,0,0,0,"1,952887","6,732225","4,805088"
566,"0,005877","0,017404","0,008641","0,00874",15,0,0,0,"2,306223","6,587744","3,471375"
567,"0,005384","0,019272","0,007746","0,009415",15,0,0,0,"2,038002","6,273031","4,651546"
568,"0,005395","0,019872","0,007669","0,008443",14,0,0,0,"2,155542","7,668495","5,060911"
569,"0,00661","0,018754","0,008948","0,009541",17,0,0,0,"2,100945","6,094217","3,895998"
570,"0,005393","0,018759","0,007593","0,008552",16,0,0,0,"2,238989","5,727291","4,179001"
571,"0,005458","0,017805","0,008091","0,009221",16,0,0,0,"2,136946","6,737232","3,77512"
572,"0,005886","0,020448","0,008507","0,009429",17,0,0,0,"3,438711","6,8717","3,57151"
573,"0,005372","0,019929","0,007818","0,009961",17,0,0,0,"2,155304","5,734444","4,493952"
574,"0,006998","0,018335","0,00771","0,008822",17,0,0,0,"2,094984","6,559372","3,892422"
575,"0,005396","0,019916","0,007943","0,010547",17,0,0,0,"2,365351","6,104708","3,640175"
576,"0,006455","0,019071","0,007337","0,008098",17,0,0,0,"2,327681","6,061792","4,530191"
577,"0,006551","0,019823","0,007405","0,009747",17,0,0,0,"2,380133","6,311655","3,874779"
578,"0,005378","0,017985","0,007716","0,011359",17,0,0,0,"2,21467","5,686283","3,815889"
579,"0,005471","0,018144","0,008142","0,009437",17,0,0,0,"2,000093","5,809546","5,078316"
580,"0,005519","0,020466","0,008336","0,011561",17,0,0,0,"2,280951","5,79071","5,157948"
581,"0,005565","0,020797","0,007462","0,009925",17,0,0,0,"2,066612","6,701469","4,986286"
582,"0,005538","0,017304","0,008092","0,01336",16,0,0,0,"2,43187","5,742073","3,949165"
583,"0,007194","0,017731","0,008264","0,010105",16,0,0,0,"2,260208","5,701542","3,962278"
584,"0,005572","0,020957","0,007914","0,009092",17,0,0,0,"2,928972","5,787134","4,986763"
585,"0,006051","0,021567","0,008757","0,009285",16,0,0,0,"3,778934","7,104158","4,105806"
586,"0,005518","0,023192","0,007966","0,009175",17,0,0,0,"4,112482","6,432772","4,466534"
587,"0,008153","0,018874","0,008001","0,012297",16,0,0,0,"2,654552","6,465912","3,666639"
588,"0,005346","0,022296","0,007563","0,008492",17,0,0,0,"3,574133","7,549047","5,452633"
589,"0,006398","0,019308","0,007893","0,011226",16,0,0,0,"2,33984","6,495476","3,662825"
590,"0,006339","0,019198","0,008019","0,009941",17,0,0,0,"2,42424","5,92041","3,78871"
591,"0,006629","0,020161","0,007616","0,012249",17,0,0,0,"2,816439","7,258654","3,619432"
592,"0,00552","0,021793","0,007405","0,009813",16,0,0,0,"2,512455","6,844282","3,682613"
593,"0,005512","0,020632","0,007515","0,010023",17,0,0,0,"2,358437","8,085728","3,955126"
594,"0,005485","0,020533","0,007841","0,009855",17,0,0,0,"2,456427","6,000757","4,034281"
595,"0,006513","0,019505","0,008311","0,012689",17,0,0,0,"2,363682","6,63805","3,796339"
596,"0,005342","0,022177","0,010606","0,010501",17,0,0,0,"2,525091","6,514788","3,970861"
597,"0,005294","0,020923","0,007832","0,010241",17,0,0,0,"2,329111","7,081032","5,43642"
598,"0,005496","0,020691","0,008213","0,01046",17,0,0,0,"2,142668","6,941319","3,946781"
599,"0,006713","0,018856","0,007808","0,009488",17,0,0,0,"2,155304","7,79891","3,624439"
600,"0,005482","0,019692","0,007523","0,009137",17,0,0,0,"2,212286","5,782843","4,076481"
601,"0,005504","0,017259","0,007533","0,010316",17,0,0,0,"2,296209","5,774498","3,723145"
602,"0,00575","0,020373","0,0078","0,009839",17,0,0,0,"2,930641","7,593632","3,942966"
603,"0,005623","0,01936","0,00724","0,009212",17,0,0,0,"2,388","5,764008","4,329205"
604,"0,005351","0,018648","0,007633","0,010239",17,0,0,0,"2,637863","5,808115","3,791809"
605,"0,00538","0,017686","0,008276","0,010339",17,0,0,0,"2,551079","5,787611","3,622532"
606,"0,005322","0,019145","0,008588","0,009588",18,0,0,0,"3,272057","5,799055","3,92437"
607,"0,005464","0,019844","0,007682","0,009456",18,0,0,0,"2,856255","6,408453","4,863262"
608,"0,005439","0,018813","0,008105","0,011311",18,0,0,0,"2,819538","5,87368","3,736496"
609,"0,005404","0,017026","0,007995","0,009234",18,0,0,0,"2,192736","6,052494","3,903627"
610,"0,005405","0,018648","0,009306","0,011167",19,0,0,0,"3,963709","6,242514","3,632307"
611,"0,005371","0,019504","0,00963","0,010931",20,0,0,0,"2,508402","5,920887","4,588366"
612,"0,00553","0,017564","0,009615","0,010598",21,0,0,0,"2,516508","6,062269","3,673077"
613,"0,006384","0,018313","0,009085","0,009735",21,0,0,0,"2,372265","6,931067","3,604889"
614,"0,005537","0,022324","0,008833","0,010428",20,0,0,0,"2,604246","6,851912","5,221844"
615,"0,005617","0,018283","0,009506","0,011534",20,0,0,0,"2,110004","6,103754","4,989624"
616,"0,006398","0,019324","0,011219","0,009929",21,0,0,0,"2,962351","6,441116","3,846169"
617,"0,005308","0,019794","0,011796","0,009829",22,0,0,0,"1,996279","5,853891","5,347252"
618,"0,006828","0,023205","0,011815","0,011492",23,0,0,0,"2,131224","7,706165","6,37126"
619,"0,006509","0,022094","0,009763","0,009827",23,0,0,0,"1,878738","5,728722","5,402327"
620,"0,006021","0,02226","0,009839","0,010027",23,0,0,0,"2,01726","6,615639","4,431963"
621,"0,005767","0,020972","0,010089","0,010888",23,0,0,0,"2,271175","6,806374","3,679752"
622,"0,005698","0,017602","0,009958","0,010687",23,0,0,0,"2,208471","6,569147","3,548145"
623,"0,005435","0,019652","0,009695","0,011542",23,0,0,0,"2,212524","6,881714","4,351854"
624,"0,005495","0,021011","0,010673","0,009022",23,0,0,0,"2,031803","5,881071","7,782936"
625,"0,005393","0,021839","0,011303","0,011274",24,0,0,0,"2,067327","6,564617","8,167267"
626,"0,005401","0,022948","0,01276","0,012593",24,0,0,0,"2,231598","6,260395","7,518291"
627,"0,005344","0,020198","0,010542","0,010423",24,0,0,0,"2,320051","7,009745","5,675554"
628,"0,005493","0,021804","0,010726","0,010528",24,0,0,0,"2,051115","6,147146","6,628275"
629,"0,006426","0,021636","0,010594","0,011751",25,0,0,0,"1,985788","6,276846","3,740311"
630,"0,006334","0,018106","0,011384","0,011062",26,0,0,0,"2,44236","7,080317","3,576994"
631,"0,005351","0,020137","0,01219","0,010345",26,0,0,0,"3,971338","5,881548","4,162788"
632,"0,005429","0,018869","0,011795","0,011907",26,0,0,0,"4,308462","5,774736","3,499985"
633,"0,005328","0,020723","0,01068","0,011468",26,0,0,0,"2,063513","5,754948","7,507324"
634,"0,00543","0,022517","0,011089","0,010841",25,0,0,0,"2,098083","5,810976","8,052349"
635,"0,005398","0,025177","0,010442","0,010914",25,0,0,0,"1,917124","5,753279","6,353378"
636,"0,006404","0,023808","0,009853","0,009521",23,0,0,0,"2,410412","6,19626","3,519297"
637,"0,005837","0,017595","0,01044","0,010675",25,0,0,0,"2,497673","5,943775","3,650665"
638,"0,006232","0,022403","0,010001","0,012708",24,0,0,0,"5,677462","7,788897","3,499985"
639,"0,005396","0,019872","0,018167","0,012744",24,0,0,0,"2,035856","5,913734","4,567146"
640,"0,005436","0,01928","0,010292","0,012711",24,0,0,0,"1,86348","6,356001","5,738735"
641,"0,00536","0,023289","0,01079","0,011957",25,0,0,0,"1,90115","8,328199","6,746769"
642,"0,005456","0,023661","0,011257","0,011095",24,0,0,0,"1,880407","5,760908","8,143187"
643,"0,005749","0,022866","0,011261","0,011457",24,0,0,0,"2,118587","6,061316","6,825447"
644,"0,005426","0,018611","0,011522","0,01127",26,0,0,0,"2,244234","6,214857","4,10676"
645,"0,005345","0,022247","0,01424","0,010844",26,0,0,0,"7,037163","5,765438","3,71623"
646,"0,005378","0,019256","0,01177","0,012211",26,0,0,0,"2,216816","6,111383","5,440235"
647,"0,005687","0,023609","0,011664","0,012397",27,0,0,0,"2,683878","6,188393","6,660461"
648,"0,005419","0,021991","0,012066","0,010565",28,0,0,0,"2,019405","5,693674","3,660679"
649,"0,006557","0,019694","0,011323","0,010964",27,0,0,0,"2,353907","6,529331","4,463911"
650,"0,005407","0,022591","0,012366","0,012011",28,0,0,0,"4,557133","5,883694","5,072594"
651,"0,005411","0,019731","0,011763","0,010646",27,0,0,0,"1,832008","6,464481","5,675554"
652,"0,005336","0,023627","0,011328","0,010946",27,0,0,0,"2,945185","6,113291","4,974365"
653,"0,005277","0,022597","0,012915","0,011016",28,0,0,0,"1,849651","6,466627","3,966331"
654,"0,005343","0,018548","0,01171","0,011586",28,0,0,0,"2,494097","6,068468","4,612207"
655,"0,005308","0,020202","0,012495","0,01217",30,0,0,0,"5,396843","5,795002","3,471375"
656,"0,006461","0,020074","0,012164","0,011851",28,0,0,0,"2,320766","5,908728","5,64146"
657,"0,006527","0,021361","0,012082","0,010974",27,0,0,0,"1,834869","6,016016","7,811308"
658,"0,005563","0,023604","0,013485","0,016607",30,0,0,0,"2,655983","6,002903","3,543854"
659,"0,005396","0,021668","0,014946","0,016438",30,0,0,0,"2,078772","5,85413","3,862858"
660,"0,005395","0,021774","0,015063","0,011085",35,0,0,0,"2,183199","6,065369","7,433653"
661,"0,00533","0,023543","0,01255","0,012225",33,0,0,0,"1,958609","5,716085","5,729675"
662,"0,005494","0,024127","0,014717","0,01151",34,0,0,0,"2,25544","5,686522","4,673243"
663,"0,005347","0,019623","0,015249","0,01166",35,0,0,0,"2,214909","6,026983","3,590107"
664,"0,006144","0,021617","0,013783","0,01193",35,0,0,0,"4,409552","6,173611","4,504204"
665,"0,005481","0,025009","0,014949","0,011575",34,0,0,0,"3,065825","5,74255","9,073734"
666,"0,005509","0,024984","0,020341","0,01682",35,0,0,0,"2,184153","6,752014","6,331921"
667,"0,005448","0,023664","0,014456","0,014377",35,0,0,0,"1,922846","5,656242","4,93288"
668,"0,005719","0,025706","0,013629","0,012399",35,0,0,0,"4,220963","5,641699","3,529549"
669,"0,005453","0,018416","0,013797","0,012719",35,0,0,0,"1,849413","6,11186","4,253864"
670,"0,005533","0,025196","0,013176","0,011611",34,0,0,0,"5,609989","6,366253","3,763914"
671,"0,005401","0,020408","0,013577","0,012388",34,0,0,0,"2,307653","6,031036","4,811764"
672,"0,005375","0,024571","0,012722","0,010696",33,0,0,0,"1,990795","7,465124","7,61342"
673,"0,005378","0,022932","0,013133","0,012586",33,0,0,0,"2,170801","5,699873","7,965088"
674,"0,005344","0,024881","0,012593","0,014026",32,0,0,0,"2,407312","6,621838","3,646851"
675,"0,006578","0,025264","0,013763","0,014335",34,0,0,0,"2,135277","6,507397","3,948927"
676,"0,00546","0,020149","0,01255","0,013576",33,0,0,0,"2,371073","6,767988","3,582239"
677,"0,00716","0,024207","0,01334","0,012544",34,0,0,0,"6,950378","6,082535","4,908085"
678,"0,006309","0,01802","0,01472","0,012999",36,0,0,0,"2,229214","6,146669","4,147053"
679,"0,00565","0,021476","0,014086","0,013628",36,0,0,0,"1,975536","6,46472","6,289482"
680,"0,007354","0,021936","0,013806","0,014149",36,0,0,0,"2,212524","5,755663","3,705978"
681,"0,00537","0,0168","0,013426","0,012484",36,0,0,0,"2,257586","5,726814","3,504038"
682,"0,005648","0,01714","0,012991","0,011863",34,0,0,0,"2,429724","5,937815","3,581762"
683,"0,005771","0,01706","0,014704","0,012055",34,0,0,0,"2,095461","5,770922","3,526449"
684,"0,00541","0,017656","0,017217","0,01244",35,0,0,0,"2,285957","5,74398","3,826618"
685,"0,006978","0,017755","0,015469","0,012356",35,0,0,0,"2,503157","5,851269","3,578663"
686,"0,005336","0,018044","0,014563","0,012305",35,0,0,0,"2,523184","5,895138","3,666878"
687,"0,005349","0,01882","0,014994","0,012307",35,0,0,0,"2,217054","6,928205","3,505468"
688,"0,005434","0,018087","0,013271","0,013315",35,0,0,0,"2,449751","5,74398","3,876686"
689,"0,005369","0,019128","0,012918","0,013301",36,0,0,0,"2,615213","5,727291","4,718781"
690,"0,005412","0,020147","0,013837","0,01308",36,0,0,0,"2,393007","5,76067","3,500223"
691,"0,005325","0,018657","0,013135","0,01218",36,0,0,0,"2,654314","6,235123","3,408432"
692,"0,005456","0,019097","0,012795","0,012968",35,0,0,0,"2,291203","7,669687","3,540993"
693,"0,006639","0,018394","0,01313","0,01198",35,0,0,0,"2,183199","5,700588","4,480124"
694,"0,00529","0,019759","0,014268","0,012244",36,0,0,0,"2,411842","5,695581","5,090714"
695,"0,005393","0,021077","0,013223","0,011987",35,0,0,0,"3,584385","5,662918","4,66609"
696,"0,005351","0,018894","0,013027","0,012102",36,0,0,0,"2,053499","5,682707","4,337072"
697,"0,005459","0,019386","0,014595","0,011861",36,0,0,0,"2,69866","5,730629","4,337549"
698,"0,006762","0,018411","0,012638","0,011472",35,0,0,0,"2,31266","5,922556","4,499912"
699,"0,005378","0,018213","0,012826","0,011918",35,0,0,0,"2,006769","5,936146","4,3571"
,"0,005429",,,,,,,,,,
