Frame,Captura,Procesamiento,Tracking,Escritura,Cantidad Objetos,Tiempo Total(ms),Tiempo por Objeto tracking(ms),FPS,Preprocess,Inference,Postprocess
0,0,"0,000000",0,"0,028395",0,"0,000000",0,0,0,0,0
1,0,"0,000000",0,"0,009532",0,"0,000000",0,0,0,0,0
2,0,"0,000000",0,"0,007203",0,"0,000000",0,0,0,0,0
3,0,"0,000000",0,"0,006753",0,"0,000000",0,0,0,0,0
4,0,"0,000000",0,"0,009985",0,"0,000000",0,0,0,0,0
5,0,"0,000000",0,"0,013699",0,"0,000000",0,0,0,0,0
6,0,"0,000000",0,"0,006396",0,"0,000000",0,0,0,0,0
7,0,"0,000000",0,"0,011825",0,"0,000000",0,0,0,0,0
8,0,"0,000000",0,"0,012029",0,"0,000000",0,0,0,0,0
9,0,"0,000000",0,"0,009928",0,"0,000000",0,0,0,0,0
10,0,"0,000000",0,"0,009556",0,"0,000000",0,0,0,0,0
11,0,"0,000000",0,"0,005421",0,"0,000000",0,0,0,0,0
12,0,"0,000000",0,"0,005611",0,"0,000000",0,0,0,0,0
13,0,"0,000000",0,"0,009881",0,"0,000000",0,0,0,0,0
14,0,"0,000000",0,"0,005361",0,"0,000000",0,0,0,0,0
15,0,"0,000000",0,"0,010003",0,"0,000000",0,0,0,0,0
16,0,"0,000000",0,"0,009539",0,"0,000000",0,0,0,0,0
17,0,"0,000000",0,"0,005859",0,"0,000000",0,0,0,0,0
18,0,"0,000000",0,"0,010083",0,"0,000000",0,0,0,0,0
19,0,"0,000000",0,"0,010573",0,"0,000000",0,0,0,0,0
20,0,"0,000000",0,"0,005113",0,"0,000000",0,0,0,0,0
21,0,"0,000000",0,"0,010182",0,"0,000000",0,0,0,0,0
22,0,"0,000000",0,"0,010615",0,"0,000000",0,0,0,0,0
23,0,"0,000000",0,"0,004695",0,"0,000000",0,0,0,0,0
24,0,"0,000000",0,"0,005846",0,"0,000000",0,0,0,0,0
25,0,"0,000000",0,"0,004991",0,"0,000000",0,0,0,0,0
26,0,"0,000000",0,"0,003615",0,"0,000000",0,0,0,0,0
27,0,"0,000000",0,"0,003538",0,"0,000000",0,0,0,0,0
28,0,"0,000000",0,"0,004134",0,"0,000000",0,0,0,0,0
29,0,"0,000000",0,"0,003373",0,"0,000000",0,0,0,0,0
30,0,"0,000000",0,"0,004780",0,"0,000000",0,0,0,0,0
31,0,"0,000000",0,"0,005439",0,"0,000000",0,0,0,0,0
32,0,"0,000000",0,"0,005196",0,"0,000000",0,0,0,0,0
33,0,"0,000000",0,"0,003458",0,"0,000000",0,0,0,0,0
34,0,"0,000000",0,"0,003859",0,"0,000000",0,0,0,0,0
35,0,"0,000000",0,"0,003764",0,"0,000000",0,0,0,0,0
36,0,"0,000000",0,"0,007107",0,"0,000000",0,0,0,0,0
37,0,"0,000000",0,"0,006137",0,"0,000000",0,0,0,0,0
38,0,"0,000000",0,"0,004252",0,"0,000000",0,0,0,0,0
39,0,"0,000000",0,"0,004444",0,"0,000000",0,0,0,0,0
40,0,"0,000000",0,"0,003632",0,"0,000000",0,0,0,0,0
41,0,"0,000000",0,"0,003418",0,"0,000000",0,0,0,0,0
42,0,"0,000000",0,"0,004545",0,"0,000000",0,0,0,0,0
43,0,"0,000000",0,"0,003618",0,"0,000000",0,0,0,0,0
44,0,"0,000000",0,"0,004875",0,"0,000000",0,0,0,0,0
45,0,"0,000000",0,"0,004821",0,"0,000000",0,0,0,0,0
46,0,"0,000000",0,"0,004455",0,"0,000000",0,0,0,0,0
47,0,"0,000000",0,"0,003662",0,"0,000000",0,0,0,0,0
48,0,"0,000000",0,"0,007342",0,"0,000000",0,0,0,0,0
49,0,"0,000000",0,"0,005332",0,"0,000000",0,0,0,0,0
50,0,"0,000000",0,"0,007048",0,"0,000000",0,0,0,0,0
51,0,"0,000000",0,"0,003839",0,"0,000000",0,0,0,0,0
52,0,"0,000000",0,"0,003621",0,"0,000000",0,0,0,0,0
53,0,"0,000000",0,"0,004198",0,"0,000000",0,0,0,0,0
54,0,"0,000000",0,"0,003676",0,"0,000000",0,0,0,0,0
55,0,"0,000000",0,"0,003454",0,"0,000000",0,0,0,0,0
56,0,"0,000000",0,"0,004694",0,"0,000000",0,0,0,0,0
57,0,"0,000000",0,"0,003490",0,"0,000000",0,0,0,0,0
58,0,"0,000000",0,"0,004155",0,"0,000000",0,0,0,0,0
59,0,"0,000000",0,"0,003486",0,"0,000000",0,0,0,0,0
60,0,"0,000000",0,"0,005724",0,"0,000000",0,0,0,0,0
61,0,"0,000000",0,"0,005175",0,"0,000000",0,0,0,0,0
62,0,"0,000000",0,"0,003791",0,"0,000000",0,0,0,0,0
63,0,"0,000000",0,"0,004855",0,"0,000000",0,0,0,0,0
64,0,"0,000000",0,"0,004053",0,"0,000000",0,0,0,0,0
65,0,"0,000000",0,"0,003505",0,"0,000000",0,0,0,0,0
66,0,"0,000000",0,"0,004158",0,"0,000000",0,0,0,0,0
67,0,"0,000000",0,"0,006227",0,"0,000000",0,0,0,0,0
68,0,"0,000000",0,"0,003702",0,"0,000000",0,0,0,0,0
69,0,"0,000000",0,"0,003401",0,"0,000000",0,0,0,0,0
70,0,"0,000000",0,"0,005131",0,"0,000000",0,0,0,0,0
71,0,"0,000000",0,"0,003638",0,"0,000000",0,0,0,0,0
72,0,"0,000000",0,"0,006153",0,"0,000000",0,0,0,0,0
73,0,"0,000000",0,"0,006736",0,"0,000000",0,0,0,0,0
74,0,"0,000000",0,"0,003515",0,"0,000000",0,0,0,0,0
75,0,"0,000000",0,"0,003637",0,"0,000000",0,0,0,0,0
76,0,"0,000000",0,"0,004528",0,"0,000000",0,0,0,0,0
77,0,"0,000000",0,"0,004303",0,"0,000000",0,0,0,0,0
78,0,"0,000000",0,"0,003964",0,"0,000000",0,0,0,0,0
79,0,"0,000000",0,"0,004928",0,"0,000000",0,0,0,0,0
80,0,"0,000000",0,"0,004369",0,"0,000000",0,0,0,0,0
81,0,"0,000000",0,"0,003468",0,"0,000000",0,0,0,0,0
82,0,"0,000000",0,"0,004396",0,"0,000000",0,0,0,0,0
83,0,"0,000000",0,"0,006196",0,"0,000000",0,0,0,0,0
84,0,"0,000000",0,"0,005663",0,"0,000000",0,0,0,0,0
85,0,"0,000000",0,"0,006354",0,"0,000000",0,0,0,0,0
86,0,"0,000000",0,"0,004274",0,"0,000000",0,0,0,0,0
87,0,"0,000000",0,"0,003270",0,"0,000000",0,0,0,0,0
88,0,"0,000000",0,"0,004327",0,"0,000000",0,0,0,0,0
89,0,"0,000000",0,"0,005534",0,"0,000000",0,0,0,0,0
90,0,"0,000000",0,"0,004377",0,"0,000000",0,0,0,0,0
91,0,"0,000000",0,"0,003645",0,"0,000000",0,0,0,0,0
92,0,"0,000000",0,"0,005231",0,"0,000000",0,0,0,0,0
93,0,"0,000000",0,"0,005662",0,"0,000000",0,0,0,0,0
94,0,"0,000000",0,"0,004204",0,"0,000000",0,0,0,0,0
95,0,"0,000000",0,"0,003590",0,"0,000000",0,0,0,0,0
96,0,"0,000000",0,"0,006380",0,"0,000000",0,0,0,0,0
97,0,"0,000000",0,"0,005359",0,"0,000000",0,0,0,0,0
98,0,"0,000000",0,"0,005308",0,"0,000000",0,0,0,0,0
99,0,"0,000000",0,"0,004220",0,"0,000000",0,0,0,0,0
100,0,"0,000000",0,"0,004932",0,"0,000000",0,0,0,0,0
101,0,"0,000000",0,"0,004467",0,"0,000000",0,0,0,0,0
102,0,"0,000000",0,"0,004726",0,"0,000000",0,0,0,0,0
103,0,"0,000000",0,"0,003562",0,"0,000000",0,0,0,0,0
104,0,"0,000000",0,"0,006045",0,"0,000000",0,0,0,0,0
105,0,"0,000000",0,"0,005826",0,"0,000000",0,0,0,0,0
106,0,"0,000000",0,"0,004366",0,"0,000000",0,0,0,0,0
107,0,"0,000000",0,"0,005543",0,"0,000000",0,0,0,0,0
108,0,"0,000000",0,"0,006679",0,"0,000000",0,0,0,0,0
109,0,"0,000000",0,"0,005777",0,"0,000000",0,0,0,0,0
110,0,"0,000000",0,"0,004746",0,"0,000000",0,0,0,0,0
111,0,"0,000000",0,"0,007053",0,"0,000000",0,0,0,0,0
112,0,"0,000000",0,"0,004766",0,"0,000000",0,0,0,0,0
113,0,"0,000000",0,"0,004598",0,"0,000000",0,0,0,0,0
114,0,"0,000000",0,"0,004382",0,"0,000000",0,0,0,0,0
115,0,"0,000000",0,"0,004616",0,"0,000000",0,0,0,0,0
116,0,"0,000000",0,"0,004507",0,"0,000000",0,0,0,0,0
117,0,"0,000000",0,"0,003861",0,"0,000000",0,0,0,0,0
118,0,"0,000000",0,"0,004589",0,"0,000000",0,0,0,0,0
119,0,"0,000000",0,"0,003913",0,"0,000000",0,0,0,0,0
120,0,"0,000000",0,"0,006338",0,"0,000000",0,0,0,0,0
121,0,"0,000000",0,"0,005211",0,"0,000000",0,0,0,0,0
122,0,"0,000000",0,"0,004697",0,"0,000000",0,0,0,0,0
123,0,"0,000000",0,"0,003972",0,"0,000000",0,0,0,0,0
124,0,"0,000000",0,"0,004607",0,"0,000000",0,0,0,0,0
125,0,"0,000000",0,"0,004452",0,"0,000000",0,0,0,0,0
126,0,"0,000000",0,"0,005296",0,"0,000000",0,0,0,0,0
127,0,"0,000000",0,"0,003758",0,"0,000000",0,0,0,0,0
128,0,"0,000000",0,"0,004742",0,"0,000000",0,0,0,0,0
129,0,"0,000000",0,"0,005316",0,"0,000000",0,0,0,0,0
130,0,"0,000000",0,"0,005251",0,"0,000000",0,0,0,0,0
131,0,"0,000000",0,"0,005537",0,"0,000000",0,0,0,0,0
132,0,"0,000000",0,"0,006491",0,"0,000000",0,0,0,0,0
133,0,"0,000000",0,"0,006428",0,"0,000000",0,0,0,0,0
134,0,"0,000000",0,"0,005767",0,"0,000000",0,0,0,0,0
135,0,"0,000000",0,"0,003919",0,"0,000000",0,0,0,0,0
136,0,"0,000000",0,"0,004620",0,"0,000000",0,0,0,0,0
137,0,"0,000000",0,"0,004676",0,"0,000000",0,0,0,0,0
138,0,"0,000000",0,"0,004780",0,"0,000000",0,0,0,0,0
139,0,"0,000000",0,"0,003955",0,"0,000000",0,0,0,0,0
140,0,"0,000000",0,"0,004629",0,"0,000000",0,0,0,0,0
141,0,"0,000000",0,"0,003563",0,"0,000000",0,0,0,0,0
142,0,"0,000000",0,"0,005527",0,"0,000000",0,0,0,0,0
143,0,"0,000000",0,"0,005482",0,"0,000000",0,0,0,0,0
144,0,"0,000000",0,"0,006425",0,"0,000000",0,0,0,0,0
145,0,"0,000000",0,"0,005217",0,"0,000000",0,0,0,0,0
146,0,"0,000000",0,"0,005439",0,"0,000000",0,0,0,0,0
147,0,"0,000000",0,"0,004101",0,"0,000000",0,0,0,0,0
148,0,"0,000000",0,"0,004956",0,"0,000000",0,0,0,0,0
149,0,"0,000000",0,"0,004860",0,"0,000000",0,0,0,0,0
150,0,"0,000000",0,"0,004337",0,"0,000000",0,0,0,0,0
151,0,"0,000000",0,"0,003719",0,"0,000000",0,0,0,0,0
152,0,"0,000000",0,"0,004331",0,"0,000000",0,0,0,0,0
153,0,"0,000000",0,"0,004504",0,"0,000000",0,0,0,0,0
154,0,"0,000000",0,"0,005031",0,"0,000000",0,0,0,0,0
155,0,"0,000000",0,"0,003934",0,"0,000000",0,0,0,0,0
156,0,"0,000000",0,"0,006611",0,"0,000000",0,0,0,0,0
157,0,"0,000000",0,"0,004863",0,"0,000000",0,0,0,0,0
158,0,"0,000000",0,"0,005656",0,"0,000000",0,0,0,0,0
159,0,"0,000000",0,"0,004085",0,"0,000000",0,0,0,0,0
160,0,"0,000000",0,"0,004557",0,"0,000000",0,0,0,0,0
161,0,"0,000000",0,"0,004292",0,"0,000000",0,0,0,0,0
162,0,"0,000000",0,"0,005777",0,"0,000000",0,0,0,0,0
163,0,"0,000000",0,"0,008206",0,"0,000000",0,0,0,0,0
164,0,"0,000000",0,"0,005950",0,"0,000000",0,0,0,0,0
165,0,"0,000000",0,"0,004909",0,"0,000000",0,0,0,0,0
166,0,"0,000000",0,"0,005335",0,"0,000000",0,0,0,0,0
167,0,"0,000000",0,"0,008812",0,"0,000000",0,0,0,0,0
168,0,"0,000000",0,"0,008464",0,"0,000000",0,0,0,0,0
169,0,"0,000000",0,"0,006601",0,"0,000000",0,0,0,0,0
170,0,"0,000000",0,"0,006606",0,"0,000000",0,0,0,0,0
171,0,"0,000000",0,"0,004726",0,"0,000000",0,0,0,0,0
172,0,"0,000000",0,"0,005746",0,"0,000000",0,0,0,0,0
173,0,"0,000000",0,"0,005864",0,"0,000000",0,0,0,0,0
174,0,"0,000000",0,"0,005182",0,"0,000000",0,0,0,0,0
175,0,"0,000000",0,"0,005881",0,"0,000000",0,0,0,0,0
176,0,"0,000000",0,"0,004928",0,"0,000000",0,0,0,0,0
177,0,"0,000000",0,"0,006390",0,"0,000000",0,0,0,0,0
178,0,"0,000000",0,"0,005227",0,"0,000000",0,0,0,0,0
179,0,"0,000000",0,"0,006007",0,"0,000000",0,0,0,0,0
180,0,"0,000000",0,"0,006288",0,"0,000000",0,0,0,0,0
181,0,"0,000000",0,"0,007161",0,"0,000000",0,0,0,0,0
182,0,"0,000000",0,"0,006415",0,"0,000000",0,0,0,0,0
183,0,"0,000000",0,"0,006826",0,"0,000000",0,0,0,0,0
184,0,"0,000000",0,"0,006685",0,"0,000000",0,0,0,0,0
185,0,"0,000000",0,"0,005344",0,"0,000000",0,0,0,0,0
186,0,"0,000000",0,"0,006439",0,"0,000000",0,0,0,0,0
187,0,"0,000000",0,"0,005560",0,"0,000000",0,0,0,0,0
188,0,"0,000000",0,"0,006538",0,"0,000000",0,0,0,0,0
189,0,"0,000000",0,"0,005256",0,"0,000000",0,0,0,0,0
190,0,"0,000000",0,"0,006318",0,"0,000000",0,0,0,0,0
191,0,"0,000000",0,"0,006728",0,"0,000000",0,0,0,0,0
192,0,"0,000000",0,"0,007044",0,"0,000000",0,0,0,0,0
193,0,"0,000000",0,"0,006577",0,"0,000000",0,0,0,0,0
194,0,"0,000000",0,"0,006602",0,"0,000000",0,0,0,0,0
195,0,"0,000000",0,"0,005126",0,"0,000000",0,0,0,0,0
196,0,"0,000000",0,"0,006160",0,"0,000000",0,0,0,0,0
197,0,"0,000000",0,"0,005473",0,"0,000000",0,0,0,0,0
198,0,"0,000000",0,"0,006185",0,"0,000000",0,0,0,0,0
199,0,"0,000000",0,"0,004976",0,"0,000000",0,0,0,0,0
200,0,"0,000000",0,"0,006317",0,"0,000000",0,0,0,0,0
201,0,"0,000000",0,"0,005072",0,"0,000000",0,0,0,0,0
202,0,"0,000000",0,"0,007492",0,"0,000000",0,0,0,0,0
203,0,"0,000000",0,"0,006898",0,"0,000000",0,0,0,0,0
204,0,"0,000000",0,"0,006900",0,"0,000000",0,0,0,0,0
205,0,"0,000000",0,"0,006375",0,"0,000000",0,0,0,0,0
206,0,"0,000000",0,"0,006894",0,"0,000000",0,0,0,0,0
207,0,"0,000000",0,"0,006153",0,"0,000000",0,0,0,0,0
208,0,"0,000000",0,"0,008019",0,"0,000000",0,0,0,0,0
209,0,"0,000000",0,"0,006754",0,"0,000000",0,0,0,0,0
210,0,"0,000000",0,"0,009548",0,"0,000000",0,0,0,0,0
211,0,"0,000000",0,"0,006067",0,"0,000000",0,0,0,0,0
212,0,"0,000000",0,"0,005398",0,"0,000000",0,0,0,0,0
213,0,"0,000000",0,"0,007355",0,"0,000000",0,0,0,0,0
214,0,"0,000000",0,"0,007790",0,"0,000000",0,0,0,0,0
215,0,"0,000000",0,"0,006140",0,"0,000000",0,0,0,0,0
216,0,"0,000000",0,"0,007904",0,"0,000000",0,0,0,0,0
217,0,"0,000000",0,"0,006854",0,"0,000000",0,0,0,0,0
218,0,"0,000000",0,"0,006653",0,"0,000000",0,0,0,0,0
219,0,"0,000000",0,"0,006129",0,"0,000000",0,0,0,0,0
220,0,"0,000000",0,"0,007623",0,"0,000000",0,0,0,0,0
221,0,"0,000000",0,"0,006340",0,"0,000000",0,0,0,0,0
222,0,"0,000000",0,"0,009690",0,"0,000000",0,0,0,0,0
223,0,"0,000000",0,"0,008500",0,"0,000000",0,0,0,0,0
224,0,"0,000000",0,"0,007868",0,"0,000000",0,0,0,0,0
225,0,"0,000000",0,"0,007422",0,"0,000000",0,0,0,0,0
226,0,"0,000000",0,"0,009412",0,"0,000000",0,0,0,0,0
227,0,"0,000000",0,"0,007207",0,"0,000000",0,0,0,0,0
228,0,"0,000000",0,"0,007367",0,"0,000000",0,0,0,0,0
229,0,"0,000000",0,"0,008871",0,"0,000000",0,0,0,0,0
230,0,"0,000000",0,"0,009675",0,"0,000000",0,0,0,0,0
231,0,"0,000000",0,"0,009572",0,"0,000000",0,0,0,0,0
232,0,"0,000000",0,"0,008479",0,"0,000000",0,0,0,0,0
233,0,"0,000000",0,"0,008792",0,"0,000000",0,0,0,0,0
234,0,"0,000000",0,"0,008770",0,"0,000000",0,0,0,0,0
235,0,"0,000000",0,"0,010114",0,"0,000000",0,0,0,0,0
236,0,"0,000000",0,"0,009415",0,"0,000000",0,0,0,0,0
237,0,"0,000000",0,"0,007401",0,"0,000000",0,0,0,0,0
238,0,"0,000000",0,"0,008275",0,"0,000000",0,0,0,0,0
239,0,"0,000000",0,"0,009701",0,"0,000000",0,0,0,0,0
240,0,"0,000000",0,"0,008416",0,"0,000000",0,0,0,0,0
241,0,"0,000000",0,"0,010459",0,"0,000000",0,0,0,0,0
242,0,"0,000000",0,"0,008836",0,"0,000000",0,0,0,0,0
243,0,"0,000000",0,"0,009605",0,"0,000000",0,0,0,0,0
244,0,"0,000000",0,"0,007524",0,"0,000000",0,0,0,0,0
245,0,"0,000000",0,"0,008123",0,"0,000000",0,0,0,0,0
246,0,"0,000000",0,"0,006635",0,"0,000000",0,0,0,0,0
247,0,"0,000000",0,"0,007306",0,"0,000000",0,0,0,0,0
248,0,"0,000000",0,"0,006683",0,"0,000000",0,0,0,0,0
249,0,"0,000000",0,"0,010696",0,"0,000000",0,0,0,0,0
250,0,"0,000000",0,"0,005954",0,"0,000000",0,0,0,0,0
251,0,"0,000000",0,"0,007586",0,"0,000000",0,0,0,0,0
252,0,"0,000000",0,"0,006859",0,"0,000000",0,0,0,0,0
253,0,"0,000000",0,"0,006602",0,"0,000000",0,0,0,0,0
254,0,"0,000000",0,"0,005909",0,"0,000000",0,0,0,0,0
255,0,"0,000000",0,"0,007640",0,"0,000000",0,0,0,0,0
256,0,"0,000000",0,"0,006277",0,"0,000000",0,0,0,0,0
257,0,"0,000000",0,"0,007737",0,"0,000000",0,0,0,0,0
258,0,"0,000000",0,"0,008156",0,"0,000000",0,0,0,0,0
259,0,"0,000000",0,"0,009158",0,"0,000000",0,0,0,0,0
260,0,"0,000000",0,"0,006457",0,"0,000000",0,0,0,0,0
261,0,"0,000000",0,"0,007059",0,"0,000000",0,0,0,0,0
262,0,"0,000000",0,"0,006261",0,"0,000000",0,0,0,0,0
263,0,"0,000000",0,"0,006347",0,"0,000000",0,0,0,0,0
264,0,"0,000000",0,"0,007449",0,"0,000000",0,0,0,0,0
265,0,"0,000000",0,"0,012896",0,"0,000000",0,0,0,0,0
266,0,"0,000000",0,"0,010614",0,"0,000000",0,0,0,0,0
267,0,"0,000000",0,"0,007914",0,"0,000000",0,0,0,0,0
268,0,"0,000000",0,"0,007440",0,"0,000000",0,0,0,0,0
269,0,"0,000000",0,"0,010911",0,"0,000000",0,0,0,0,0
270,0,"0,000000",0,"0,010478",0,"0,000000",0,0,0,0,0
271,0,"0,000000",0,"0,010286",0,"0,000000",0,0,0,0,0
272,0,"0,000000",0,"0,009283",0,"0,000000",0,0,0,0,0
273,0,"0,000000",0,"0,011988",0,"0,000000",0,0,0,0,0
274,0,"0,000000",0,"0,008554",0,"0,000000",0,0,0,0,0
275,0,"0,000000",0,"0,009067",0,"0,000000",0,0,0,0,0
276,0,"0,000000",0,"0,007477",0,"0,000000",0,0,0,0,0
277,0,"0,000000",0,"0,009730",0,"0,000000",0,0,0,0,0
278,0,"0,000000",0,"0,007714",0,"0,000000",0,0,0,0,0
279,0,"0,000000",0,"0,008396",0,"0,000000",0,0,0,0,0
280,0,"0,000000",0,"0,009191",0,"0,000000",0,0,0,0,0
281,0,"0,000000",0,"0,012510",0,"0,000000",0,0,0,0,0
282,0,"0,000000",0,"0,011164",0,"0,000000",0,0,0,0,0
283,0,"0,000000",0,"0,009731",0,"0,000000",0,0,0,0,0
284,0,"0,000000",0,"0,014628",0,"0,000000",0,0,0,0,0
285,0,"0,000000",0,"0,010049",0,"0,000000",0,0,0,0,0
286,0,"0,000000",0,"0,010041",0,"0,000000",0,0,0,0,0
287,0,"0,000000",0,"0,008646",0,"0,000000",0,0,0,0,0
288,0,"0,000000",0,"0,008151",0,"0,000000",0,0,0,0,0
289,0,"0,000000",0,"0,008853",0,"0,000000",0,0,0,0,0
290,0,"0,000000",0,"0,010863",0,"0,000000",0,0,0,0,0
291,0,"0,000000",0,"0,008800",0,"0,000000",0,0,0,0,0
292,0,"0,000000",0,"0,008621",0,"0,000000",0,0,0,0,0
293,0,"0,000000",0,"0,009134",0,"0,000000",0,0,0,0,0
294,0,"0,000000",0,"0,009835",0,"0,000000",0,0,0,0,0
295,0,"0,000000",0,"0,009238",0,"0,000000",0,0,0,0,0
296,0,"0,000000",0,"0,007370",0,"0,000000",0,0,0,0,0
297,0,"0,000000",0,"0,012965",0,"0,000000",0,0,0,0,0
298,0,"0,000000",0,"0,009708",0,"0,000000",0,0,0,0,0
299,0,"0,000000",0,"0,008960",0,"0,000000",0,0,0,0,0
300,0,"0,000000",0,"0,007665",0,"0,000000",0,0,0,0,0
301,0,"0,000000",0,"0,009885",0,"0,000000",0,0,0,0,0
302,0,"0,000000",0,"0,011236",0,"0,000000",0,0,0,0,0
303,0,"0,000000",0,"0,009565",0,"0,000000",0,0,0,0,0
304,0,"0,000000",0,"0,011667",0,"0,000000",0,0,0,0,0
305,0,"0,000000",0,"0,010433",0,"0,000000",0,0,0,0,0
306,0,"0,000000",0,"0,013298",0,"0,000000",0,0,0,0,0
307,0,"0,000000",0,"0,009322",0,"0,000000",0,0,0,0,0
308,0,"0,000000",0,"0,008956",0,"0,000000",0,0,0,0,0
309,0,"0,000000",0,"0,008419",0,"0,000000",0,0,0,0,0
310,0,"0,000000",0,"0,008971",0,"0,000000",0,0,0,0,0
311,0,"0,000000",0,"0,009993",0,"0,000000",0,0,0,0,0
312,0,"0,000000",0,"0,007651",0,"0,000000",0,0,0,0,0
313,0,"0,000000",0,"0,009439",0,"0,000000",0,0,0,0,0
314,0,"0,000000",0,"0,007210",0,"0,000000",0,0,0,0,0
315,0,"0,000000",0,"0,009296",0,"0,000000",0,0,0,0,0
316,0,"0,000000",0,"0,007660",0,"0,000000",0,0,0,0,0
317,0,"0,000000",0,"0,009594",0,"0,000000",0,0,0,0,0
318,0,"0,000000",0,"0,008232",0,"0,000000",0,0,0,0,0
319,0,"0,000000",0,"0,006355",0,"0,000000",0,0,0,0,0
320,0,"0,000000",0,"0,008312",0,"0,000000",0,0,0,0,0
321,0,"0,000000",0,"0,007678",0,"0,000000",0,0,0,0,0
322,0,"0,000000",0,"0,009339",0,"0,000000",0,0,0,0,0
323,0,"0,000000",0,"0,014041",0,"0,000000",0,0,0,0,0
324,0,"0,000000",0,"0,010673",0,"0,000000",0,0,0,0,0
325,0,"0,000000",0,"0,010804",0,"0,000000",0,0,0,0,0
326,0,"0,000000",0,"0,010780",0,"0,000000",0,0,0,0,0
327,0,"0,000000",0,"0,008419",0,"0,000000",0,0,0,0,0
328,0,"0,000000",0,"0,014269",0,"0,000000",0,0,0,0,0
329,0,"0,000000",0,"0,010204",0,"0,000000",0,0,0,0,0
330,0,"0,000000",0,"0,009504",0,"0,000000",0,0,0,0,0
331,0,"0,000000",0,"0,009142",0,"0,000000",0,0,0,0,0
332,0,"0,000000",0,"0,009701",0,"0,000000",0,0,0,0,0
333,0,"0,000000",0,"0,009531",0,"0,000000",0,0,0,0,0
334,0,"0,000000",0,"0,008506",0,"0,000000",0,0,0,0,0
335,0,"0,000000",0,"0,007999",0,"0,000000",0,0,0,0,0
336,0,"0,000000",0,"0,007627",0,"0,000000",0,0,0,0,0
337,0,"0,000000",0,"0,008306",0,"0,000000",0,0,0,0,0
338,0,"0,000000",0,"0,008541",0,"0,000000",0,0,0,0,0
339,0,"0,000000",0,"0,010480",0,"0,000000",0,0,0,0,0
340,0,"0,000000",0,"0,011791",0,"0,000000",0,0,0,0,0
341,0,"0,000000",0,"0,009691",0,"0,000000",0,0,0,0,0
342,0,"0,000000",0,"0,011405",0,"0,000000",0,0,0,0,0
343,0,"0,000000",0,"0,010488",0,"0,000000",0,0,0,0,0
344,0,"0,000000",0,"0,007781",0,"0,000000",0,0,0,0,0
345,0,"0,000000",0,"0,013582",0,"0,000000",0,0,0,0,0
346,0,"0,000000",0,"0,012666",0,"0,000000",0,0,0,0,0
347,0,"0,000000",0,"0,005798",0,"0,000000",0,0,0,0,0
348,0,"0,000000",0,"0,009118",0,"0,000000",0,0,0,0,0
349,0,"0,000000",0,"0,008660",0,"0,000000",0,0,0,0,0
350,0,"0,000000",0,"0,007525",0,"0,000000",0,0,0,0,0
351,0,"0,000000",0,"0,010631",0,"0,000000",0,0,0,0,0
352,0,"0,000000",0,"0,009542",0,"0,000000",0,0,0,0,0
353,0,"0,000000",0,"0,010925",0,"0,000000",0,0,0,0,0
354,0,"0,000000",0,"0,013208",0,"0,000000",0,0,0,0,0
355,0,"0,000000",0,"0,007238",0,"0,000000",0,0,0,0,0
356,0,"0,000000",0,"0,010296",0,"0,000000",0,0,0,0,0
357,0,"0,000000",0,"0,012864",0,"0,000000",0,0,0,0,0
358,0,"0,000000",0,"0,008646",0,"0,000000",0,0,0,0,0
359,0,"0,000000",0,"0,007308",0,"0,000000",0,0,0,0,0
360,0,"0,000000",0,"0,009619",0,"0,000000",0,0,0,0,0
361,0,"0,000000",0,"0,009450",0,"0,000000",0,0,0,0,0
362,0,"0,000000",0,"0,010801",0,"0,000000",0,0,0,0,0
363,0,"0,000000",0,"0,006931",0,"0,000000",0,0,0,0,0
364,0,"0,000000",0,"0,008445",0,"0,000000",0,0,0,0,0
365,0,"0,000000",0,"0,008622",0,"0,000000",0,0,0,0,0
366,0,"0,000000",0,"0,009103",0,"0,000000",0,0,0,0,0
367,0,"0,000000",0,"0,008541",0,"0,000000",0,0,0,0,0
368,0,"0,000000",0,"0,008275",0,"0,000000",0,0,0,0,0
369,0,"0,000000",0,"0,010045",0,"0,000000",0,0,0,0,0
370,0,"0,000000",0,"0,008003",0,"0,000000",0,0,0,0,0
371,0,"0,000000",0,"0,007313",0,"0,000000",0,0,0,0,0
372,0,"0,000000",0,"0,008413",0,"0,000000",0,0,0,0,0
373,0,"0,000000",0,"0,008727",0,"0,000000",0,0,0,0,0
374,0,"0,000000",0,"0,008320",0,"0,000000",0,0,0,0,0
375,0,"0,000000",0,"0,006140",0,"0,000000",0,0,0,0,0
376,0,"0,000000",0,"0,008037",0,"0,000000",0,0,0,0,0
377,0,"0,000000",0,"0,007389",0,"0,000000",0,0,0,0,0
378,0,"0,000000",0,"0,008070",0,"0,000000",0,0,0,0,0
379,0,"0,000000",0,"0,006535",0,"0,000000",0,0,0,0,0
380,0,"0,000000",0,"0,007781",0,"0,000000",0,0,0,0,0
381,0,"0,000000",0,"0,008072",0,"0,000000",0,0,0,0,0
382,0,"0,000000",0,"0,006955",0,"0,000000",0,0,0,0,0
383,0,"0,000000",0,"0,006281",0,"0,000000",0,0,0,0,0
384,0,"0,000000",0,"0,007974",0,"0,000000",0,0,0,0,0
385,0,"0,000000",0,"0,008920",0,"0,000000",0,0,0,0,0
386,0,"0,000000",0,"0,007115",0,"0,000000",0,0,0,0,0
387,0,"0,000000",0,"0,008495",0,"0,000000",0,0,0,0,0
388,0,"0,000000",0,"0,006372",0,"0,000000",0,0,0,0,0
389,0,"0,000000",0,"0,007685",0,"0,000000",0,0,0,0,0
390,0,"0,000000",0,"0,007724",0,"0,000000",0,0,0,0,0
391,0,"0,000000",0,"0,005965",0,"0,000000",0,0,0,0,0
392,0,"0,000000",0,"0,007329",0,"0,000000",0,0,0,0,0
393,0,"0,000000",0,"0,008213",0,"0,000000",0,0,0,0,0
394,0,"0,000000",0,"0,007073",0,"0,000000",0,0,0,0,0
395,0,"0,000000",0,"0,006491",0,"0,000000",0,0,0,0,0
396,0,"0,000000",0,"0,008471",0,"0,000000",0,0,0,0,0
397,0,"0,000000",0,"0,009252",0,"0,000000",0,0,0,0,0
398,0,"0,000000",0,"0,006972",0,"0,000000",0,0,0,0,0
399,0,"0,000000",0,"0,008042",0,"0,000000",0,0,0,0,0
400,0,"0,000000",0,"0,007238",0,"0,000000",0,0,0,0,0
401,0,"0,000000",0,"0,008532",0,"0,000000",0,0,0,0,0
402,0,"0,000000",0,"0,007172",0,"0,000000",0,0,0,0,0
403,0,"0,000000",0,"0,007458",0,"0,000000",0,0,0,0,0
404,0,"0,000000",0,"0,007190",0,"0,000000",0,0,0,0,0
405,0,"0,000000",0,"0,007698",0,"0,000000",0,0,0,0,0
406,0,"0,000000",0,"0,007182",0,"0,000000",0,0,0,0,0
407,0,"0,000000",0,"0,008923",0,"0,000000",0,0,0,0,0
408,0,"0,000000",0,"0,006579",0,"0,000000",0,0,0,0,0
409,0,"0,000000",0,"0,008890",0,"0,000000",0,0,0,0,0
410,0,"0,000000",0,"0,008153",0,"0,000000",0,0,0,0,0
411,0,"0,000000",0,"0,007828",0,"0,000000",0,0,0,0,0
412,0,"0,000000",0,"0,006293",0,"0,000000",0,0,0,0,0
413,0,"0,000000",0,"0,008014",0,"0,000000",0,0,0,0,0
414,0,"0,000000",0,"0,006699",0,"0,000000",0,0,0,0,0
415,0,"0,000000",0,"0,006747",0,"0,000000",0,0,0,0,0
416,0,"0,000000",0,"0,006259",0,"0,000000",0,0,0,0,0
417,0,"0,000000",0,"0,007218",0,"0,000000",0,0,0,0,0
418,0,"0,000000",0,"0,005619",0,"0,000000",0,0,0,0,0
419,0,"0,000000",0,"0,006359",0,"0,000000",0,0,0,0,0
420,0,"0,000000",0,"0,006312",0,"0,000000",0,0,0,0,0
421,0,"0,000000",0,"0,007820",0,"0,000000",0,0,0,0,0
422,0,"0,000000",0,"0,007087",0,"0,000000",0,0,0,0,0
423,0,"0,000000",0,"0,006453",0,"0,000000",0,0,0,0,0
424,0,"0,000000",0,"0,006016",0,"0,000000",0,0,0,0,0
425,0,"0,000000",0,"0,007250",0,"0,000000",0,0,0,0,0
426,0,"0,000000",0,"0,007780",0,"0,000000",0,0,0,0,0
427,0,"0,000000",0,"0,007408",0,"0,000000",0,0,0,0,0
428,0,"0,000000",0,"0,005438",0,"0,000000",0,0,0,0,0
429,0,"0,000000",0,"0,006088",0,"0,000000",0,0,0,0,0
430,0,"0,000000",0,"0,005521",0,"0,000000",0,0,0,0,0
431,0,"0,000000",0,"0,006246",0,"0,000000",0,0,0,0,0
432,0,"0,000000",0,"0,006267",0,"0,000000",0,0,0,0,0
433,0,"0,000000",0,"0,007500",0,"0,000000",0,0,0,0,0
434,0,"0,000000",0,"0,007173",0,"0,000000",0,0,0,0,0
435,0,"0,000000",0,"0,006312",0,"0,000000",0,0,0,0,0
436,0,"0,000000",0,"0,005645",0,"0,000000",0,0,0,0,0
437,0,"0,000000",0,"0,006297",0,"0,000000",0,0,0,0,0
438,0,"0,000000",0,"0,005663",0,"0,000000",0,0,0,0,0
439,0,"0,000000",0,"0,006273",0,"0,000000",0,0,0,0,0
440,0,"0,000000",0,"0,005583",0,"0,000000",0,0,0,0,0
441,0,"0,000000",0,"0,007766",0,"0,000000",0,0,0,0,0
442,0,"0,000000",0,"0,005913",0,"0,000000",0,0,0,0,0
443,0,"0,000000",0,"0,005520",0,"0,000000",0,0,0,0,0
444,0,"0,000000",0,"0,007291",0,"0,000000",0,0,0,0,0
445,0,"0,000000",0,"0,005942",0,"0,000000",0,0,0,0,0
446,0,"0,000000",0,"0,007826",0,"0,000000",0,0,0,0,0
447,0,"0,000000",0,"0,006490",0,"0,000000",0,0,0,0,0
448,0,"0,000000",0,"0,006638",0,"0,000000",0,0,0,0,0
449,0,"0,000000",0,"0,006077",0,"0,000000",0,0,0,0,0
450,0,"0,000000",0,"0,007293",0,"0,000000",0,0,0,0,0
451,0,"0,000000",0,"0,005827",0,"0,000000",0,0,0,0,0
452,0,"0,000000",0,"0,006626",0,"0,000000",0,0,0,0,0
453,0,"0,000000",0,"0,007348",0,"0,000000",0,0,0,0,0
454,0,"0,000000",0,"0,006993",0,"0,000000",0,0,0,0,0
455,0,"0,000000",0,"0,008878",0,"0,000000",0,0,0,0,0
456,0,"0,000000",0,"0,009309",0,"0,000000",0,0,0,0,0
457,0,"0,000000",0,"0,006685",0,"0,000000",0,0,0,0,0
458,0,"0,000000",0,"0,006947",0,"0,000000",0,0,0,0,0
459,0,"0,000000",0,"0,005332",0,"0,000000",0,0,0,0,0
460,0,"0,000000",0,"0,006550",0,"0,000000",0,0,0,0,0
461,0,"0,000000",0,"0,006130",0,"0,000000",0,0,0,0,0
462,0,"0,000000",0,"0,006593",0,"0,000000",0,0,0,0,0
463,0,"0,000000",0,"0,008654",0,"0,000000",0,0,0,0,0
464,0,"0,000000",0,"0,006928",0,"0,000000",0,0,0,0,0
465,0,"0,000000",0,"0,006156",0,"0,000000",0,0,0,0,0
466,0,"0,000000",0,"0,007168",0,"0,000000",0,0,0,0,0
467,0,"0,000000",0,"0,006855",0,"0,000000",0,0,0,0,0
468,0,"0,000000",0,"0,008856",0,"0,000000",0,0,0,0,0
469,0,"0,000000",0,"0,007933",0,"0,000000",0,0,0,0,0
470,0,"0,000000",0,"0,006988",0,"0,000000",0,0,0,0,0
471,0,"0,000000",0,"0,005931",0,"0,000000",0,0,0,0,0
472,0,"0,000000",0,"0,006767",0,"0,000000",0,0,0,0,0
473,0,"0,000000",0,"0,007577",0,"0,000000",0,0,0,0,0
474,0,"0,000000",0,"0,006206",0,"0,000000",0,0,0,0,0
475,0,"0,000000",0,"0,006952",0,"0,000000",0,0,0,0,0
476,0,"0,000000",0,"0,005758",0,"0,000000",0,0,0,0,0
477,0,"0,000000",0,"0,007401",0,"0,000000",0,0,0,0,0
478,0,"0,000000",0,"0,006986",0,"0,000000",0,0,0,0,0
479,0,"0,000000",0,"0,006892",0,"0,000000",0,0,0,0,0
480,0,"0,000000",0,"0,007248",0,"0,000000",0,0,0,0,0
481,0,"0,000000",0,"0,006657",0,"0,000000",0,0,0,0,0
482,0,"0,000000",0,"0,008733",0,"0,000000",0,0,0,0,0
483,0,"0,000000",0,"0,006078",0,"0,000000",0,0,0,0,0
484,0,"0,000000",0,"0,007372",0,"0,000000",0,0,0,0,0
485,0,"0,000000",0,"0,006132",0,"0,000000",0,0,0,0,0
486,0,"0,000000",0,"0,010263",0,"0,000000",0,0,0,0,0
487,0,"0,000000",0,"0,011072",0,"0,000000",0,0,0,0,0
488,0,"0,000000",0,"0,008342",0,"0,000000",0,0,0,0,0
489,0,"0,000000",0,"0,006986",0,"0,000000",0,0,0,0,0
490,0,"0,000000",0,"0,007517",0,"0,000000",0,0,0,0,0
491,0,"0,000000",0,"0,006205",0,"0,000000",0,0,0,0,0
492,0,"0,000000",0,"0,007519",0,"0,000000",0,0,0,0,0
493,0,"0,000000",0,"0,007154",0,"0,000000",0,0,0,0,0
494,0,"0,000000",0,"0,007017",0,"0,000000",0,0,0,0,0
495,0,"0,000000",0,"0,006652",0,"0,000000",0,0,0,0,0
496,0,"0,000000",0,"0,006995",0,"0,000000",0,0,0,0,0
497,0,"0,000000",0,"0,005977",0,"0,000000",0,0,0,0,0
498,0,"0,000000",0,"0,010435",0,"0,000000",0,0,0,0,0
499,0,"0,000000",0,"0,008498",0,"0,000000",0,0,0,0,0
500,0,"0,000000",0,"0,006989",0,"0,000000",0,0,0,0,0
501,0,"0,000000",0,"0,006677",0,"0,000000",0,0,0,0,0
502,0,"0,000000",0,"0,007362",0,"0,000000",0,0,0,0,0
503,0,"0,000000",0,"0,006753",0,"0,000000",0,0,0,0,0
504,0,"0,000000",0,"0,007960",0,"0,000000",0,0,0,0,0
505,0,"0,000000",0,"0,007291",0,"0,000000",0,0,0,0,0
506,0,"0,000000",0,"0,007429",0,"0,000000",0,0,0,0,0
507,0,"0,000000",0,"0,006954",0,"0,000000",0,0,0,0,0
508,0,"0,000000",0,"0,007423",0,"0,000000",0,0,0,0,0
509,0,"0,000000",0,"0,006344",0,"0,000000",0,0,0,0,0
510,0,"0,000000",0,"0,007466",0,"0,000000",0,0,0,0,0
511,0,"0,000000",0,"0,007498",0,"0,000000",0,0,0,0,0
512,0,"0,000000",0,"0,007588",0,"0,000000",0,0,0,0,0
513,0,"0,000000",0,"0,007233",0,"0,000000",0,0,0,0,0
514,0,"0,000000",0,"0,006948",0,"0,000000",0,0,0,0,0
515,0,"0,000000",0,"0,008652",0,"0,000000",0,0,0,0,0
516,0,"0,000000",0,"0,007302",0,"0,000000",0,0,0,0,0
517,0,"0,000000",0,"0,012956",0,"0,000000",0,0,0,0,0
518,0,"0,000000",0,"0,007463",0,"0,000000",0,0,0,0,0
519,0,"0,000000",0,"0,009724",0,"0,000000",0,0,0,0,0
520,0,"0,000000",0,"0,008108",0,"0,000000",0,0,0,0,0
521,0,"0,000000",0,"0,008679",0,"0,000000",0,0,0,0,0
522,0,"0,000000",0,"0,008763",0,"0,000000",0,0,0,0,0
523,0,"0,000000",0,"0,010400",0,"0,000000",0,0,0,0,0
524,0,"0,000000",0,"0,008719",0,"0,000000",0,0,0,0,0
525,0,"0,000000",0,"0,008623",0,"0,000000",0,0,0,0,0
526,0,"0,000000",0,"0,010384",0,"0,000000",0,0,0,0,0
527,0,"0,000000",0,"0,010231",0,"0,000000",0,0,0,0,0
528,0,"0,000000",0,"0,008293",0,"0,000000",0,0,0,0,0
529,0,"0,000000",0,"0,009405",0,"0,000000",0,0,0,0,0
530,0,"0,000000",0,"0,010566",0,"0,000000",0,0,0,0,0
531,0,"0,000000",0,"0,010639",0,"0,000000",0,0,0,0,0
532,0,"0,000000",0,"0,008373",0,"0,000000",0,0,0,0,0
533,0,"0,000000",0,"0,009526",0,"0,000000",0,0,0,0,0
534,0,"0,000000",0,"0,010636",0,"0,000000",0,0,0,0,0
535,0,"0,000000",0,"0,010411",0,"0,000000",0,0,0,0,0
536,0,"0,000000",0,"0,015924",0,"0,000000",0,0,0,0,0
537,0,"0,000000",0,"0,010408",0,"0,000000",0,0,0,0,0
538,0,"0,000000",0,"0,010157",0,"0,000000",0,0,0,0,0
539,0,"0,000000",0,"0,010991",0,"0,000000",0,0,0,0,0
540,0,"0,000000",0,"0,007795",0,"0,000000",0,0,0,0,0
541,0,"0,000000",0,"0,009292",0,"0,000000",0,0,0,0,0
542,0,"0,000000",0,"0,012229",0,"0,000000",0,0,0,0,0
543,0,"0,000000",0,"0,011128",0,"0,000000",0,0,0,0,0
544,0,"0,000000",0,"0,007606",0,"0,000000",0,0,0,0,0
545,0,"0,000000",0,"0,009076",0,"0,000000",0,0,0,0,0
546,0,"0,000000",0,"0,013300",0,"0,000000",0,0,0,0,0
547,0,"0,000000",0,"0,010534",0,"0,000000",0,0,0,0,0
548,0,"0,000000",0,"0,008770",0,"0,000000",0,0,0,0,0
549,0,"0,000000",0,"0,008651",0,"0,000000",0,0,0,0,0
550,0,"0,000000",0,"0,009711",0,"0,000000",0,0,0,0,0
551,0,"0,000000",0,"0,010415",0,"0,000000",0,0,0,0,0
552,0,"0,000000",0,"0,007982",0,"0,000000",0,0,0,0,0
553,0,"0,000000",0,"0,011125",0,"0,000000",0,0,0,0,0
554,0,"0,000000",0,"0,008767",0,"0,000000",0,0,0,0,0
555,0,"0,000000",0,"0,009760",0,"0,000000",0,0,0,0,0
556,0,"0,000000",0,"0,009150",0,"0,000000",0,0,0,0,0
557,0,"0,000000",0,"0,008910",0,"0,000000",0,0,0,0,0
558,0,"0,000000",0,"0,009548",0,"0,000000",0,0,0,0,0
559,0,"0,000000",0,"0,009547",0,"0,000000",0,0,0,0,0
560,0,"0,000000",0,"0,012244",0,"0,000000",0,0,0,0,0
561,0,"0,000000",0,"0,009614",0,"0,000000",0,0,0,0,0
562,0,"0,000000",0,"0,012181",0,"0,000000",0,0,0,0,0
563,0,"0,000000",0,"0,011151",0,"0,000000",0,0,0,0,0
564,0,"0,000000",0,"0,010296",0,"0,000000",0,0,0,0,0
565,0,"0,000000",0,"0,010046",0,"0,000000",0,0,0,0,0
566,0,"0,000000",0,"0,008740",0,"0,000000",0,0,0,0,0
567,0,"0,000000",0,"0,009415",0,"0,000000",0,0,0,0,0
568,0,"0,000000",0,"0,008443",0,"0,000000",0,0,0,0,0
569,0,"0,000000",0,"0,009541",0,"0,000000",0,0,0,0,0
570,0,"0,000000",0,"0,008552",0,"0,000000",0,0,0,0,0
571,0,"0,000000",0,"0,009221",0,"0,000000",0,0,0,0,0
572,0,"0,000000",0,"0,009429",0,"0,000000",0,0,0,0,0
573,0,"0,000000",0,"0,009961",0,"0,000000",0,0,0,0,0
574,0,"0,000000",0,"0,008822",0,"0,000000",0,0,0,0,0
575,0,"0,000000",0,"0,010547",0,"0,000000",0,0,0,0,0
576,0,"0,000000",0,"0,008098",0,"0,000000",0,0,0,0,0
577,0,"0,000000",0,"0,009747",0,"0,000000",0,0,0,0,0
578,0,"0,000000",0,"0,011359",0,"0,000000",0,0,0,0,0
579,0,"0,000000",0,"0,009437",0,"0,000000",0,0,0,0,0
580,0,"0,000000",0,"0,011561",0,"0,000000",0,0,0,0,0
581,0,"0,000000",0,"0,009925",0,"0,000000",0,0,0,0,0
582,0,"0,000000",0,"0,013360",0,"0,000000",0,0,0,0,0
583,0,"0,000000",0,"0,010105",0,"0,000000",0,0,0,0,0
584,0,"0,000000",0,"0,009092",0,"0,000000",0,0,0,0,0
585,0,"0,000000",0,"0,009285",0,"0,000000",0,0,0,0,0
586,0,"0,000000",0,"0,009175",0,"0,000000",0,0,0,0,0
587,0,"0,000000",0,"0,012297",0,"0,000000",0,0,0,0,0
588,0,"0,000000",0,"0,008492",0,"0,000000",0,0,0,0,0
589,0,"0,000000",0,"0,011226",0,"0,000000",0,0,0,0,0
590,0,"0,000000",0,"0,009941",0,"0,000000",0,0,0,0,0
591,0,"0,000000",0,"0,012249",0,"0,000000",0,0,0,0,0
592,0,"0,000000",0,"0,009813",0,"0,000000",0,0,0,0,0
593,0,"0,000000",0,"0,010023",0,"0,000000",0,0,0,0,0
594,0,"0,000000",0,"0,009855",0,"0,000000",0,0,0,0,0
595,0,"0,000000",0,"0,012689",0,"0,000000",0,0,0,0,0
596,0,"0,000000",0,"0,010501",0,"0,000000",0,0,0,0,0
597,0,"0,000000",0,"0,010241",0,"0,000000",0,0,0,0,0
598,0,"0,000000",0,"0,010460",0,"0,000000",0,0,0,0,0
599,0,"0,000000",0,"0,009488",0,"0,000000",0,0,0,0,0
600,0,"0,000000",0,"0,009137",0,"0,000000",0,0,0,0,0
601,0,"0,000000",0,"0,010316",0,"0,000000",0,0,0,0,0
602,0,"0,000000",0,"0,009839",0,"0,000000",0,0,0,0,0
603,0,"0,000000",0,"0,009212",0,"0,000000",0,0,0,0,0
604,0,"0,000000",0,"0,010239",0,"0,000000",0,0,0,0,0
605,0,"0,000000",0,"0,010339",0,"0,000000",0,0,0,0,0
606,0,"0,000000",0,"0,009588",0,"0,000000",0,0,0,0,0
607,0,"0,000000",0,"0,009456",0,"0,000000",0,0,0,0,0
608,0,"0,000000",0,"0,011311",0,"0,000000",0,0,0,0,0
609,0,"0,000000",0,"0,009234",0,"0,000000",0,0,0,0,0
610,0,"0,000000",0,"0,011167",0,"0,000000",0,0,0,0,0
611,0,"0,000000",0,"0,010931",0,"0,000000",0,0,0,0,0
612,0,"0,000000",0,"0,010598",0,"0,000000",0,0,0,0,0
613,0,"0,000000",0,"0,009735",0,"0,000000",0,0,0,0,0
614,0,"0,000000",0,"0,010428",0,"0,000000",0,0,0,0,0
615,0,"0,000000",0,"0,011534",0,"0,000000",0,0,0,0,0
616,0,"0,000000",0,"0,009929",0,"0,000000",0,0,0,0,0
617,0,"0,000000",0,"0,009829",0,"0,000000",0,0,0,0,0
618,0,"0,000000",0,"0,011492",0,"0,000000",0,0,0,0,0
619,0,"0,000000",0,"0,009827",0,"0,000000",0,0,0,0,0
620,0,"0,000000",0,"0,010027",0,"0,000000",0,0,0,0,0
621,0,"0,000000",0,"0,010888",0,"0,000000",0,0,0,0,0
622,0,"0,000000",0,"0,010687",0,"0,000000",0,0,0,0,0
623,0,"0,000000",0,"0,011542",0,"0,000000",0,0,0,0,0
624,0,"0,000000",0,"0,009022",0,"0,000000",0,0,0,0,0
625,0,"0,000000",0,"0,011274",0,"0,000000",0,0,0,0,0
626,0,"0,000000",0,"0,012593",0,"0,000000",0,0,0,0,0
627,0,"0,000000",0,"0,010423",0,"0,000000",0,0,0,0,0
628,0,"0,000000",0,"0,010528",0,"0,000000",0,0,0,0,0
629,0,"0,000000",0,"0,011751",0,"0,000000",0,0,0,0,0
630,0,"0,000000",0,"0,011062",0,"0,000000",0,0,0,0,0
631,0,"0,000000",0,"0,010345",0,"0,000000",0,0,0,0,0
632,0,"0,000000",0,"0,011907",0,"0,000000",0,0,0,0,0
633,0,"0,000000",0,"0,011468",0,"0,000000",0,0,0,0,0
634,0,"0,000000",0,"0,010841",0,"0,000000",0,0,0,0,0
635,0,"0,000000",0,"0,010914",0,"0,000000",0,0,0,0,0
636,0,"0,000000",0,"0,009521",0,"0,000000",0,0,0,0,0
637,0,"0,000000",0,"0,010675",0,"0,000000",0,0,0,0,0
638,0,"0,000000",0,"0,012708",0,"0,000000",0,0,0,0,0
639,0,"0,000000",0,"0,012744",0,"0,000000",0,0,0,0,0
640,0,"0,000000",0,"0,012711",0,"0,000000",0,0,0,0,0
641,0,"0,000000",0,"0,011957",0,"0,000000",0,0,0,0,0
642,0,"0,000000",0,"0,011095",0,"0,000000",0,0,0,0,0
643,0,"0,000000",0,"0,011457",0,"0,000000",0,0,0,0,0
644,0,"0,000000",0,"0,011270",0,"0,000000",0,0,0,0,0
645,0,"0,000000",0,"0,010844",0,"0,000000",0,0,0,0,0
646,0,"0,000000",0,"0,012211",0,"0,000000",0,0,0,0,0
647,0,"0,000000",0,"0,012397",0,"0,000000",0,0,0,0,0
648,0,"0,000000",0,"0,010565",0,"0,000000",0,0,0,0,0
649,0,"0,000000",0,"0,010964",0,"0,000000",0,0,0,0,0
650,0,"0,000000",0,"0,012011",0,"0,000000",0,0,0,0,0
651,0,"0,000000",0,"0,010646",0,"0,000000",0,0,0,0,0
652,0,"0,000000",0,"0,010946",0,"0,000000",0,0,0,0,0
653,0,"0,000000",0,"0,011016",0,"0,000000",0,0,0,0,0
654,0,"0,000000",0,"0,011586",0,"0,000000",0,0,0,0,0
655,0,"0,000000",0,"0,012170",0,"0,000000",0,0,0,0,0
656,0,"0,000000",0,"0,011851",0,"0,000000",0,0,0,0,0
657,0,"0,000000",0,"0,010974",0,"0,000000",0,0,0,0,0
658,0,"0,000000",0,"0,016607",0,"0,000000",0,0,0,0,0
659,0,"0,000000",0,"0,016438",0,"0,000000",0,0,0,0,0
660,0,"0,000000",0,"0,011085",0,"0,000000",0,0,0,0,0
661,0,"0,000000",0,"0,012225",0,"0,000000",0,0,0,0,0
662,0,"0,000000",0,"0,011510",0,"0,000000",0,0,0,0,0
663,0,"0,000000",0,"0,011660",0,"0,000000",0,0,0,0,0
664,0,"0,000000",0,"0,011930",0,"0,000000",0,0,0,0,0
665,0,"0,000000",0,"0,011575",0,"0,000000",0,0,0,0,0
666,0,"0,000000",0,"0,016820",0,"0,000000",0,0,0,0,0
667,0,"0,000000",0,"0,014377",0,"0,000000",0,0,0,0,0
668,0,"0,000000",0,"0,012399",0,"0,000000",0,0,0,0,0
669,0,"0,000000",0,"0,012719",0,"0,000000",0,0,0,0,0
670,0,"0,000000",0,"0,011611",0,"0,000000",0,0,0,0,0
671,0,"0,000000",0,"0,012388",0,"0,000000",0,0,0,0,0
672,0,"0,000000",0,"0,010696",0,"0,000000",0,0,0,0,0
673,0,"0,000000",0,"0,012586",0,"0,000000",0,0,0,0,0
674,0,"0,000000",0,"0,014026",0,"0,000000",0,0,0,0,0
675,0,"0,000000",0,"0,014335",0,"0,000000",0,0,0,0,0
676,0,"0,000000",0,"0,013576",0,"0,000000",0,0,0,0,0
677,0,"0,000000",0,"0,012544",0,"0,000000",0,0,0,0,0
678,0,"0,000000",0,"0,012999",0,"0,000000",0,0,0,0,0
679,0,"0,000000",0,"0,013628",0,"0,000000",0,0,0,0,0
680,0,"0,000000",0,"0,014149",0,"0,000000",0,0,0,0,0
681,0,"0,000000",0,"0,012484",0,"0,000000",0,0,0,0,0
682,0,"0,000000",0,"0,011863",0,"0,000000",0,0,0,0,0
683,0,"0,000000",0,"0,012055",0,"0,000000",0,0,0,0,0
684,0,"0,000000",0,"0,012440",0,"0,000000",0,0,0,0,0
685,0,"0,000000",0,"0,012356",0,"0,000000",0,0,0,0,0
686,0,"0,000000",0,"0,012305",0,"0,000000",0,0,0,0,0
687,0,"0,000000",0,"0,012307",0,"0,000000",0,0,0,0,0
688,0,"0,000000",0,"0,013315",0,"0,000000",0,0,0,0,0
689,0,"0,000000",0,"0,013301",0,"0,000000",0,0,0,0,0
690,0,"0,000000",0,"0,013080",0,"0,000000",0,0,0,0,0
691,0,"0,000000",0,"0,012180",0,"0,000000",0,0,0,0,0
692,0,"0,000000",0,"0,012968",0,"0,000000",0,0,0,0,0
693,0,"0,000000",0,"0,011980",0,"0,000000",0,0,0,0,0
694,0,"0,000000",0,"0,012244",0,"0,000000",0,0,0,0,0
695,0,"0,000000",0,"0,011987",0,"0,000000",0,0,0,0,0
696,0,"0,000000",0,"0,012102",0,"0,000000",0,0,0,0,0
697,0,"0,000000",0,"0,011861",0,"0,000000",0,0,0,0,0
698,0,"0,000000",0,"0,011472",0,"0,000000",0,0,0,0,0
699,0,"0,000000",0,"0,011918",0,"0,000000",0,0,0,0,0
