Frame,Captura,Procesamiento,Tracking,Escritura,Cantidad Objetos,Tiempo Total (ms),Tiempo por Objeto Tracking (ms),Preprocess,Inference,Postprocess
0,"0,359093","0,011856","0,001472","0,172130",0,"544,551030","0,000000","0,002954","0,005668","0,002616"
0,"0,021230","0,013158","0,000608","0,029019",0,"64,013878","0,000000","0,001989","0,007704","0,002922"
0,"0,025230","0,014235","0,000591","0,030695",0,"70,751119","0,000000","0,002187","0,007803","0,003638"
0,"0,026848","0,010810","0,000643","0,019939",0,"58,240404","0,000000","0,001934","0,006322","0,002075"
0,"0,023209","0,015070","0,000603","0,019174",0,"58,056843","0,000000","0,004592","0,006863","0,003033"
0,"0,026046","0,011852","0,000569","0,020620",0,"59,088036","0,000000","0,002001","0,006663","0,002688"
0,"0,025961","0,012914","0,000721","0,033809",0,"73,404355","0,000000","0,002036","0,007536","0,002753"
0,"0,026139","0,012939","0,000580","0,020932",0,"60,590296","0,000000","0,001986","0,007831","0,002595"
0,"0,026438","0,012057","0,000628","0,026140",0,"65,263005","0,000000","0,002085","0,006287","0,002763"
0,"0,026966","0,014831","0,000649","0,017604",0,"60,049976","0,000000","0,002317","0,006154","0,005716"
0,"0,026886","0,012318","0,000578","0,017977",0,"57,758008","0,000000","0,002206","0,006949","0,002519"
0,"0,002361","0,011342","0,001022","0,018208",0,"32,933550","0,000000","0,002654","0,005766","0,002315"
0,"0,001935","0,015094","0,001311","0,013666",0,"32,005531","0,000000","0,002083","0,005790","0,005129"
0,"0,002695","0,012211","0,000742","0,018749",0,"34,397248","0,000000","0,002033","0,006836","0,002797"
0,"0,002342","0,014061","0,000606","0,021510",0,"38,519366","0,000000","0,002183","0,008893","0,002423"
0,"0,002414","0,013637","0,000646","0,025695",0,"42,391966","0,000000","0,002004","0,008705","0,002408"
0,"0,002202","0,012821","0,000579","0,014268",0,"29,869890","0,000000","0,002078","0,007227","0,002910"
0,"0,002156","0,012117","0,000623","0,014234",0,"29,129337","0,000000","0,002033","0,007087","0,002366"
0,"0,001893","0,012280","0,000622","0,014829",0,"29,623702","0,000000","0,002041","0,006255","0,003427"
0,"0,001855","0,013518","0,000604","0,014314",0,"30,291100","0,000000","0,002078","0,008401","0,002451"
0,"0,002333","0,013440","0,000682","0,014127",0,"30,582027","0,000000","0,001997","0,008194","0,002680"
0,"0,001807","0,019596","0,000634","0,013777",0,"35,814222","0,000000","0,003777","0,012118","0,003057"
0,"0,002421","0,013405","0,000659","0,013342",0,"29,827521","0,000000","0,002301","0,008222","0,002380"
0,"0,002532","0,013473","0,000678","0,013593",0,"30,276538","0,000000","0,002099","0,008414","0,002417"
0,"0,001941","0,013301","0,000700","0,014555",0,"30,497030","0,000000","0,002085","0,008453","0,002214"
0,"0,001814","0,013428","0,000618","0,016977",0,"32,836458","0,000000","0,002274","0,008085","0,002551"
0,"0,001962","0,014921","0,000695","0,016567",0,"34,144048","0,000000","0,002871","0,008358","0,003052"
0,"0,001967","0,014139","0,000685","0,015716",0,"32,506998","0,000000","0,002298","0,008311","0,002995"
0,"0,007866","0,013492","0,000663","0,019135",0,"41,156792","0,000000","0,002299","0,008062","0,002437"
0,"0,021177","0,014623","0,000649","0,016350",0,"52,798883","0,000000","0,002453","0,008326","0,003248"
0,"0,028818","0,012843","0,000708","0,016663",0,"59,031103","0,000000","0,002254","0,007669","0,002410"
0,"0,027068","0,013885","0,000608","0,015223",0,"56,784384","0,000000","0,002275","0,008284","0,002804"
0,"0,026709","0,012270","0,000726","0,015654",0,"55,358386","0,000000","0,001971","0,007275","0,002444"
0,"0,029280","0,015296","0,000677","0,016576",0,"61,829947","0,000000","0,002031","0,010499","0,002202"
0,"0,029105","0,013000","0,000703","0,016424",0,"59,232074","0,000000","0,001996","0,008322","0,002183"
0,"0,028261","0,013517","0,001625","0,014441",0,"57,843484","0,000000","0,002617","0,008071","0,002210"
0,"0,029504","0,010821","0,000848","0,015180",0,"56,352235","0,000000","0,001992","0,006127","0,002122"
0,"0,029564","0,011336","0,000674","0,016011",0,"57,584301","0,000000","0,002011","0,006335","0,002487"
0,"0,028745","0,013904","0,000701","0,016613",0,"59,962898","0,000000","0,002044","0,009115","0,002285"
0,"0,029061","0,012634","0,000692","0,014990",0,"57,377154","0,000000","0,002350","0,006258","0,003170"
0,"0,029370","0,012189","0,001448","0,013873",0,"56,881030","0,000000","0,002066","0,006780","0,002576"
0,"0,028907","0,015205","0,001200","0,013969",0,"59,281868","0,000000","0,002049","0,006882","0,005291"
0,"0,028851","0,011652","0,000811","0,013423",0,"54,736015","0,000000","0,001948","0,006953","0,002257"
0,"0,025506","0,012726","0,000618","0,014158",0,"53,007853","0,000000","0,002224","0,007266","0,002686"
0,"0,029172","0,013603","0,000673","0,015915",0,"59,362416","0,000000","0,001875","0,007565","0,003467"
0,"0,029684","0,013036","0,000613","0,014218",0,"57,551403","0,000000","0,002115","0,008154","0,002275"
0,"0,029348","0,011046","0,000699","0,013514",0,"54,607335","0,000000","0,001934","0,006459","0,002080"
0,"0,029812","0,011109","0,000688","0,013706",0,"55,315214","0,000000","0,002207","0,005835","0,002536"
0,"0,028162","0,011080","0,000630","0,013869",0,"53,740247","0,000000","0,002149","0,006411","0,002030"
0,"0,029069","0,012989","0,000725","0,015030",0,"57,812859","0,000000","0,002368","0,007665","0,002376"
0,"0,029071","0,013651","0,000603","0,014971",0,"58,295413","0,000000","0,002074","0,008254","0,002783"
0,"0,029056","0,015600","0,000837","0,014330",0,"59,822890","0,000000","0,001991","0,009918","0,003122"
0,"0,029231","0,014421","0,000616","0,014396",0,"58,664299","0,000000","0,002510","0,007497","0,003681"
0,"0,029242","0,013151","0,000697","0,015230",0,"58,319767","0,000000","0,001878","0,008087","0,002649"
0,"0,030136","0,012059","0,000891","0,016478",0,"59,563613","0,000000","0,001871","0,006975","0,002653"
0,"0,028140","0,016163","0,002045","0,018723",0,"65,071599","0,000000","0,002260","0,006909","0,005850"
0,"0,029207","0,012100","0,000778","0,017916",0,"60,000978","0,000000","0,001850","0,006688","0,002955"
0,"0,029349","0,015418","0,001795","0,018362",0,"64,923879","0,000000","0,002024","0,006504","0,005636"
0,"0,028756","0,012289","0,000772","0,018293",0,"60,109818","0,000000","0,002293","0,005717","0,003705"
0,"0,024739","0,015244","0,000656","0,018704",0,"59,343696","0,000000","0,003021","0,007768","0,003316"
0,"0,029264","0,012477","0,000688","0,015173",0,"57,602703","0,000000","0,002267","0,007572","0,002070"
0,"0,028796","0,012683","0,000639","0,020420",0,"62,538272","0,000000","0,002067","0,007280","0,002733"
0,"0,029144","0,013218","0,000775","0,021446",0,"64,583445","0,000000","0,002318","0,007469","0,002870"
0,"0,029971","0,016104","0,001508","0,022832",0,"70,415321","0,000000","0,002417","0,007025","0,005674"
0,"0,028702","0,017297","0,003377","0,024806",0,"74,182155","0,000000","0,002220","0,007742","0,006287"
0,"0,029198","0,016273","0,004852","0,024170",0,"74,493629","0,000000","0,001981","0,006594","0,006578"
0,"0,028838","0,018908","0,004759","0,023373",0,"75,878890","0,000000","0,004084","0,007602","0,006019"
0,"0,029328","0,015596","0,003633","0,024134",0,"72,690841","0,000000","0,002001","0,005692","0,005370"
0,"0,029240","0,017974","0,002618","0,024312",0,"74,144072","0,000000","0,002113","0,007917","0,005995"
0,"0,029249","0,014371","0,004171","0,024070",1,"71,860490","4,171209","0,002264","0,006010","0,004983"
0,"0,028144","0,012799","0,003588","0,022373",0,"66,903285","0,000000","0,002085","0,005656","0,004041"
0,"0,026030","0,012311","0,005434","0,021360",0,"65,134162","0,000000","0,001918","0,005710","0,003719"
0,"0,029408","0,014363","0,006287","0,018371",0,"68,429482","0,000000","0,001823","0,005706","0,004700"
0,"0,028717","0,013380","0,003990","0,020974",0,"67,060349","0,000000","0,001862","0,006443","0,004039"
0,"0,025235","0,013986","0,005299","0,021375",1,"65,893851","5,298631","0,002171","0,005905","0,004853"
0,"0,029259","0,013569","0,006637","0,023145",1,"72,610099","6,636754","0,001996","0,006031","0,004427"
0,"0,029378","0,017033","0,006445","0,023761",5,"76,617458","1,288974","0,002179","0,006533","0,005843"
0,"0,029672","0,014812","0,010157","0,024145",5,"78,786507","2,031390","0,001879","0,005670","0,004739"
0,"0,029854","0,018239","0,006443","0,024966",6,"79,502003","1,073793","0,002234","0,007539","0,006701"
0,"0,028550","0,016073","0,007733","0,024172",8,"76,527598","0,966586","0,002013","0,005771","0,005780"
0,"0,028715","0,012887","0,008524","0,023728",7,"73,853945","1,217691","0,001844","0,005787","0,004194"
0,"0,027913","0,015393","0,008372","0,024557",5,"76,233469","1,674321","0,002104","0,007701","0,004181"
0,"0,029058","0,016414","0,004483","0,023996",1,"73,951711","4,483355","0,001953","0,007650","0,005140"
0,"0,029178","0,022161","0,003868","0,023279",0,"78,485307","0,000000","0,002420","0,007887","0,008526"
0,"0,026388","0,019011","0,004436","0,016915",0,"66,749901","0,000000","0,002879","0,006893","0,007650"
0,"0,029378","0,027699","0,004001","0,023042",0,"84,120853","0,000000","0,003146","0,008477","0,007444"
0,"0,028926","0,014594","0,001855","0,021645",0,"67,020154","0,000000","0,002519","0,007648","0,003562"
0,"0,028276","0,013751","0,001789","0,023876",0,"67,693055","0,000000","0,002239","0,007159","0,003590"
0,"0,029304","0,013861","0,001868","0,020896",0,"65,928414","0,000000","0,001837","0,007273","0,003932"
0,"0,029157","0,014018","0,001820","0,020815",0,"65,809720","0,000000","0,001973","0,005931","0,005021"
0,"0,024606","0,015320","0,003831","0,022670",0,"66,427386","0,000000","0,003065","0,006404","0,004626"
0,"0,028643","0,013412","0,001923","0,020818",0,"64,795358","0,000000","0,002654","0,007983","0,002264"
0,"0,028972","0,014054","0,001603","0,019982",0,"64,609682","0,000000","0,002506","0,008055","0,002749"
0,"0,029109","0,017261","0,003652","0,019667",0,"69,688655","0,000000","0,002378","0,007492","0,005627"
0,"0,029153","0,014113","0,001327","0,021366",0,"65,957695","0,000000","0,002197","0,007892","0,003370"
0,"0,028985","0,017634","0,002031","0,021517",0,"70,167337","0,000000","0,002094","0,008556","0,005937"
0,"0,029400","0,013985","0,000908","0,017303",0,"61,595851","0,000000","0,001976","0,008446","0,002955"
0,"0,029058","0,012978","0,000765","0,022578",0,"65,378687","0,000000","0,002016","0,007328","0,003064"
0,"0,029203","0,012156","0,000679","0,022988",0,"65,026412","0,000000","0,001867","0,006691","0,003048"
0,"0,028691","0,011651","0,000747","0,021162",0,"62,250959","0,000000","0,002042","0,006519","0,002504"
0,"0,027812","0,015254","0,001334","0,020864",0,"65,264697","0,000000","0,002210","0,006403","0,005320"
0,"0,028857","0,016917","0,002039","0,022361",0,"70,173387","0,000000","0,003099","0,006862","0,005960"
0,"0,029260","0,013504","0,002828","0,020961",0,"66,553186","0,000000","0,002123","0,005713","0,004479"
0,"0,028554","0,014390","0,003747","0,025205",2,"71,896330","1,873289","0,002249","0,006755","0,004157"
0,"0,029264","0,012863","0,005111","0,024607",4,"71,845382","1,277639","0,001892","0,006100","0,003890"
0,"0,025343","0,014196","0,006156","0,024394",6,"70,089350","1,026047","0,001915","0,007142","0,004080"
0,"0,029228","0,013882","0,005610","0,023014",6,"71,733985","0,935044","0,002090","0,006884","0,003970"
0,"0,029301","0,015307","0,005193","0,023825",5,"73,625673","1,038515","0,001883","0,006678","0,004732"
0,"0,029335","0,015775","0,004067","0,019049",0,"68,226110","0,000000","0,002184","0,006573","0,004614"
0,"0,029242","0,016246","0,004406","0,024239",0,"74,133319","0,000000","0,002119","0,005636","0,005736"
0,"0,029015","0,014302","0,005342","0,022744",3,"71,402864","1,780537","0,002136","0,006387","0,004582"
0,"0,029236","0,015811","0,004487","0,023220",0,"72,754491","0,000000","0,002185","0,007711","0,004485"
0,"0,029190","0,016062","0,003727","0,022158",0,"71,136576","0,000000","0,002232","0,007900","0,004851"
0,"0,029211","0,017787","0,004219","0,022357",0,"73,574183","0,000000","0,002273","0,008342","0,005990"
0,"0,029232","0,016437","0,003932","0,023095",0,"72,696759","0,000000","0,002069","0,007330","0,005247"
0,"0,029259","0,012196","0,001988","0,021334",0,"64,777565","0,000000","0,002097","0,006704","0,002796"
0,"0,029217","0,013201","0,001735","0,021451",0,"65,603242","0,000000","0,002004","0,007958","0,002667"
0,"0,029372","0,012770","0,001688","0,020720",0,"64,549489","0,000000","0,002243","0,007026","0,002930"
0,"0,029123","0,011636","0,001659","0,019737",0,"62,156266","0,000000","0,001929","0,006654","0,002485"
0,"0,029301","0,012863","0,001491","0,019896",0,"63,549849","0,000000","0,001913","0,007278","0,003149"
0,"0,029307","0,015577","0,002911","0,016040",0,"63,835721","0,000000","0,001938","0,006479","0,005206"
0,"0,025175","0,014682","0,003568","0,020118",1,"63,543704","3,568327","0,001920","0,007577","0,004253"
0,"0,028850","0,016884","0,002677","0,019608",1,"68,018482","2,677237","0,002066","0,007641","0,005759"
0,"0,029381","0,016660","0,002513","0,019460",1,"68,013457","2,513036","0,002210","0,007505","0,005911"
0,"0,029478","0,015496","0,003181","0,020018",1,"68,172443","3,180817","0,001959","0,007281","0,005214"
0,"0,029311","0,016576","0,003455","0,021451",1,"70,793933","3,455265","0,001973","0,007890","0,005650"
0,"0,029296","0,013171","0,001371","0,021012",0,"64,849473","0,000000","0,001837","0,008158","0,002680"
0,"0,029572","0,013896","0,001191","0,020722",0,"65,380606","0,000000","0,001885","0,008014","0,003380"
0,"0,029024","0,012511","0,001166","0,020528",0,"63,228869","0,000000","0,001827","0,007367","0,002777"
0,"0,029411","0,012952","0,001227","0,020618",0,"64,207773","0,000000","0,002089","0,007526","0,002809"
0,"0,029441","0,012371","0,001191","0,023343",0,"66,345781","0,000000","0,001834","0,005636","0,004137"
0,"0,028730","0,014292","0,001230","0,021019",0,"65,271000","0,000000","0,002472","0,007118","0,004005"
0,"0,028958","0,010256","0,001287","0,019593",0,"60,093912","0,000000","0,002041","0,005652","0,002064"
0,"0,028392","0,010371","0,001256","0,021046",0,"61,065774","0,000000","0,001838","0,005700","0,002249"
0,"0,029256","0,010732","0,001388","0,020524",0,"61,900443","0,000000","0,002291","0,005792","0,002124"
0,"0,029237","0,010942","0,001513","0,024020",0,"65,712175","0,000000","0,001933","0,006348","0,002153"
0,"0,025230","0,011203","0,001519","0,023272",0,"61,222934","0,000000","0,001933","0,006620","0,002168"
0,"0,029244","0,011233","0,001327","0,024329",0,"66,132393","0,000000","0,001837","0,006830","0,002031"
0,"0,029243","0,010913","0,000816","0,030783",0,"71,754626","0,000000","0,001911","0,006023","0,002463"
0,"0,029435","0,012106","0,000658","0,025570",0,"67,769635","0,000000","0,001856","0,006512","0,003092"
0,"0,029251","0,013188","0,000701","0,025563",0,"68,704025","0,000000","0,002223","0,005636","0,004735"
0,"0,029128","0,012729","0,000711","0,024747",0,"67,315179","0,000000","0,002045","0,006611","0,003259"
0,"0,029083","0,011543","0,000890","0,024965",0,"66,481979","0,000000","0,002229","0,006469","0,002014"
0,"0,028729","0,016433","0,001389","0,026871",0,"73,421439","0,000000","0,001919","0,007687","0,005256"
0,"0,028319","0,012389","0,001015","0,017986",0,"59,708802","0,000000","0,002158","0,007117","0,002568"
0,"0,029030","0,016103","0,001247","0,020658",0,"67,037628","0,000000","0,002087","0,008210","0,004793"
0,"0,029145","0,012454","0,000727","0,021249",0,"63,575483","0,000000","0,001835","0,007358","0,002725"
0,"0,029366","0,013024","0,000702","0,022600",0,"65,692047","0,000000","0,001956","0,007879","0,002678"
0,"0,029378","0,013157","0,000690","0,019838",0,"63,063483","0,000000","0,001960","0,007175","0,003432"
0,"0,029024","0,012616","0,000674","0,019665",0,"61,978656","0,000000","0,001869","0,007524","0,002730"
0,"0,029337","0,013132","0,000659","0,020760",0,"63,888138","0,000000","0,001808","0,007468","0,003182"
0,"0,029378","0,017106","0,001224","0,023054",0,"70,761738","0,000000","0,002204","0,007029","0,006756"
0,"0,024506","0,012483","0,001299","0,021655",0,"59,942989","0,000000","0,002138","0,007678","0,002207"
0,"0,029099","0,013000","0,000765","0,022440",0,"65,303449","0,000000","0,002376","0,007634","0,002467"
0,"0,029087","0,012932","0,000825","0,022360",0,"65,203444","0,000000","0,002046","0,007596","0,002800"
0,"0,029176","0,013161","0,000699","0,026692",0,"69,728016","0,000000","0,002152","0,007792","0,002708"
0,"0,029340","0,011185","0,000649","0,020895",0,"62,068900","0,000000","0,002052","0,005877","0,002778"
0,"0,029292","0,015701","0,001276","0,023636",0,"69,904762","0,000000","0,001823","0,006947","0,005998"
0,"0,029415","0,016866","0,002387","0,022693",1,"71,361676","2,387045","0,002094","0,007552","0,006145"
0,"0,029194","0,011427","0,001662","0,022750",0,"65,032713","0,000000","0,002114","0,006525","0,002213"
0,"0,029210","0,011369","0,001326","0,022500",0,"64,405031","0,000000","0,001869","0,006442","0,002503"
0,"0,029298","0,012257","0,001225","0,022505",0,"65,284888","0,000000","0,001866","0,006823","0,002950"
0,"0,029203","0,011616","0,001298","0,022368",0,"64,485547","0,000000","0,001838","0,005742","0,003353"
0,"0,029011","0,015865","0,002220","0,023181",1,"70,277423","2,220380","0,001946","0,006541","0,005270"
0,"0,028883","0,012102","0,002518","0,024690",1,"68,193466","2,518061","0,001843","0,005660","0,003621"
0,"0,029041","0,013541","0,002422","0,023544",1,"68,548271","2,422279","0,001911","0,005589","0,003919"
0,"0,029236","0,010043","0,001561","0,023098",0,"63,938445","0,000000","0,001899","0,005593","0,002004"
0,"0,024708","0,010430","0,001418","0,021864",0,"58,419897","0,000000","0,001897","0,006031","0,001983"
0,"0,029294","0,010747","0,001306","0,019521",0,"60,867393","0,000000","0,001867","0,005963","0,002461"
0,"0,029324","0,012049","0,001309","0,021875",0,"64,557712","0,000000","0,001919","0,007438","0,002097"
0,"0,029457","0,013425","0,001274","0,020705",0,"64,860672","0,000000","0,001883","0,007454","0,003541"
0,"0,029317","0,017076","0,002668","0,021695",0,"70,756936","0,000000","0,001885","0,006593","0,006609"
0,"0,029262","0,015053","0,003040","0,019992",0,"67,346603","0,000000","0,001966","0,005626","0,005736"
0,"0,028670","0,012162","0,001331","0,019037",0,"61,200565","0,000000","0,002099","0,007202","0,002320"
0,"0,029255","0,015321","0,002709","0,022052",0,"69,337019","0,000000","0,001876","0,006956","0,004847"
0,"0,028982","0,016405","0,003156","0,019998",0,"68,541166","0,000000","0,002392","0,007468","0,004743"
0,"0,029024","0,016180","0,003237","0,020579",1,"69,019400","3,236661","0,002072","0,008056","0,004947"
0,"0,029332","0,017659","0,002586","0,022110",1,"71,687422","2,585520","0,002136","0,008280","0,006265"
0,"0,029358","0,012246","0,001455","0,024938",0,"67,996399","0,000000","0,001903","0,007078","0,002648"
0,"0,029471","0,013194","0,001325","0,020017",0,"64,006577","0,000000","0,002060","0,008020","0,002553"
0,"0,029301","0,013095","0,001203","0,016470",0,"60,070005","0,000000","0,002167","0,007832","0,002606"
0,"0,029294","0,013068","0,001273","0,021018",0,"64,652885","0,000000","0,002069","0,007862","0,002660"
0,"0,029330","0,012890","0,001213","0,020179",0,"63,612346","0,000000","0,002095","0,007522","0,002747"
0,"0,025209","0,014211","0,001396","0,019853",0,"60,669366","0,000000","0,002106","0,007693","0,003594"
0,"0,028883","0,013044","0,001329","0,018986",0,"62,241167","0,000000","0,001995","0,007750","0,002689"
0,"0,029147","0,012860","0,001365","0,020047",0,"63,419440","0,000000","0,002082","0,007657","0,002630"
0,"0,029159","0,016241","0,002828","0,021164",0,"69,392638","0,000000","0,001954","0,007288","0,005679"
0,"0,029265","0,011353","0,001571","0,021155",0,"63,343338","0,000000","0,001933","0,006791","0,002051"
0,"0,028755","0,012848","0,001343","0,022459",0,"65,404926","0,000000","0,002114","0,007581","0,002621"
0,"0,029324","0,013054","0,001178","0,021799",0,"65,355644","0,000000","0,001910","0,007998","0,002665"
0,"0,029563","0,012986","0,000657","0,023550",0,"66,755818","0,000000","0,002137","0,007611","0,002744"
0,"0,029420","0,012177","0,000613","0,022465",0,"64,675414","0,000000","0,001898","0,007167","0,002567"
0,"0,028825","0,011354","0,000670","0,019583",0,"60,431689","0,000000","0,001932","0,006518","0,002400"
0,"0,028361","0,011033","0,000665","0,021128",0,"61,187027","0,000000","0,002047","0,006081","0,002216"
0,"0,028374","0,017091","0,001368","0,022814",0,"69,645866","0,000000","0,002202","0,008128","0,005743"
0,"0,026434","0,012834","0,002071","0,021647",0,"62,984824","0,000000","0,001908","0,005709","0,004312"
0,"0,028654","0,012865","0,002384","0,021686",1,"65,588937","2,383684","0,002129","0,005636","0,004075"
0,"0,028523","0,012530","0,003233","0,023592",2,"67,878281","1,616490","0,001808","0,005733","0,003668"
0,"0,025060","0,010293","0,001331","0,023364",0,"60,047155","0,000000","0,002114","0,005653","0,002030"
0,"0,028978","0,013794","0,002763","0,025723",1,"71,257188","2,762810","0,002166","0,005978","0,004739"
0,"0,029249","0,012764","0,002860","0,024805",1,"69,677579","2,860351","0,001934","0,006005","0,003885"
0,"0,029233","0,015794","0,002594","0,024078",1,"71,699325","2,594321","0,002215","0,006141","0,006083"
0,"0,028772","0,017834","0,002749","0,024703",2,"74,057570","1,374461","0,002151","0,007128","0,007155"
0,"0,029326","0,011250","0,001317","0,025364",0,"67,256709","0,000000","0,001916","0,006412","0,002246"
0,"0,029102","0,014373","0,002679","0,021770",1,"67,923979","2,678613","0,002088","0,005659","0,004569"
0,"0,029024","0,016289","0,002669","0,025689",1,"73,670475","2,668533","0,001955","0,007358","0,004724"
0,"0,029072","0,011548","0,001494","0,025258",0,"67,371820","0,000000","0,002263","0,006633","0,002108"
0,"0,028917","0,013361","0,001553","0,024315",0,"68,147703","0,000000","0,002428","0,007830","0,002413"
0,"0,027945","0,013060","0,001799","0,023564",0,"66,369267","0,000000","0,002101","0,007693","0,002690"
0,"0,029426","0,014069","0,002520","0,022870",0,"68,885088","0,000000","0,002163","0,008194","0,003093"
0,"0,028981","0,019206","0,002887","0,022948",1,"74,022174","2,887105","0,003115","0,007339","0,006182"
0,"0,029146","0,017171","0,002722","0,025056",1,"74,094402","2,721784","0,003453","0,006692","0,006008"
0,"0,029473","0,012330","0,001278","0,022167",0,"65,248116","0,000000","0,002391","0,006678","0,002782"
0,"0,028864","0,012845","0,001314","0,021993",0,"65,016616","0,000000","0,002102","0,007412","0,002697"
0,"0,024138","0,014358","0,002539","0,020795",0,"61,830997","0,000000","0,002129","0,005710","0,004976"
0,"0,027500","0,011894","0,001430","0,019642",0,"60,465290","0,000000","0,001976","0,007286","0,002151"
0,"0,028483","0,013289","0,001363","0,020775",0,"63,910730","0,000000","0,002445","0,007710","0,002587"
0,"0,029149","0,013858","0,001428","0,022283",0,"66,718694","0,000000","0,002411","0,007592","0,003346"
0,"0,029083","0,013818","0,001541","0,020434",0,"64,876192","0,000000","0,002053","0,008096","0,002636"
0,"0,029248","0,013811","0,001215","0,020363",0,"64,637043","0,000000","0,002200","0,007750","0,003318"
0,"0,029276","0,012751","0,001219","0,021375",0,"64,620690","0,000000","0,001908","0,007109","0,003245"
0,"0,029147","0,013474","0,001217","0,021001",0,"64,839165","0,000000","0,001876","0,007917","0,003154"
0,"0,029320","0,012842","0,001302","0,020756",0,"64,218844","0,000000","0,002144","0,007512","0,002645"
0,"0,029216","0,011934","0,001230","0,020493",0,"62,872560","0,000000","0,002068","0,006743","0,002472"
0,"0,029403","0,012939","0,000679","0,019984",0,"63,004151","0,000000","0,001916","0,006995","0,003165"
0,"0,029146","0,010922","0,000659","0,018657",0,"59,383503","0,000000","0,001921","0,005731","0,002653"
0,"0,028751","0,016112","0,001145","0,018994",0,"65,002408","0,000000","0,002027","0,007463","0,004994"
0,"0,029201","0,012968","0,001849","0,018612",0,"62,630819","0,000000","0,002082","0,005633","0,004291"
0,"0,029258","0,010420","0,000757","0,015858",0,"56,294178","0,000000","0,001847","0,006052","0,002078"
0,"0,025123","0,011082","0,000730","0,019593",0,"56,527502","0,000000","0,001816","0,006776","0,001940"
0,"0,029273","0,013929","0,001207","0,019611",0,"64,018544","0,000000","0,002141","0,007085","0,003741"
0,"0,029208","0,010806","0,000726","0,019015",0,"59,755970","0,000000","0,001873","0,005923","0,002536"
0,"0,029265","0,014612","0,001554","0,020481",0,"65,912857","0,000000","0,002034","0,007870","0,003745"
0,"0,029300","0,010423","0,000994","0,021085",0,"61,801716","0,000000","0,001850","0,005669","0,002369"
0,"0,029390","0,011483","0,000675","0,020968",0,"62,516092","0,000000","0,001852","0,006734","0,002216"
0,"0,029072","0,015036","0,001850","0,022493",0,"68,451880","0,000000","0,001841","0,005731","0,005244"
0,"0,029264","0,011770","0,000820","0,021637",0,"63,491027","0,000000","0,002141","0,005672","0,001948"
0,"0,029074","0,015037","0,001336","0,021319",0,"66,766186","0,000000","0,002119","0,007323","0,004495"
0,"0,028932","0,017221","0,001924","0,021268",0,"69,345465","0,000000","0,001937","0,007701","0,006142"
0,"0,029179","0,016083","0,002227","0,021785",1,"69,274037","2,227037","0,002035","0,007742","0,005166"
0,"0,028505","0,017588","0,002911","0,024083",1,"73,086345","2,911170","0,002540","0,007816","0,005442"
0,"0,029237","0,019035","0,002571","0,028164",1,"79,007060","2,570511","0,002498","0,007491","0,006056"
0,"0,027700","0,017830","0,002448","0,024197",1,"72,176024","2,448457","0,001931","0,008363","0,006096"
0,"0,029126","0,016630","0,003542","0,024981",1,"74,279212","3,541925","0,001922","0,008089","0,005716"
0,"0,028933","0,017070","0,003632","0,023670",1,"73,304852","3,631946","0,002253","0,007855","0,005945"
0,"0,025347","0,014523","0,004002","0,027101",2,"70,972114","2,000816","0,002127","0,005818","0,005503"
0,"0,028629","0,010357","0,001473","0,024828",0,"65,286615","0,000000","0,001976","0,005893","0,002018"
0,"0,028868","0,013265","0,002595","0,026391",1,"71,119035","2,595056","0,001946","0,006603","0,003761"
0,"0,028921","0,012577","0,001369","0,027968",0,"70,834124","0,000000","0,002143","0,007682","0,002289"
0,"0,029165","0,016188","0,002848","0,023084",1,"71,284388","2,847999","0,002077","0,007990","0,004601"
0,"0,029254","0,015781","0,002399","0,022050",1,"69,484352","2,399014","0,002062","0,007874","0,004830"
0,"0,029356","0,018186","0,002436","0,022443",1,"72,420356","2,436072","0,002490","0,008022","0,006407"
0,"0,029146","0,018687","0,002703","0,019355",0,"69,890583","0,000000","0,001953","0,008697","0,006270"
0,"0,029339","0,014615","0,001405","0,025863",0,"71,222177","0,000000","0,002048","0,008239","0,003703"
0,"0,029258","0,017307","0,004185","0,021218",0,"71,968009","0,000000","0,002012","0,007420","0,006523"
0,"0,029248","0,017488","0,002538","0,026655",1,"75,928232","2,537710","0,001926","0,005993","0,008023"
0,"0,029294","0,010251","0,001361","0,020345",0,"61,251604","0,000000","0,001936","0,005664","0,002049"
0,"0,029429","0,012236","0,001137","0,020128",0,"62,929714","0,000000","0,001900","0,005788","0,003950"
0,"0,028891","0,011680","0,001205","0,019899",0,"61,674988","0,000000","0,002396","0,005742","0,003057"
0,"0,029037","0,014075","0,002358","0,020803",1,"66,272109","2,357572","0,002113","0,006204","0,004777"
0,"0,025344","0,013054","0,008448","0,020601",1,"67,447471","8,447799","0,002278","0,005812","0,003978"
0,"0,030043","0,013774","0,003376","0,020042",1,"67,235041","3,376284","0,002715","0,005661","0,004378"
0,"0,028302","0,014725","0,003225","0,021412",1,"67,664634","3,224916","0,002202","0,006879","0,004506"
0,"0,029319","0,010379","0,001466","0,019489",0,"60,652788","0,000000","0,001915","0,006015","0,001961"
0,"0,029270","0,018313","0,003025","0,018578",0,"69,186574","0,000000","0,002235","0,007185","0,007754"
0,"0,029456","0,014521","0,003550","0,021919",1,"69,446493","3,550182","0,002154","0,005775","0,004552"
0,"0,029306","0,017814","0,002883","0,020985",1,"70,987445","2,882881","0,002233","0,006588","0,007481"
0,"0,029195","0,018200","0,003142","0,022503",3,"73,039558","1,047237","0,002728","0,006460","0,005985"
0,"0,028883","0,016783","0,003161","0,021311",2,"70,137445","1,580568","0,002090","0,007824","0,004527"
0,"0,028835","0,017936","0,003338","0,021873",2,"71,981835","1,668893","0,002782","0,006912","0,005662"
0,"0,029168","0,016499","0,003518","0,021548",1,"70,733638","3,517988","0,002675","0,008011","0,004569"
0,"0,029073","0,017003","0,003530","0,022240",2,"71,847172","1,765059","0,002302","0,007681","0,005210"
0,"0,028580","0,012889","0,001872","0,021757",0,"65,097546","0,000000","0,001990","0,007752","0,002568"
0,"0,029258","0,018066","0,005615","0,023406",1,"76,344158","5,614681","0,002013","0,007564","0,006466"
0,"0,029679","0,012634","0,001472","0,021071",0,"64,856286","0,000000","0,001972","0,007007","0,003069"
0,"0,028500","0,011559","0,001342","0,022516",0,"63,916841","0,000000","0,001875","0,006929","0,002135"
0,"0,025054","0,010463","0,001429","0,019183",0,"56,130040","0,000000","0,002013","0,005766","0,002168"
0,"0,028888","0,016183","0,002604","0,020188",0,"67,862309","0,000000","0,001901","0,007607","0,004687"
0,"0,029014","0,014423","0,003417","0,020684",1,"67,537938","3,416766","0,002174","0,006749","0,004396"
0,"0,029064","0,018254","0,002770","0,023425",0,"73,513664","0,000000","0,002276","0,007789","0,006392"
0,"0,028992","0,013038","0,001762","0,020712",0,"64,503881","0,000000","0,002552","0,007840","0,002108"
0,"0,028402","0,014517","0,001666","0,019993",0,"64,578862","0,000000","0,002167","0,008348","0,003413"
0,"0,028556","0,012667","0,001442","0,021330",0,"63,996268","0,000000","0,002185","0,007299","0,002636"
0,"0,029273","0,013122","0,001327","0,019760",0,"63,481040","0,000000","0,001954","0,007979","0,002665"
0,"0,029917","0,013537","0,001411","0,020262",0,"65,127148","0,000000","0,001909","0,008492","0,002660"
0,"0,028468","0,017197","0,003775","0,018949",0,"68,388738","0,000000","0,001875","0,007771","0,006572"
0,"0,029320","0,016840","0,003260","0,019050",0,"68,470375","0,000000","0,001910","0,006720","0,007144"
0,"0,029509","0,011906","0,001236","0,020497",0,"63,149149","0,000000","0,001865","0,006625","0,002845"
0,"0,028854","0,010307","0,001372","0,019390",0,"59,922925","0,000000","0,001938","0,005695","0,002173"
0,"0,028585","0,016677","0,002597","0,020077",0,"67,935530","0,000000","0,002040","0,007088","0,005836"
0,"0,029072","0,012578","0,003029","0,020626",1,"65,305845","3,029417","0,001897","0,005674","0,003870"
0,"0,025199","0,010211","0,001527","0,019135",0,"56,072660","0,000000","0,002083","0,005697","0,001955"
0,"0,029279","0,011347","0,001360","0,019163",0,"61,149455","0,000000","0,002128","0,006802","0,001950"
0,"0,029272","0,011578","0,001290","0,018440",0,"60,579599","0,000000","0,002034","0,007033","0,001995"
0,"0,029173","0,012367","0,001182","0,018260",0,"60,981285","0,000000","0,001817","0,007668","0,002397"
0,"0,029257","0,010842","0,001285","0,019286",0,"60,670260","0,000000","0,001818","0,006547","0,001968"
0,"0,029373","0,012508","0,001181","0,020047",0,"63,108923","0,000000","0,001791","0,007451","0,002759"
0,"0,029250","0,010781","0,001284","0,019877",0,"61,192496","0,000000","0,001806","0,005683","0,002411"
0,"0,029031","0,011190","0,001311","0,020289",0,"61,820372","0,000000","0,001797","0,006328","0,002077"
0,"0,029114","0,010213","0,001324","0,020416",0,"61,067243","0,000000","0,001934","0,005737","0,002079"
0,"0,028927","0,012768","0,001285","0,019744",0,"62,723432","0,000000","0,002141","0,007337","0,002817"
0,"0,028876","0,012771","0,001236","0,022203",0,"65,085609","0,000000","0,001956","0,007793","0,002510"
0,"0,029286","0,013807","0,001818","0,021530",0,"66,440308","0,000000","0,002085","0,007697","0,003414"
0,"0,029126","0,013911","0,000912","0,021447",0,"65,395419","0,000000","0,002750","0,007886","0,002699"
0,"0,029246","0,013312","0,000741","0,022318",0,"65,616071","0,000000","0,002075","0,007888","0,002819"
0,"0,029420","0,013645","0,000684","0,023341",0,"67,089658","0,000000","0,001842","0,008244","0,003017"
0,"0,029132","0,013247","0,000722","0,022118",0,"65,219121","0,000000","0,002165","0,007808","0,002765"
0,"0,025296","0,009978","0,000770","0,021588",0,"57,630922","0,000000","0,001830","0,005699","0,001937"
0,"0,029061","0,016212","0,001174","0,021026",0,"67,473360","0,000000","0,001887","0,006951","0,005649"
0,"0,028899","0,010690","0,001135","0,020114",0,"60,838588","0,000000","0,001859","0,006406","0,001935"
0,"0,029538","0,015870","0,001244","0,020303",0,"66,954770","0,000000","0,002236","0,007789","0,004204"
0,"0,028857","0,016306","0,002101","0,020837",1,"68,100336","2,101173","0,002177","0,007700","0,004999"
0,"0,028624","0,018451","0,002612","0,018927",1,"68,613997","2,612082","0,002401","0,007802","0,006555"
0,"0,029536","0,012502","0,001441","0,020072",0,"63,551219","0,000000","0,002006","0,007410","0,002525"
0,"0,028941","0,013263","0,001277","0,020640",0,"64,121011","0,000000","0,002289","0,007826","0,002644"
0,"0,029174","0,013287","0,001345","0,020900",0,"64,706164","0,000000","0,001902","0,008244","0,002633"
0,"0,029105","0,013514","0,001258","0,021333",0,"65,209455","0,000000","0,001923","0,007957","0,002943"
0,"0,029153","0,013386","0,001233","0,021586",0,"65,357720","0,000000","0,002165","0,007362","0,003236"
0,"0,029205","0,012449","0,001244","0,023041",0,"65,939419","0,000000","0,002028","0,007514","0,002303"
0,"0,029676","0,011856","0,001277","0,022654",0,"65,463166","0,000000","0,001820","0,006617","0,002915"
0,"0,029341","0,012845","0,001302","0,022272",0,"65,760976","0,000000","0,002212","0,006775","0,003269"
0,"0,028328","0,011102","0,001249","0,022896",0,"63,574675","0,000000","0,001899","0,005936","0,002670"
0,"0,024548","0,010127","0,001321","0,023286",0,"59,281542","0,000000","0,002027","0,005671","0,001911"
0,"0,028134","0,011147","0,001342","0,024537",0,"65,159437","0,000000","0,002153","0,005671","0,001947"
0,"0,029304","0,010753","0,001216","0,020638",0,"61,911512","0,000000","0,002232","0,005751","0,002175"
0,"0,026870","0,010838","0,000700","0,023139",0,"61,547204","0,000000","0,001970","0,006352","0,001976"
0,"0,029140","0,010589","0,000651","0,023158",0,"63,537907","0,000000","0,001896","0,006012","0,002150"
0,"0,029105","0,012243","0,000661","0,022932",0,"64,940448","0,000000","0,001895","0,006159","0,003640"
0,"0,032238","0,013531","0,000759","0,023538",0,"70,066303","0,000000","0,002000","0,008294","0,002719"
0,"0,026292","0,011066","0,000735","0,024247",0,"62,339504","0,000000","0,001876","0,006252","0,002144"
0,"0,029113","0,012004","0,000726","0,024022",0,"65,865460","0,000000","0,002492","0,006516","0,002397"
0,"0,028562","0,011944","0,000746","0,023258",0,"64,510634","0,000000","0,001955","0,006383","0,002734"
0,"0,028443","0,013412","0,000779","0,026044",0,"68,677425","0,000000","0,001965","0,007877","0,002995"
0,"0,028060","0,013405","0,000708","0,024237",0,"66,410580","0,000000","0,002326","0,007752","0,002750"
0,"0,029178","0,013797","0,000835","0,023785",0,"67,594838","0,000000","0,002098","0,008221","0,002948"
0,"0,028506","0,013792","0,000786","0,023919",0,"67,003540","0,000000","0,002093","0,008137","0,003024"
0,"0,029323","0,012954","0,000768","0,018438",0,"61,483328","0,000000","0,001951","0,007534","0,002914"
0,"0,028325","0,013320","0,000674","0,022816",0,"65,135852","0,000000","0,001822","0,008400","0,002571"
0,"0,025144","0,010849","0,000666","0,020716",0,"57,374812","0,000000","0,001902","0,005631","0,002757"
0,"0,029023","0,011012","0,000782","0,025161",0,"65,977626","0,000000","0,001998","0,005745","0,002766"
0,"0,029239","0,010494","0,000787","0,021033",0,"61,553187","0,000000","0,002040","0,005813","0,002145"
0,"0,028380","0,011108","0,000792","0,021570",0,"61,850196","0,000000","0,002019","0,006478","0,002021"
0,"0,028968","0,012582","0,000701","0,021134",0,"63,386058","0,000000","0,001918","0,007691","0,002451"
0,"0,029157","0,012950","0,000796","0,021476",0,"64,378976","0,000000","0,002018","0,007825","0,002621"
0,"0,028991","0,012855","0,000653","0,021326",0,"63,825699","0,000000","0,002052","0,007472","0,002742"
0,"0,029308","0,012374","0,000636","0,021546",0,"63,864486","0,000000","0,001959","0,007820","0,002145"
0,"0,029187","0,013219","0,000739","0,026173",0,"69,318932","0,000000","0,002021","0,008097","0,002645"
0,"0,029238","0,013873","0,000647","0,028015",0,"71,773468","0,000000","0,001924","0,008476","0,002880"
0,"0,029219","0,013096","0,000658","0,025344",0,"68,316990","0,000000","0,001897","0,007952","0,002727"
0,"0,029195","0,013249","0,000673","0,024389",0,"67,505198","0,000000","0,001970","0,007507","0,003251"
0,"0,029079","0,011939","0,000710","0,021327",0,"63,055384","0,000000","0,001962","0,006080","0,003244"
0,"0,029190","0,010441","0,000818","0,022592",0,"63,040342","0,000000","0,001923","0,005843","0,002092"
0,"0,029062","0,010344","0,000772","0,022415",0,"62,593279","0,000000","0,001874","0,005846","0,002079"
0,"0,024561","0,010431","0,000737","0,023251",0,"58,980501","0,000000","0,001927","0,005844","0,001990"
0,"0,029000","0,010917","0,000656","0,023142",0,"63,714493","0,000000","0,001972","0,005686","0,002780"
0,"0,029275","0,010602","0,000709","0,022464",0,"63,049944","0,000000","0,002054","0,005745","0,002337"
0,"0,029331","0,010885","0,000782","0,022616",0,"63,614678","0,000000","0,001956","0,006122","0,002278"
0,"0,029205","0,012083","0,000720","0,022630",0,"64,637712","0,000000","0,002737","0,006470","0,002331"
0,"0,029249","0,011703","0,000656","0,021976",0,"63,583862","0,000000","0,002228","0,006091","0,002749"
0,"0,029277","0,012772","0,000703","0,023653",0,"66,404434","0,000000","0,002053","0,006550","0,003363"
0,"0,029330","0,012914","0,000616","0,022899",0,"65,759598","0,000000","0,001881","0,006700","0,003291"
0,"0,028936","0,012894","0,000771","0,021841",0,"64,441956","0,000000","0,002081","0,007441","0,002833"
0,"0,029142","0,011958","0,000675","0,020814",0,"62,589053","0,000000","0,002183","0,006347","0,002865"
0,"0,028804","0,011014","0,000763","0,022244",0,"62,824843","0,000000","0,002323","0,006074","0,002072"
0,"0,028850","0,013048","0,000656","0,021679",0,"64,232632","0,000000","0,001910","0,008013","0,002598"
0,"0,028909","0,013604","0,000734","0,022294",0,"65,540608","0,000000","0,002412","0,007955","0,002726"
0,"0,028658","0,013630","0,000836","0,025737",0,"68,861595","0,000000","0,002131","0,007734","0,003279"
0,"0,029233","0,015079","0,002157","0,028942",0,"75,410886","0,000000","0,003028","0,007849","0,003547"
0,"0,029290","0,014684","0,003345","0,023612",0,"70,931341","0,000000","0,002800","0,008559","0,002841"
0,"0,025279","0,011983","0,000739","0,024886",0,"62,887246","0,000000","0,002026","0,006481","0,002877"
0,"0,028616","0,010217","0,000844","0,025704",0,"65,380601","0,000000","0,001889","0,005684","0,002077"
0,"0,029248","0,010944","0,000720","0,023112",0,"64,024238","0,000000","0,002133","0,005708","0,002436"
0,"0,029168","0,012723","0,001042","0,021120",0,"64,053229","0,000000","0,002341","0,006644","0,003148"
0,"0,029204","0,011272","0,001080","0,018034",0,"59,590806","0,000000","0,002218","0,006435","0,002144"
0,"0,028248","0,013283","0,005733","0,020000",0,"67,263874","0,000000","0,002067","0,007945","0,002764"
0,"0,029552","0,013134","0,001061","0,020683",0,"64,429796","0,000000","0,002373","0,007957","0,002224"
0,"0,028606","0,012900","0,000656","0,028181",0,"70,342061","0,000000","0,002258","0,007502","0,002631"
0,"0,029279","0,012601","0,000707","0,023924",0,"66,511191","0,000000","0,001897","0,007437","0,002741"
0,"0,029276","0,012757","0,000671","0,022263",0,"64,965859","0,000000","0,001895","0,007517","0,002839"
0,"0,029281","0,012672","0,000662","0,021549",0,"64,164437","0,000000","0,001871","0,007595","0,002747"
0,"0,029292","0,012124","0,000699","0,021366",0,"63,480974","0,000000","0,001877","0,006979","0,002808"
0,"0,029222","0,012811","0,000649","0,021523",0,"64,204726","0,000000","0,001972","0,007714","0,002661"
0,"0,029358","0,012112","0,000734","0,021950",0,"64,154867","0,000000","0,001835","0,005632","0,003732"
0,"0,029251","0,011976","0,000668","0,020761",0,"62,655840","0,000000","0,001908","0,005605","0,003887"
0,"0,025022","0,013528","0,000715","0,019229",0,"58,494425","0,000000","0,002067","0,007894","0,002848"
0,"0,029245","0,010149","0,000743","0,019050",0,"59,186590","0,000000","0,001844","0,005699","0,002090"
0,"0,029331","0,011606","0,000839","0,023728",0,"65,504063","0,000000","0,002307","0,006656","0,002068"
0,"0,029283","0,010358","0,000780","0,027738",0,"68,159377","0,000000","0,001843","0,005738","0,002128"
0,"0,029280","0,010197","0,000738","0,025316",0,"65,531616","0,000000","0,001882","0,005854","0,001961"
0,"0,029270","0,010583","0,000792","0,024406",0,"65,050181","0,000000","0,002095","0,005939","0,002042"
0,"0,029264","0,010736","0,000645","0,024146",0,"64,789590","0,000000","0,002203","0,005875","0,002123"
0,"0,029349","0,012518","0,000727","0,023897",0,"66,491511","0,000000","0,001888","0,006745","0,003274"
0,"0,029347","0,010806","0,000753","0,023044",0,"63,949897","0,000000","0,002218","0,005557","0,002198"
0,"0,029323","0,011021","0,000681","0,023544",0,"64,568844","0,000000","0,002123","0,005664","0,002527"
0,"0,028959","0,013618","0,000701","0,023839",0,"67,117688","0,000000","0,002504","0,007054","0,003400"
0,"0,029214","0,015266","0,000738","0,023961",0,"69,178731","0,000000","0,002351","0,007938","0,004293"
0,"0,028920","0,012694","0,000691","0,021738",0,"64,042958","0,000000","0,002024","0,007985","0,002132"
0,"0,028659","0,013151","0,000872","0,022474",0,"65,156139","0,000000","0,002093","0,007982","0,002359"
0,"0,029153","0,013993","0,000810","0,022058",0,"66,013083","0,000000","0,002850","0,007972","0,002630"
0,"0,030044","0,013507","0,000723","0,022855",0,"67,128698","0,000000","0,002359","0,007560","0,003041"
0,"0,024428","0,014753","0,000705","0,022813",0,"62,700100","0,000000","0,002176","0,009178","0,002817"
0,"0,029135","0,015361","0,001267","0,023374",0,"69,137385","0,000000","0,001934","0,005658","0,005809"
0,"0,029127","0,016727","0,002415","0,022532",1,"70,800164","2,414566","0,001830","0,005635","0,007814"
0,"0,028882","0,010072","0,001528","0,020726",0,"61,208048","0,000000","0,001977","0,005634","0,001968"
0,"0,028928","0,015927","0,002487","0,025369",1,"72,711056","2,486794","0,002161","0,007046","0,004929"
0,"0,029220","0,017307","0,002524","0,022194",1,"71,245215","2,524365","0,003220","0,007550","0,004914"
0,"0,029152","0,020646","0,002462","0,020896",1,"73,156520","2,462121","0,002356","0,008251","0,008056"
0,"0,028859","0,012849","0,002862","0,019921",0,"64,491238","0,000000","0,002229","0,007460","0,002623"
0,"0,029231","0,016098","0,002623","0,018662",1,"66,613659","2,623346","0,002239","0,007810","0,005027"
0,"0,029300","0,016140","0,002638","0,019792",1,"67,869219","2,637971","0,002136","0,007161","0,005803"
0,"0,029305","0,017303","0,002778","0,019833",1,"69,219244","2,777786","0,001995","0,007954","0,006377"
0,"0,029257","0,016628","0,002459","0,019008",1,"67,351524","2,459369","0,002049","0,007427","0,006171"
0,"0,029379","0,016693","0,002343","0,019493",1,"67,907558","2,343299","0,002152","0,007255","0,006262"
0,"0,029286","0,019370","0,002468","0,021172",1,"72,296215","2,467945","0,002533","0,007661","0,007976"
0,"0,029069","0,010406","0,001497","0,020463",0,"61,435003","0,000000","0,002001","0,005659","0,002231"
0,"0,024961","0,015706","0,002550","0,020350",1,"63,567474","2,549934","0,002199","0,007814","0,004172"
0,"0,029172","0,010218","0,001286","0,021487",0,"62,162660","0,000000","0,001971","0,005714","0,002070"
0,"0,029088","0,010730","0,001334","0,019973",0,"61,125388","0,000000","0,001961","0,005667","0,002628"
0,"0,029144","0,011005","0,001367","0,020876",0,"62,391634","0,000000","0,002163","0,006299","0,002016"
0,"0,029185","0,011300","0,001327","0,020784",0,"62,595387","0,000000","0,002042","0,006769","0,002042"
0,"0,029321","0,012268","0,001280","0,020143",0,"63,012563","0,000000","0,002101","0,007113","0,002424"
0,"0,029288","0,012945","0,001273","0,021784",0,"65,289459","0,000000","0,002033","0,007851","0,002531"
0,"0,029281","0,012112","0,001304","0,022064",0,"64,761269","0,000000","0,002641","0,006120","0,002805"
0,"0,029003","0,015504","0,001213","0,022334",0,"68,054124","0,000000","0,002525","0,006621","0,005582"
0,"0,029066","0,012871","0,001301","0,022576",0,"65,814991","0,000000","0,002332","0,006492","0,002882"
0,"0,029061","0,010989","0,001194","0,022727",0,"63,970250","0,000000","0,001990","0,005692","0,002659"
0,"0,028906","0,011685","0,001329","0,022870",0,"64,790231","0,000000","0,001927","0,006883","0,002240"
0,"0,028744","0,012585","0,001326","0,021087",0,"63,741724","0,000000","0,002034","0,007639","0,002171"
0,"0,029140","0,013696","0,000760","0,021066",0,"64,662351","0,000000","0,002708","0,007709","0,002796"
0,"0,028916","0,012777","0,000744","0,020774",0,"63,209919","0,000000","0,002170","0,007462","0,002421"
0,"0,029237","0,013275","0,000715","0,021148",0,"64,374720","0,000000","0,002208","0,007882","0,002650"
0,"0,025376","0,011576","0,000681","0,022237",0,"59,869605","0,000000","0,001915","0,006088","0,002988"
0,"0,028922","0,013481","0,000715","0,021635",0,"64,753588","0,000000","0,001940","0,008573","0,002450"
0,"0,029479","0,013128","0,000693","0,022282",0,"65,581250","0,000000","0,001924","0,006503","0,004133"
0,"0,029063","0,016054","0,000695","0,022211",0,"68,023562","0,000000","0,004594","0,008201","0,002698"
0,"0,029031","0,013595","0,000780","0,021650",0,"65,055203","0,000000","0,003267","0,006087","0,003164"
0,"0,028708","0,013639","0,000730","0,021740",0,"64,816406","0,000000","0,002888","0,006374","0,003731"
0,"0,029312","0,013377","0,000708","0,022028",0,"65,425528","0,000000","0,002819","0,006386","0,003479"
0,"0,028095","0,012436","0,000806","0,023086",0,"64,422752","0,000000","0,003559","0,006070","0,002013"
0,"0,028106","0,014181","0,000800","0,021514",0,"64,601965","0,000000","0,002149","0,007874","0,003535"
0,"0,029193","0,016972","0,000799","0,021501",0,"68,466018","0,000000","0,002934","0,007857","0,005024"
0,"0,029287","0,016074","0,000729","0,021232",0,"67,321859","0,000000","0,002867","0,007581","0,004754"
0,"0,030460","0,012759","0,000904","0,021157",0,"65,279570","0,000000","0,002258","0,007334","0,002657"
0,"0,026752","0,013027","0,000727","0,022284",0,"62,790087","0,000000","0,002054","0,007660","0,002788"
0,"0,028596","0,012893","0,000872","0,020769",0,"63,130073","0,000000","0,001921","0,006901","0,003397"
0,"0,028304","0,013199","0,000757","0,022352",0,"64,612523","0,000000","0,002057","0,007755","0,002877"
0,"0,023697","0,012722","0,000785","0,021226",0,"58,430771","0,000000","0,002229","0,007802","0,002193"
0,"0,028853","0,014145","0,000789","0,020814",0,"64,601292","0,000000","0,002373","0,007799","0,003389"
0,"0,029281","0,010406","0,000763","0,020581",0,"61,031461","0,000000","0,001963","0,005680","0,002160"
0,"0,028834","0,011261","0,000779","0,021971",0,"62,844650","0,000000","0,001914","0,006349","0,002463"
0,"0,029302","0,011354","0,000714","0,020970",0,"62,339790","0,000000","0,002220","0,006266","0,002225"
0,"0,029129","0,011530","0,000774","0,020911",0,"62,344301","0,000000","0,002257","0,006057","0,002589"
0,"0,029211","0,011859","0,000691","0,020964",0,"62,725699","0,000000","0,002232","0,006578","0,002453"
0,"0,029054","0,013021","0,000683","0,021381",0,"64,139410","0,000000","0,002179","0,006586","0,003447"
0,"0,028991","0,013879","0,000701","0,021151",0,"64,721649","0,000000","0,002460","0,006786","0,003782"
0,"0,029134","0,013574","0,000815","0,020428",0,"63,950534","0,000000","0,002823","0,006517","0,003375"
0,"0,029048","0,012122","0,000679","0,020834",0,"62,683617","0,000000","0,001932","0,006249","0,003286"
0,"0,028794","0,011776","0,000747","0,023002",0,"64,318301","0,000000","0,001960","0,006694","0,002641"
0,"0,028905","0,010237","0,000739","0,024541",0,"64,422785","0,000000","0,002118","0,005704","0,001947"
0,"0,028878","0,013753","0,000722","0,022831",0,"66,183236","0,000000","0,002251","0,007946","0,003011"
0,"0,027693","0,012798","0,000740","0,032009",0,"73,240365","0,000000","0,002096","0,007502","0,002661"
0,"0,024316","0,011971","0,000770","0,026590",0,"63,647222","0,000000","0,001900","0,007239","0,002310"
0,"0,028874","0,013163","0,000693","0,026591",0,"69,321329","0,000000","0,001929","0,008443","0,002232"
0,"0,029135","0,013897","0,000771","0,023240",0,"67,043027","0,000000","0,001939","0,008238","0,003182"
0,"0,028766","0,010853","0,000687","0,022145",0,"62,450771","0,000000","0,002573","0,005634","0,002048"
0,"0,029242","0,010340","0,000704","0,021201",0,"61,485918","0,000000","0,001852","0,005755","0,002151"
0,"0,029301","0,011035","0,000701","0,020625",0,"61,661222","0,000000","0,002170","0,006054","0,002158"
0,"0,028883","0,010427","0,000812","0,022934",0,"63,054388","0,000000","0,001874","0,005835","0,002178"
0,"0,029191","0,011098","0,000683","0,024437",0,"65,408856","0,000000","0,002492","0,005830","0,002170"
0,"0,028964","0,011971","0,000651","0,024354",0,"65,939317","0,000000","0,003155","0,006083","0,002227"
0,"0,029134","0,016183","0,000726","0,025162",0,"71,204378","0,000000","0,003017","0,009747","0,002850"
0,"0,028989","0,012262","0,000782","0,023947",0,"65,980248","0,000000","0,003237","0,006256","0,002180"
0,"0,029085","0,014032","0,000761","0,023315",0,"67,193147","0,000000","0,002323","0,007259","0,003963"
0,"0,029112","0,013918","0,000762","0,024686",0,"68,478274","0,000000","0,001974","0,007358","0,004022"
0,"0,029111","0,012062","0,000668","0,023272",0,"65,112102","0,000000","0,002113","0,007019","0,002374"
0,"0,029052","0,013544","0,000702","0,021479",0,"64,777300","0,000000","0,002210","0,008292","0,002476"
0,"0,029109","0,010957","0,000820","0,023032",0,"63,918243","0,000000","0,001973","0,005804","0,002428"
0,"0,025051","0,015575","0,000928","0,029105",0,"70,658650","0,000000","0,002245","0,008126","0,003389"
0,"0,028994","0,010729","0,000834","0,020979",0,"61,536577","0,000000","0,002458","0,005673","0,002048"
0,"0,028385","0,011085","0,000692","0,020932",0,"61,093446","0,000000","0,002420","0,005767","0,002303"
0,"0,028421","0,011222","0,000722","0,022188",0,"62,553145","0,000000","0,002548","0,005772","0,002377"
0,"0,029006","0,018778","0,000781","0,022019",0,"70,583574","0,000000","0,002402","0,006598","0,004112"
0,"0,029060","0,013428","0,000850","0,021885",0,"65,222829","0,000000","0,002126","0,008268","0,002505"
0,"0,029168","0,012577","0,000679","0,022032",0,"64,456739","0,000000","0,002211","0,007102","0,002735"
0,"0,029040","0,012834","0,000693","0,023874",0,"66,440591","0,000000","0,002345","0,007053","0,002859"
0,"0,029130","0,011898","0,000741","0,022592",0,"64,361149","0,000000","0,002140","0,006525","0,002584"
0,"0,028972","0,016128","0,000719","0,021981",0,"67,799741","0,000000","0,002466","0,010564","0,002584"
0,"0,028355","0,013432","0,000870","0,022686",0,"65,344404","0,000000","0,002159","0,008165","0,002426"
0,"0,028900","0,015462","0,000726","0,021882",0,"66,968815","0,000000","0,003498","0,008760","0,002528"
0,"0,028718","0,014275","0,000716","0,021390",0,"65,098598","0,000000","0,002005","0,008058","0,003604"
0,"0,028903","0,013304","0,000874","0,021354",0,"64,434176","0,000000","0,002323","0,008042","0,002386"
0,"0,028670","0,012475","0,000753","0,021026",0,"62,923149","0,000000","0,002344","0,007172","0,002411"
0,"0,024922","0,011717","0,000754","0,021289",0,"58,683041","0,000000","0,001972","0,006786","0,002390"
0,"0,029144","0,013994","0,000661","0,024481",0,"68,279479","0,000000","0,001950","0,009117","0,002416"
0,"0,029051","0,013455","0,000636","0,021447",0,"64,589289","0,000000","0,002203","0,007722","0,002851"
0,"0,029223","0,013310","0,000708","0,020954",0,"64,195667","0,000000","0,001940","0,008253","0,002588"
0,"0,029283","0,013977","0,000686","0,021023",0,"64,969631","0,000000","0,001906","0,008568","0,002950"
0,"0,029182","0,014391","0,000751","0,021154",0,"65,477818","0,000000","0,002022","0,008522","0,003263"
0,"0,029029","0,013689","0,000842","0,021277",0,"64,835830","0,000000","0,002100","0,008264","0,002588"
0,"0,028969","0,013814","0,000755","0,020798",0,"64,335868","0,000000","0,002373","0,008284","0,002509"
0,"0,028497","0,015214","0,000702","0,023445",0,"67,859518","0,000000","0,002368","0,008059","0,004225"
0,"0,029135","0,012031","0,000814","0,022185",0,"64,164562","0,000000","0,002302","0,006967","0,002270"
0,"0,027687","0,010473","0,000705","0,021796",0,"60,661966","0,000000","0,002086","0,005811","0,002082"
0,"0,029230","0,012546","0,000640","0,020788",0,"63,203228","0,000000","0,001981","0,007331","0,002692"
0,"0,029133","0,012940","0,000699","0,020637",0,"63,409671","0,000000","0,001938","0,007926","0,002543"
0,"0,029874","0,012481","0,000797","0,022310",0,"65,461017","0,000000","0,002051","0,006876","0,003017"
0,"0,028282","0,015013","0,000770","0,021566",0,"65,630531","0,000000","0,002298","0,007764","0,004333"
0,"0,029365","0,013729","0,000744","0,022175",0,"66,013399","0,000000","0,001939","0,006655","0,004578"
0,"0,025120","0,010499","0,000663","0,021908",0,"58,190341","0,000000","0,002213","0,005712","0,002015"
0,"0,028927","0,012546","0,000815","0,021443",0,"63,731866","0,000000","0,002030","0,007966","0,002062"
0,"0,028779","0,013724","0,000716","0,020789",0,"64,008425","0,000000","0,002298","0,007719","0,003141"
0,"0,029133","0,012044","0,000782","0,020549",0,"62,507029","0,000000","0,001956","0,006616","0,002946"
0,"0,029524","0,011652","0,000660","0,020991",0,"62,827623","0,000000","0,002007","0,007023","0,002125"
0,"0,028764","0,011843","0,000672","0,020786",0,"62,066045","0,000000","0,002058","0,006545","0,002609"
0,"0,029219","0,012655","0,000675","0,021188",0,"63,736537","0,000000","0,001902","0,007293","0,002832"
0,"0,029155","0,012029","0,000679","0,021696",0,"63,559825","0,000000","0,001930","0,007094","0,002545"
0,"0,029394","0,012011","0,000654","0,021146",0,"63,205723","0,000000","0,001957","0,007216","0,002296"
0,"0,029188","0,011847","0,000717","0,025228",0,"66,979725","0,000000","0,002161","0,006525","0,002569"
0,"0,029322","0,010877","0,000728","0,022284",0,"63,211484","0,000000","0,002153","0,005625","0,002151"
0,"0,029086","0,011028","0,000743","0,021763",0,"62,619451","0,000000","0,002085","0,005657","0,002683"
0,"0,028809","0,010793","0,000683","0,021149",0,"61,432729","0,000000","0,001890","0,005710","0,002547"
0,"0,028910","0,012403","0,000729","0,020934",0,"62,975726","0,000000","0,002118","0,007727","0,002043"
0,"0,028859","0,012759","0,000725","0,021396",0,"63,739481","0,000000","0,001903","0,008008","0,002395"
0,"0,024644","0,012457","0,000710","0,021406",0,"59,217823","0,000000","0,002046","0,007246","0,002672"
0,"0,028895","0,012265","0,000664","0,022808",0,"64,631692","0,000000","0,001933","0,007454","0,002360"
0,"0,029153","0,012786","0,000743","0,022437",0,"65,118886","0,000000","0,001883","0,007787","0,002579"
0,"0,028755","0,014367","0,000880","0,023196",0,"67,198138","0,000000","0,002612","0,008537","0,002692"
0,"0,029194","0,010867","0,000648","0,021519",0,"62,227781","0,000000","0,001927","0,006002","0,002181"
0,"0,028956","0,011556","0,000645","0,021369",0,"62,526294","0,000000","0,002091","0,005772","0,003100"
0,"0,028994","0,011797","0,000696","0,021647",0,"63,133975","0,000000","0,002219","0,006705","0,002289"
0,"0,028696","0,010831","0,000745","0,021581",0,"61,852208","0,000000","0,002210","0,005790","0,002218"
0,"0,028883","0,012150","0,000700","0,021369",0,"63,101494","0,000000","0,001895","0,007655","0,002152"
0,"0,028960","0,012441","0,000790","0,022239",0,"64,431071","0,000000","0,001973","0,007733","0,002271"
0,"0,029149","0,013283","0,000841","0,023452",0,"66,725535","0,000000","0,002146","0,007944","0,002634"
0,"0,029298","0,012927","0,000949","0,023361",0,"66,534580","0,000000","0,002206","0,007372","0,002797"
0,"0,028488","0,012824","0,000652","0,023569",0,"65,533567","0,000000","0,002231","0,007024","0,002913"
0,"0,028983","0,013161","0,000752","0,024493",0,"67,388644","0,000000","0,001971","0,008088","0,002492"
0,"0,029158","0,012595","0,000720","0,023301",0,"65,773675","0,000000","0,001954","0,007288","0,002771"
0,"0,029166","0,012301","0,000708","0,023173",0,"65,347603","0,000000","0,001989","0,006528","0,003251"
0,"0,024991","0,010544","0,000647","0,021744",0,"57,925973","0,000000","0,001970","0,005739","0,002278"
0,"0,028677","0,014088","0,000740","0,022140",0,"65,644676","0,000000","0,002255","0,008533","0,002762"
0,"0,028996","0,015305","0,000691","0,028527",0,"73,517976","0,000000","0,003530","0,008681","0,002438"
0,"0,029171","0,012824","0,000768","0,023958",0,"66,721727","0,000000","0,002208","0,007753","0,002278"
0,"0,028656","0,011138","0,000731","0,024893",0,"65,418358","0,000000","0,002645","0,005831","0,002172"
0,"0,029014","0,012323","0,000721","0,024635",0,"66,692796","0,000000","0,002112","0,006769","0,002292"
0,"0,029090","0,012835","0,000741","0,024542",0,"67,209562","0,000000","0,001803","0,008162","0,002369"
0,"0,029211","0,013361","0,000761","0,021319",0,"64,652554","0,000000","0,001967","0,007676","0,002892"
0,"0,028927","0,014036","0,000805","0,019085",0,"62,852551","0,000000","0,002687","0,008490","0,002251"
0,"0,029238","0,016053","0,000726","0,021628",0,"67,645585","0,000000","0,003300","0,009415","0,002660"
0,"0,029097","0,014505","0,000646","0,018406",0,"62,653469","0,000000","0,002695","0,008562","0,002699"
0,"0,028889","0,014453","0,000726","0,019113",0,"63,180889","0,000000","0,002397","0,008513","0,002902"
0,"0,029849","0,014222","0,000679","0,017689",0,"62,438129","0,000000","0,002425","0,008362","0,002865"
0,"0,028522","0,012575","0,000721","0,020531",0,"62,349194","0,000000","0,002125","0,007029","0,002878"
0,"0,028978","0,013793","0,000755","0,043203",0,"86,729785","0,000000","0,002519","0,008100","0,002427"
0,"0,024500","0,012933","0,000740","0,026731",0,"64,903994","0,000000","0,002384","0,006916","0,002884"
0,"0,029165","0,013673","0,000910","0,020079",0,"63,826303","0,000000","0,002502","0,006742","0,003874"
0,"0,029219","0,013625","0,000738","0,018136",0,"61,718088","0,000000","0,004952","0,005960","0,002219"
0,"0,029134","0,013319","0,000932","0,018079",0,"61,464538","0,000000","0,002061","0,008598","0,002157"
0,"0,029189","0,013621","0,001085","0,018395",0,"62,291048","0,000000","0,002196","0,008215","0,002688"
0,"0,029227","0,011271","0,000712","0,018281",0,"59,491180","0,000000","0,001939","0,006491","0,002303"
0,"0,027292","0,011444","0,000693","0,033332",0,"72,761805","0,000000","0,002108","0,005897","0,002808"
0,"0,026805","0,009909","0,000890","0,023799",0,"61,403415","0,000000","0,001964","0,005633","0,001854"
0,"0,028997","0,012933","0,000720","0,028197",0,"70,847939","0,000000","0,002199","0,007948","0,002223"
0,"0,028815","0,014166","0,001542","0,031517",0,"76,040068","0,000000","0,002026","0,006713","0,004035"
0,"0,029027","0,016563","0,002698","0,026468",0,"74,756605","0,000000","0,002078","0,008039","0,005402"
0,"0,029353","0,014150","0,004563","0,028614",1,"76,678823","4,562814","0,002022","0,007170","0,003934"
0,"0,028997","0,015851","0,004858","0,032826",1,"82,531053","4,857550","0,001971","0,007043","0,005903"
0,"0,029182","0,015573","0,002700","0,028207",1,"75,662384","2,700022","0,001875","0,006313","0,006319"
0,"0,029078","0,016875","0,003336","0,025827",1,"75,115441","3,335930","0,002301","0,006663","0,006870"
0,"0,029244","0,017291","0,002895","0,024501",1,"73,931311","2,895233","0,002395","0,008587","0,004859"
0,"0,024568","0,015167","0,002354","0,024178",1,"66,266597","2,354371","0,002222","0,005650","0,005123"
0,"0,027911","0,015429","0,003921","0,024623",1,"71,883677","3,920570","0,002111","0,006569","0,004577"
0,"0,032876","0,016883","0,002782","0,021357",1,"73,897710","2,781595","0,002185","0,006446","0,006299"
0,"0,023973","0,017313","0,002450","0,022958",1,"66,693533","2,450344","0,002644","0,008252","0,005374"
0,"0,029052","0,013008","0,002686","0,023117",1,"67,862045","2,685813","0,001941","0,006243","0,003924"
0,"0,029161","0,012474","0,002411","0,026008",1,"70,053398","2,410598","0,002157","0,005603","0,003762"
0,"0,029050","0,010227","0,001398","0,024236",0,"64,911192","0,000000","0,002063","0,005645","0,001997"
0,"0,029040","0,013324","0,002361","0,022583",1,"67,308000","2,361124","0,001892","0,005851","0,004647"
0,"0,029318","0,012943","0,002325","0,023585",1,"68,169678","2,324705","0,001906","0,005851","0,003813"
0,"0,029259","0,013431","0,002376","0,028444",1,"73,510712","2,375556","0,001938","0,005963","0,003747"
0,"0,029862","0,018832","0,003034","0,021466",1,"73,193831","3,034217","0,001989","0,006650","0,007772"
0,"0,029049","0,016300","0,003329","0,026077",2,"74,754589","1,664492","0,001985","0,006500","0,005026"
0,"0,028582","0,013932","0,003127","0,025267",1,"70,909190","3,127086","0,001884","0,005863","0,004303"
0,"0,029022","0,015595","0,002677","0,021614",1,"68,907863","2,676885","0,002383","0,005851","0,005938"
0,"0,029067","0,020274","0,002834","0,019157",1,"71,332543","2,834366","0,002226","0,008477","0,007716"
0,"0,025242","0,017473","0,003311","0,021022",1,"67,047088","3,310616","0,002765","0,008209","0,005332"
0,"0,029420","0,015278","0,004665","0,020963",1,"70,326149","4,664643","0,002122","0,006989","0,005127"
0,"0,028952","0,012959","0,001655","0,021483",0,"65,048031","0,000000","0,001867","0,007875","0,002726"
0,"0,029252","0,016601","0,002986","0,022477",0,"71,316221","0,000000","0,001946","0,007563","0,006170"
0,"0,029095","0,017075","0,003792","0,023013",0,"72,975930","0,000000","0,002162","0,008004","0,005859"
0,"0,028979","0,011614","0,001504","0,021431",0,"63,527790","0,000000","0,001917","0,005830","0,003252"
0,"0,029341","0,015699","0,003028","0,024014",0,"72,083111","0,000000","0,002300","0,005730","0,005544"
0,"0,028848","0,015285","0,003285","0,026585",0,"74,002930","0,000000","0,001902","0,005752","0,005622"
0,"0,029330","0,013508","0,004099","0,023839",0,"70,776189","0,000000","0,002296","0,005718","0,004240"
0,"0,028390","0,017197","0,003264","0,029515",0,"78,365509","0,000000","0,002289","0,007669","0,005278"
0,"0,028649","0,013675","0,003434","0,022755",1,"68,513248","3,434271","0,002522","0,005792","0,003852"
0,"0,029444","0,012798","0,003017","0,021201",1,"66,461360","3,017416","0,002020","0,006133","0,003757"
0,"0,028895","0,013819","0,002857","0,020448",0,"66,019319","0,000000","0,002215","0,006140","0,003875"
0,"0,029124","0,011192","0,001409","0,020073",0,"61,796972","0,000000","0,002118","0,006333","0,002115"
0,"0,028845","0,012699","0,001238","0,020340",0,"63,122101","0,000000","0,001987","0,008104","0,002089"
0,"0,029209","0,012303","0,001236","0,020428",0,"63,176824","0,000000","0,001811","0,007726","0,002176"
0,"0,025147","0,010046","0,001428","0,019949",0,"56,570377","0,000000","0,001852","0,005628","0,001963"
0,"0,029144","0,015562","0,002807","0,020601",0,"68,114122","0,000000","0,002613","0,006863","0,004915"
0,"0,029138","0,013791","0,003260","0,020795",1,"66,983852","3,260278","0,001900","0,005699","0,003928"
0,"0,028982","0,010169","0,001489","0,019626",0,"60,265558","0,000000","0,002029","0,005668","0,001969"
0,"0,029143","0,011241","0,001429","0,020442",0,"62,255622","0,000000","0,001903","0,006797","0,002053"
0,"0,029037","0,011482","0,001339","0,022567",0,"64,424478","0,000000","0,002102","0,006855","0,002014"
0,"0,028266","0,012182","0,001302","0,021794",0,"63,542637","0,000000","0,001861","0,006879","0,002865"
0,"0,029082","0,011707","0,001293","0,018287",0,"60,370044","0,000000","0,001950","0,006529","0,002752"
0,"0,029156","0,011943","0,001213","0,019778",0,"62,089307","0,000000","0,001793","0,007553","0,002110"
0,"0,029171","0,011079","0,001226","0,020285",0,"61,761257","0,000000","0,002134","0,006323","0,002069"
0,"0,029218","0,015193","0,002412","0,021768",0,"68,591559","0,000000","0,001836","0,006491","0,005396"
0,"0,029292","0,011020","0,001310","0,021647",0,"63,269790","0,000000","0,001871","0,005791","0,002652"
0,"0,029326","0,011312","0,001314","0,022212",0,"64,163952","0,000000","0,002077","0,005592","0,003047"
0,"0,029039","0,011198","0,001243","0,022014",0,"63,493993","0,000000","0,002234","0,005729","0,002673"
0,"0,029073","0,011280","0,001266","0,021074",0,"62,693437","0,000000","0,001946","0,006430","0,002363"
0,"0,025050","0,013517","0,000673","0,022089",0,"61,328049","0,000000","0,001929","0,007720","0,003311"
0,"0,029239","0,016370","0,001549","0,022033",0,"69,189991","0,000000","0,001895","0,007529","0,006045"
0,"0,029187","0,017829","0,002563","0,022971",0,"72,550049","0,000000","0,001932","0,008304","0,006558"
0,"0,029347","0,016308","0,003084","0,022816",0,"71,553769","0,000000","0,001893","0,007095","0,006219"
0,"0,029258","0,015292","0,003601","0,018674",1,"66,826243","3,601320","0,001983","0,008061","0,004105"
0,"0,029243","0,016104","0,004927","0,021377",3,"71,650831","1,642417","0,001847","0,005627","0,005879"
0,"0,028098","0,018423","0,007655","0,022723",6,"76,899186","1,275836","0,002299","0,005800","0,006741"
0,"0,029122","0,015871","0,005703","0,021711",5,"72,407448","1,140531","0,001832","0,005618","0,005742"
0,"0,029144","0,013797","0,004397","0,023028",2,"70,366120","2,198746","0,001896","0,006274","0,004397"
0,"0,028909","0,015800","0,004413","0,022046",2,"71,167700","2,206379","0,002690","0,005765","0,005151"
0,"0,028847","0,018053","0,003750","0,023115",1,"73,765156","3,750256","0,002127","0,007912","0,004741"
0,"0,029240","0,016151","0,003465","0,022512",2,"71,367839","1,732608","0,002200","0,007640","0,005031"
0,"0,028911","0,016634","0,003469","0,022274",2,"71,287707","1,734560","0,002070","0,008057","0,004880"
0,"0,029154","0,015779","0,003781","0,023959",2,"72,673608","1,890521","0,001995","0,007265","0,005259"
0,"0,029284","0,015530","0,003639","0,022294",2,"70,746747","1,819445","0,001883","0,006328","0,005734"
0,"0,029010","0,016613","0,004063","0,022868",2,"72,554241","2,031521","0,001950","0,007435","0,005520"
0,"0,025241","0,016880","0,004192","0,019659",2,"65,972466","2,096020","0,001975","0,005697","0,006431"
0,"0,028908","0,018310","0,004537","0,021466",2,"73,220966","2,268607","0,002151","0,006300","0,007751"
0,"0,028894","0,014593","0,004313","0,021386",1,"69,185509","4,312816","0,002007","0,006193","0,004909"
0,"0,029177","0,015978","0,004162","0,021463",0,"70,780158","0,000000","0,002099","0,007797","0,004053"
0,"0,028971","0,015551","0,003767","0,021734",1,"70,022772","3,766514","0,002144","0,007602","0,004340"
0,"0,029019","0,012580","0,002862","0,023178",1,"67,638927","2,862271","0,001864","0,006171","0,003672"
0,"0,029263","0,010157","0,001443","0,021167",0,"62,031159","0,000000","0,001926","0,005707","0,001976"
0,"0,029072","0,010487","0,001477","0,021151",0,"62,186111","0,000000","0,001930","0,006044","0,002015"
0,"0,029138","0,010930","0,001428","0,020772",0,"62,267940","0,000000","0,001888","0,006480","0,001982"
0,"0,029220","0,011258","0,001339","0,020297",0,"62,114749","0,000000","0,001866","0,006843","0,001976"
0,"0,029267","0,013002","0,002613","0,021610",0,"66,491567","0,000000","0,001892","0,006354","0,003890"
0,"0,029309","0,016799","0,003568","0,021194",0,"70,870467","0,000000","0,002055","0,006477","0,006201"
0,"0,029242","0,017654","0,003854","0,018357",1,"69,106851","3,854423","0,001909","0,005632","0,007579"
0,"0,029133","0,015338","0,003676","0,022073",1,"70,219519","3,675725","0,002190","0,005605","0,004513"
0,"0,029161","0,014577","0,003101","0,021344",0,"68,183180","0,000000","0,002090","0,006170","0,004663"
0,"0,024952","0,016748","0,002891","0,021769",1,"66,359849","2,891457","0,002052","0,007537","0,005418"
0,"0,029073","0,015139","0,002958","0,020142",1,"67,311516","2,957572","0,001907","0,007124","0,005063"
0,"0,029236","0,015185","0,002586","0,020053",1,"67,060847","2,586384","0,001878","0,006799","0,005467"
0,"0,029216","0,016878","0,003290","0,021162",1,"70,545745","3,289655","0,001969","0,008069","0,005798"
0,"0,029213","0,016040","0,004182","0,021520",1,"70,956329","4,182441","0,001898","0,007383","0,005628"
0,"0,029216","0,019203","0,004010","0,022285",1,"74,714296","4,010239","0,003250","0,008284","0,006685"
0,"0,027815","0,016107","0,003630","0,021731",1,"69,282090","3,629513","0,002056","0,006649","0,005024"
0,"0,028842","0,017712","0,002614","0,022224",1,"71,391839","2,614289","0,002418","0,006519","0,007406"
0,"0,027307","0,015499","0,002544","0,020456",1,"65,806057","2,544301","0,002327","0,005640","0,005476"
0,"0,028891","0,015496","0,002521","0,018732",1,"65,640190","2,521004","0,002789","0,005742","0,004819"
0,"0,029038","0,021545","0,002607","0,021093",1,"74,283007","2,606577","0,006972","0,006980","0,006603"
0,"0,029040","0,015002","0,002741","0,021175",1,"67,957184","2,740664","0,002932","0,005996","0,004809"
0,"0,028106","0,017004","0,003140","0,022211",1,"70,460234","3,139758","0,002421","0,007824","0,005144"
0,"0,028649","0,018999","0,003615","0,021793",2,"73,054908","1,807316","0,002488","0,007854","0,006344"
0,"0,028925","0,013989","0,003546","0,021418",1,"67,878107","3,545989","0,002104","0,006421","0,004487"
0,"0,027697","0,013116","0,002780","0,022380",1,"65,972466","2,779674","0,001894","0,006132","0,004112"
0,"0,024787","0,014502","0,002908","0,021409",1,"63,605356","2,907585","0,001899","0,006587","0,004793"
0,"0,028880","0,020803","0,004158","0,024571",2,"78,412229","2,078867","0,002879","0,007728","0,007730"
0,"0,028844","0,015015","0,003839","0,023456",0,"71,152916","0,000000","0,002256","0,005751","0,004154"
0,"0,028828","0,010370","0,001742","0,022419",0,"63,360161","0,000000","0,001998","0,005727","0,002082"
0,"0,025355","0,013810","0,002358","0,023243",0,"64,766352","0,000000","0,002855","0,007729","0,002628"
0,"0,028551","0,015024","0,003036","0,019981",0,"66,592820","0,000000","0,002523","0,008379","0,003105"
0,"0,029238","0,016982","0,004993","0,025265",1,"76,477497","4,993077","0,002015","0,007671","0,005656"
0,"0,029104","0,016024","0,004942","0,024698",0,"74,768059","0,000000","0,002172","0,007193","0,005725"
0,"0,028726","0,016222","0,005229","0,031531",0,"81,707644","0,000000","0,001907","0,007267","0,005998"
0,"0,029344","0,016025","0,005759","0,026385",3,"77,513619","1,919648","0,001920","0,007360","0,005631"
0,"0,025368","0,015545","0,004669","0,026276",3,"71,858553","1,556460","0,001954","0,006734","0,005771"
0,"0,028896","0,016712","0,004463","0,026430",3,"76,501466","1,487688","0,002318","0,007044","0,006250"
0,"0,028527","0,015101","0,003979","0,026427",2,"74,034387","1,989615","0,001974","0,006549","0,005483"
0,"0,028171","0,010658","0,001632","0,026673",0,"67,133971","0,000000","0,001954","0,005655","0,002400"
0,"0,031308","0,014793","0,002985","0,027350",1,"76,436535","2,984646","0,001999","0,005752","0,005122"
0,"0,023078","0,015679","0,003661","0,027949",2,"70,367431","1,830470","0,002313","0,007578","0,004698"
0,"0,028624","0,017325","0,003652","0,026940",1,"76,541021","3,652395","0,002521","0,008193","0,005236"
0,"0,029002","0,015832","0,003657","0,023346",1,"71,837367","3,656940","0,002309","0,007112","0,005426"
0,"0,029184","0,015997","0,004268","0,025726",0,"75,174289","0,000000","0,001908","0,007717","0,005409"
0,"0,029060","0,016198","0,004783","0,025330",1,"75,371645","4,783146","0,001807","0,006818","0,005934"
0,"0,029459","0,012956","0,001712","0,023608",0,"67,735476","0,000000","0,002141","0,007497","0,002770"
0,"0,029058","0,015531","0,001459","0,023862",0,"69,910860","0,000000","0,001947","0,007156","0,005839"
0,"0,028789","0,010224","0,001737","0,026120",0,"66,869796","0,000000","0,001807","0,005630","0,002113"
0,"0,029226","0,015759","0,003015","0,025399",1,"73,399056","3,014952","0,002142","0,005799","0,005758"
0,"0,029702","0,010627","0,001715","0,025879",0,"67,923453","0,000000","0,001981","0,005643","0,002401"
0,"0,027257","0,012660","0,001687","0,025789",0,"67,391392","0,000000","0,001962","0,006506","0,002383"
0,"0,028507","0,015935","0,003502","0,028049",1,"75,992734","3,501826","0,001947","0,007642","0,004566"
0,"0,028938","0,012383","0,001817","0,026321",0,"69,459219","0,000000","0,002246","0,007647","0,001976"
0,"0,029032","0,015635","0,003016","0,027100",0,"74,782588","0,000000","0,002390","0,007859","0,004447"
0,"0,028866","0,015259","0,004101","0,024903",1,"73,128672","4,100740","0,002138","0,006274","0,005852"
0,"0,029282","0,016260","0,004055","0,028241",1,"77,838372","4,055457","0,001885","0,007252","0,006089"
0,"0,025360","0,016618","0,004799","0,029053",2,"75,829973","2,399350","0,001823","0,005915","0,006394"
0,"0,029098","0,017974","0,004814","0,026828",2,"78,714388","2,407062","0,002357","0,007395","0,005968"
0,"0,029035","0,017677","0,003385","0,027213",2,"77,310118","1,692334","0,001879","0,007444","0,006359"
0,"0,028725","0,015070","0,003661","0,026768",1,"74,222779","3,660651","0,002512","0,005638","0,005125"
0,"0,029300","0,013498","0,002260","0,026218",0,"71,275800","0,000000","0,002320","0,007918","0,002711"
0,"0,028897","0,012879","0,002860","0,025144",0,"69,780613","0,000000","0,002011","0,007603","0,002503"
0,"0,029154","0,015741","0,003225","0,026885",0,"75,005960","0,000000","0,002544","0,007931","0,004075"
0,"0,029593","0,012804","0,001616","0,027657",0,"71,670703","0,000000","0,001973","0,007771","0,002521"
0,"0,028752","0,015259","0,003114","0,028581",0,"75,707310","0,000000","0,002184","0,006812","0,005213"
0,"0,029174","0,015468","0,004614","0,025860",0,"75,116781","0,000000","0,002468","0,006569","0,005022"
0,"0,028509","0,012825","0,001537","0,025525",0,"68,395862","0,000000","0,002094","0,007303","0,002857"
0,"0,029158","0,015022","0,002973","0,028357",1,"75,510882","2,973061","0,001929","0,006545","0,005135"
0,"0,029225","0,012372","0,001630","0,026886",0,"70,114265","0,000000","0,002072","0,007226","0,002475"
0,"0,029047","0,013489","0,001654","0,026217",0,"70,406184","0,000000","0,002142","0,008370","0,002348"
0,"0,029153","0,014136","0,003018","0,026796",0,"73,102621","0,000000","0,002547","0,005776","0,004439"
0,"0,024719","0,017025","0,004005","0,025693",1,"71,441954","4,004735","0,002126","0,008337","0,004826"
0,"0,029242","0,012654","0,001972","0,025418",0,"69,287113","0,000000","0,002511","0,007355","0,002204"
0,"0,028909","0,017804","0,002991","0,025064",0,"74,768634","0,000000","0,002477","0,008402","0,005854"
0,"0,029119","0,016390","0,004400","0,027211",1,"77,120478","4,400437","0,001944","0,007741","0,005744"
0,"0,028771","0,016755","0,003303","0,025334",0,"74,164473","0,000000","0,001877","0,007016","0,006767"
0,"0,029230","0,012629","0,001601","0,027524",0,"70,983590","0,000000","0,001950","0,006991","0,003144"
0,"0,029064","0,012715","0,001556","0,028539",0,"71,872984","0,000000","0,001912","0,007874","0,002418"
0,"0,029289","0,016106","0,002740","0,026712",0,"74,845982","0,000000","0,002140","0,007567","0,005393"
0,"0,028858","0,011553","0,001530","0,026362",0,"68,302355","0,000000","0,002519","0,005772","0,002612"
0,"0,029455","0,013107","0,001375","0,032265",0,"76,202920","0,000000","0,002371","0,007058","0,003036"
0,"0,025756","0,011119","0,001498","0,033642",0,"72,014016","0,000000","0,002115","0,005861","0,002118"
0,"0,028850","0,016097","0,002883","0,026699",0,"74,528781","0,000000","0,003092","0,006572","0,004961"
0,"0,028870","0,013716","0,001495","0,025719",0,"69,800005","0,000000","0,002255","0,008326","0,002503"
0,"0,027719","0,012992","0,001589","0,030869",0,"73,168193","0,000000","0,002692","0,007094","0,002620"
0,"0,029219","0,014989","0,004429","0,024193",0,"72,830317","0,000000","0,001963","0,007796","0,004184"
0,"0,029330","0,013898","0,001667","0,026706",0,"71,600553","0,000000","0,003453","0,007334","0,002592"
0,"0,025344","0,013311","0,000779","0,025781",0,"65,214630","0,000000","0,002431","0,008055","0,002273"
0,"0,028493","0,012122","0,000731","0,025337",0,"66,683127","0,000000","0,002319","0,006806","0,002445"
0,"0,028665","0,013158","0,000896","0,025565",0,"68,283504","0,000000","0,001987","0,008121","0,002535"
0,"0,029191","0,017075","0,001499","0,024554",0,"72,318289","0,000000","0,002439","0,008276","0,004966"
0,"0,029092","0,013339","0,001057","0,025236",0,"68,724042","0,000000","0,002337","0,008159","0,002250"
0,"0,028993","0,016916","0,001205","0,025125",0,"72,238797","0,000000","0,002345","0,008286","0,005113"
0,"0,029235","0,013204","0,001006","0,026853",0,"70,297792","0,000000","0,002197","0,008214","0,002260"
0,"0,029247","0,016508","0,001218","0,028162",0,"75,135821","0,000000","0,002294","0,008048","0,004658"
0,"0,029119","0,016244","0,002230","0,026976",1,"74,569293","2,230203","0,002131","0,008133","0,004932"
0,"0,029141","0,011211","0,001407","0,027085",0,"68,844175","0,000000","0,002283","0,005947","0,002363"
0,"0,027740","0,010397","0,001392","0,022234",0,"61,762472","0,000000","0,001862","0,005965","0,002061"
0,"0,029134","0,012786","0,002702","0,023509",0,"68,130344","0,000000","0,001876","0,006070","0,003924"
0,"0,029284","0,012813","0,001351","0,023088",0,"66,535822","0,000000","0,001963","0,007986","0,002322"
0,"0,029323","0,013529","0,001381","0,023610",0,"67,843674","0,000000","0,002159","0,008252","0,002538"
0,"0,029291","0,012929","0,001404","0,024147",0,"67,770837","0,000000","0,001941","0,007603","0,002868"
0,"0,024937","0,012694","0,001385","0,021991",0,"61,006013","0,000000","0,002003","0,007943","0,002219"
0,"0,027860","0,013148","0,001499","0,023702",0,"66,209437","0,000000","0,002477","0,007933","0,002169"
0,"0,029184","0,012946","0,001346","0,023476",0,"66,952102","0,000000","0,002038","0,007763","0,002608"
0,"0,029239","0,012988","0,001589","0,025438",0,"69,254310","0,000000","0,001968","0,007843","0,002680"
0,"0,029200","0,013400","0,001477","0,027678",0,"71,754513","0,000000","0,001925","0,008163","0,002772"
0,"0,029242","0,012520","0,001338","0,025493",0,"68,592578","0,000000","0,001928","0,007260","0,002768"
0,"0,029227","0,011469","0,000733","0,025378",0,"66,806814","0,000000","0,001934","0,006760","0,002259"
0,"0,029126","0,016348","0,000923","0,025254",0,"71,651436","0,000000","0,002032","0,010237","0,003468"
0,"0,029074","0,012962","0,000802","0,025133",0,"67,971455","0,000000","0,002396","0,007455","0,002508"
0,"0,028241","0,016651","0,000705","0,028755",0,"74,351776","0,000000","0,002614","0,009358","0,003879"
0,"0,029759","0,012457","0,000906","0,028999",0,"72,121446","0,000000","0,002335","0,007240","0,002282"
0,"0,028071","0,013938","0,000972","0,030796",0,"73,776001","0,000000","0,002596","0,008078","0,002688"
0,"0,024945","0,011022","0,000864","0,018711",0,"55,542221","0,000000","0,002072","0,006288","0,002189"
0,"0,028818","0,013083","0,000927","0,023358",0,"66,185916","0,000000","0,002029","0,007542","0,002970"
0,"0,029124","0,014159","0,000875","0,025633",0,"69,791683","0,000000","0,002182","0,008546","0,002874"
0,"0,029267","0,012231","0,000751","0,023576",0,"65,825576","0,000000","0,002026","0,007072","0,002545"
0,"0,025256","0,012225","0,000736","0,024116",0,"62,332613","0,000000","0,002243","0,006837","0,002555"
0,"0,029284","0,010865","0,000733","0,022345",0,"63,228056","0,000000","0,001787","0,005730","0,002401"
0,"0,028991","0,011047","0,000793","0,021369",0,"62,200575","0,000000","0,002168","0,005804","0,002545"
0,"0,029022","0,011076","0,000718","0,021023",0,"61,838603","0,000000","0,002104","0,006204","0,002251"
0,"0,028851","0,011443","0,000767","0,021662",0,"62,723484","0,000000","0,002143","0,006518","0,002301"
0,"0,027812","0,011147","0,001143","0,021309",0,"61,412180","0,000000","0,001993","0,006154","0,002460"
0,"0,028324","0,013138","0,000727","0,020472",0,"62,660759","0,000000","0,002381","0,008039","0,002190"
0,"0,028909","0,010465","0,000770","0,023322",0,"63,465861","0,000000","0,001945","0,005702","0,002219"
0,"0,028208","0,010296","0,000678","0,017445",0,"56,626666","0,000000","0,001896","0,005704","0,002162"
0,"0,029297","0,011442","0,000723","0,020187",0,"61,649280","0,000000","0,002044","0,006804","0,002128"
0,"0,029096","0,010146","0,000876","0,020188",0,"60,306229","0,000000","0,001952","0,005785","0,001907"
0,"0,029124","0,013995","0,001298","0,019374",0,"63,791224","0,000000","0,001830","0,007618","0,003687"
0,"0,029064","0,010893","0,000909","0,020215",0,"61,081248","0,000000","0,001881","0,005937","0,002478"
0,"0,029323","0,016346","0,001283","0,019982",0,"66,934789","0,000000","0,001800","0,007477","0,006140"
0,"0,029162","0,016735","0,002162","0,020875",1,"68,933300","2,161784","0,002063","0,005719","0,007943"
0,"0,025190","0,019718","0,002722","0,021299",1,"68,928852","2,721623","0,002182","0,007610","0,008255"
0,"0,027590","0,016572","0,002462","0,020857",1,"67,481317","2,462377","0,002113","0,008469","0,004646"
0,"0,027967","0,016159","0,002632","0,021007",1,"67,765107","2,631954","0,002197","0,007751","0,005269"
0,"0,029158","0,018088","0,002443","0,020513",1,"70,201755","2,443175","0,002747","0,007703","0,006334"
0,"0,029207","0,014020","0,001450","0,020769",0,"65,445651","0,000000","0,001903","0,008207","0,003363"
0,"0,029218","0,012335","0,001341","0,018292",0,"61,184871","0,000000","0,001896","0,007055","0,002850"
0,"0,029184","0,012692","0,001330","0,019821",0,"63,026700","0,000000","0,001894","0,007916","0,002351"
0,"0,029525","0,013272","0,001457","0,020078",0,"64,331892","0,000000","0,002347","0,007999","0,002336"
0,"0,028605","0,012789","0,001347","0,019334",0,"62,076055","0,000000","0,002264","0,006641","0,003355"
0,"0,028902","0,012234","0,001504","0,019796",0,"62,436171","0,000000","0,001930","0,006755","0,003068"
0,"0,027697","0,012588","0,001386","0,022422",0,"64,093927","0,000000","0,001982","0,007174","0,002886"
0,"0,028238","0,012425","0,001460","0,022630",0,"64,753484","0,000000","0,002424","0,006492","0,002862"
0,"0,028286","0,015070","0,002599","0,020013",0,"65,968301","0,000000","0,002145","0,006964","0,004718"
0,"0,028957","0,015705","0,003488","0,020730",1,"68,879857","3,487682","0,002169","0,008029","0,004105"
0,"0,029090","0,013425","0,001520","0,022732",0,"66,766811","0,000000","0,002086","0,008009","0,002756"
0,"0,025555","0,012912","0,001438","0,021955",0,"61,860075","0,000000","0,002094","0,007465","0,002800"
0,"0,028739","0,012085","0,001242","0,020206",0,"62,272193","0,000000","0,002184","0,007005","0,002402"
0,"0,029085","0,014363","0,002518","0,017490",1,"63,456739","2,518092","0,002096","0,006978","0,004271"
0,"0,029097","0,014974","0,002485","0,021057",1,"67,613418","2,485482","0,001917","0,006925","0,004917"
0,"0,029057","0,015424","0,002671","0,022118",1,"69,270341","2,671412","0,002042","0,007116","0,005263"
0,"0,024581","0,013080","0,002980","0,040972",1,"81,612660","2,979686","0,001901","0,005827","0,004114"
0,"0,028935","0,011000","0,001466","0,022283",0,"63,683696","0,000000","0,002435","0,005779","0,002195"
0,"0,029047","0,014763","0,003354","0,029832",0,"76,995505","0,000000","0,002339","0,007143","0,004162"
0,"0,029029","0,019300","0,004164","0,034426",1,"86,920282","4,164295","0,002481","0,010179","0,005365"
0,"0,029111","0,014364","0,003593","0,031773",1,"78,841658","3,592903","0,002164","0,006392","0,004053"
0,"0,029114","0,014028","0,003257","0,023913",1,"70,312416","3,256853","0,002141","0,006829","0,004097"
0,"0,029243","0,015501","0,006601","0,042000",0,"93,345342","0,000000","0,003590","0,006648","0,004153"
0,"0,029558","0,015130","0,002138","0,029959",0,"76,784966","0,000000","0,003655","0,006850","0,003631"
0,"0,029936","0,017826","0,003241","0,031445",0,"82,447809","0,000000","0,002332","0,008372","0,005692"
0,"0,028642","0,017352","0,004289","0,021957",1,"72,240557","4,289135","0,002637","0,007482","0,006127"
0,"0,029127","0,019654","0,003665","0,023835",1,"76,280140","3,664844","0,002193","0,009594","0,006061"
0,"0,024917","0,017384","0,003521","0,024951",3,"70,772314","1,173622","0,002304","0,007680","0,005361"
0,"0,026581","0,015665","0,003687","0,025128",3,"71,060393","1,228996","0,001902","0,007132","0,004478"
0,"0,027024","0,018949","0,003306","0,024626",2,"73,904615","1,653100","0,003283","0,007782","0,005750"
0,"0,029041","0,015538","0,003193","0,025507",1,"73,279588","3,192881","0,001927","0,007675","0,004966"
